-- --------------------------------------------------------
-- Host:                         127.0.0.1
-- Versión del servidor:         5.7.33 - MySQL Community Server (GPL)
-- SO del servidor:              Win64
-- HeidiSQL Versión:             12.0.0.6468
-- --------------------------------------------------------

/*!40101 SET @OLD_CHARACTER_SET_CLIENT=@@CHARACTER_SET_CLIENT */;
/*!40101 SET NAMES utf8 */;
/*!50503 SET NAMES utf8mb4 */;
/*!40103 SET @OLD_TIME_ZONE=@@TIME_ZONE */;
/*!40103 SET TIME_ZONE='+00:00' */;
/*!40014 SET @OLD_FOREIGN_KEY_CHECKS=@@FOREIGN_KEY_CHECKS, FOREIGN_KEY_CHECKS=0 */;
/*!40101 SET @OLD_SQL_MODE=@@SQL_MODE, SQL_MODE='NO_AUTO_VALUE_ON_ZERO' */;
/*!40111 SET @OLD_SQL_NOTES=@@SQL_NOTES, SQL_NOTES=0 */;


-- Volcando estructura de base de datos para db_academico
CREATE DATABASE IF NOT EXISTS `db_academico` /*!40100 DEFAULT CHARACTER SET latin1 */;
USE `db_academico`;

-- Volcando estructura para tabla db_academico.aa_operacion
CREATE TABLE IF NOT EXISTS `aa_operacion` (
  `us_id` bigint(20) NOT NULL,
  `asis_id` int(11) NOT NULL,
  PRIMARY KEY (`us_id`,`asis_id`),
  KEY `aa_operacion_ibfk_2` (`asis_id`),
  CONSTRAINT `FK_aa_operacion_usuarios` FOREIGN KEY (`us_id`) REFERENCES `usuarios` (`us_id`) ON DELETE CASCADE ON UPDATE CASCADE,
  CONSTRAINT `aa_operacion_ibfk_2` FOREIGN KEY (`asis_id`) REFERENCES `asistencia_alumno` (`asis_id`) ON DELETE CASCADE ON UPDATE CASCADE
) ENGINE=InnoDB DEFAULT CHARSET=latin1;

-- Volcando datos para la tabla db_academico.aa_operacion: ~0 rows (aproximadamente)

-- Volcando estructura para tabla db_academico.ad_operacion
CREATE TABLE IF NOT EXISTS `ad_operacion` (
  `us_id` bigint(20) NOT NULL,
  `asis_id` int(11) NOT NULL,
  PRIMARY KEY (`us_id`,`asis_id`),
  KEY `ad_operacion_ibfk_2` (`asis_id`),
  CONSTRAINT `FK_ad_operacion_usuarios` FOREIGN KEY (`us_id`) REFERENCES `usuarios` (`us_id`) ON DELETE CASCADE ON UPDATE CASCADE,
  CONSTRAINT `ad_operacion_ibfk_2` FOREIGN KEY (`asis_id`) REFERENCES `asistencia_personal_academico` (`asis_id`) ON DELETE CASCADE ON UPDATE CASCADE
) ENGINE=InnoDB DEFAULT CHARSET=latin1;

-- Volcando datos para la tabla db_academico.ad_operacion: ~0 rows (aproximadamente)

-- Volcando estructura para tabla db_academico.alumno
CREATE TABLE IF NOT EXISTS `alumno` (
  `alu_id` int(11) NOT NULL AUTO_INCREMENT,
  `per_id` int(11) DEFAULT NULL,
  `apo_id` int(11) DEFAULT NULL,
  `name_libreta_notas` varchar(255) DEFAULT NULL,
  `name_ficha_matricula` varchar(255) DEFAULT NULL,
  `alu_estado` char(1) DEFAULT '0' COMMENT '1: Activo; 2:Inactivo; 3:Retirado',
  `is_deleted` char(1) DEFAULT '0' COMMENT '1: Eliminado; 0:No Eliminado',
  PRIMARY KEY (`alu_id`),
  KEY `R_5` (`per_id`),
  KEY `FK_alumno_apoderado` (`apo_id`),
  CONSTRAINT `FK_alumno_persona` FOREIGN KEY (`per_id`) REFERENCES `persona` (`per_id`) ON DELETE CASCADE ON UPDATE CASCADE
) ENGINE=InnoDB AUTO_INCREMENT=2143 DEFAULT CHARSET=latin1;

-- Volcando datos para la tabla db_academico.alumno: ~709 rows (aproximadamente)
INSERT INTO `alumno` (`alu_id`, `per_id`, `apo_id`, `name_libreta_notas`, `name_ficha_matricula`, `alu_estado`, `is_deleted`) VALUES
	(1434, 1845, 1090, NULL, NULL, '1', '0'),
	(1435, 1847, 1091, NULL, NULL, '1', '0'),
	(1436, 1849, 1092, NULL, NULL, '1', '0'),
	(1437, 1851, 1093, NULL, NULL, '1', '0'),
	(1438, 1853, 1094, NULL, NULL, '1', '0'),
	(1439, 1855, 1095, NULL, NULL, '1', '0'),
	(1440, 1857, 1096, NULL, NULL, '1', '0'),
	(1441, 1859, 1097, NULL, NULL, '1', '0'),
	(1442, 1861, 1098, NULL, NULL, '1', '0'),
	(1443, 1863, 1099, NULL, NULL, '1', '0'),
	(1444, 1865, 1100, NULL, NULL, '1', '0'),
	(1445, 1867, 1101, NULL, NULL, '1', '0'),
	(1446, 1869, 1102, NULL, NULL, '1', '0'),
	(1447, 1871, 1103, NULL, NULL, '1', '0'),
	(1448, 1873, 1104, NULL, NULL, '1', '0'),
	(1449, 1875, 1105, NULL, NULL, '1', '0'),
	(1450, 1877, 1106, NULL, NULL, '1', '0'),
	(1451, 1879, 1107, NULL, NULL, '1', '0'),
	(1452, 1881, 1108, NULL, NULL, '1', '0'),
	(1453, 1883, 1109, NULL, NULL, '1', '0'),
	(1454, 1885, 1110, NULL, NULL, '1', '0'),
	(1455, 1887, 1111, NULL, NULL, '1', '0'),
	(1456, 1889, 1112, NULL, NULL, '1', '0'),
	(1457, 1891, 1113, NULL, NULL, '1', '0'),
	(1458, 1893, 1114, NULL, NULL, '1', '0'),
	(1459, 1895, 1115, NULL, NULL, '1', '0'),
	(1460, 1897, 1116, NULL, NULL, '1', '0'),
	(1461, 1899, 1117, NULL, NULL, '1', '0'),
	(1462, 1901, 1118, NULL, NULL, '1', '0'),
	(1463, 1903, 1119, NULL, NULL, '1', '0'),
	(1464, 1905, 1120, NULL, NULL, '1', '0'),
	(1465, 1907, 1121, NULL, NULL, '1', '0'),
	(1466, 1909, 1122, NULL, NULL, '1', '0'),
	(1467, 1911, 1123, NULL, NULL, '1', '0'),
	(1468, 1913, 1124, NULL, NULL, '1', '0'),
	(1469, 1915, 1125, NULL, NULL, '1', '0'),
	(1470, 1917, 1126, NULL, NULL, '1', '0'),
	(1471, 1919, 1127, NULL, NULL, '1', '0'),
	(1472, 1921, 1128, NULL, NULL, '1', '0'),
	(1473, 1923, 1129, NULL, NULL, '1', '0'),
	(1474, 1925, 1130, NULL, NULL, '1', '0'),
	(1475, 1927, 1131, NULL, NULL, '1', '0'),
	(1476, 1929, 1132, NULL, NULL, '1', '0'),
	(1477, 1931, 1133, NULL, NULL, '1', '0'),
	(1478, 1933, 1134, NULL, NULL, '1', '0'),
	(1479, 1935, 1135, NULL, NULL, '1', '0'),
	(1480, 1937, 1136, NULL, NULL, '1', '0'),
	(1481, 1939, 1137, NULL, NULL, '1', '0'),
	(1482, 1941, 1138, NULL, NULL, '1', '0'),
	(1483, 1943, 1139, NULL, NULL, '1', '0'),
	(1484, 1945, 1140, NULL, NULL, '1', '0'),
	(1485, 1947, 1141, NULL, NULL, '1', '0'),
	(1486, 1949, 1142, NULL, NULL, '1', '0'),
	(1487, 1951, 1143, NULL, NULL, '1', '0'),
	(1488, 1953, 1144, NULL, NULL, '1', '0'),
	(1489, 1955, 1145, NULL, NULL, '1', '0'),
	(1490, 1957, 1146, NULL, NULL, '1', '0'),
	(1491, 1959, 1147, NULL, NULL, '1', '0'),
	(1492, 1961, 1148, NULL, NULL, '1', '0'),
	(1493, 1963, 1149, NULL, NULL, '1', '0'),
	(1494, 1965, 1150, NULL, NULL, '1', '0'),
	(1495, 1967, 1151, NULL, NULL, '1', '0'),
	(1496, 1969, 1152, NULL, NULL, '1', '0'),
	(1497, 1971, 1153, NULL, NULL, '1', '0'),
	(1498, 1973, 1154, NULL, NULL, '1', '0'),
	(1499, 1975, 1155, NULL, NULL, '1', '0'),
	(1500, 1977, 1156, NULL, NULL, '1', '0'),
	(1501, 1979, 1157, NULL, NULL, '1', '0'),
	(1502, 1981, 1158, NULL, NULL, '1', '0'),
	(1503, 1983, 1159, NULL, NULL, '1', '0'),
	(1504, 1985, 1160, NULL, NULL, '1', '0'),
	(1505, 1987, 1161, NULL, NULL, '1', '0'),
	(1506, 1989, 1162, NULL, NULL, '1', '0'),
	(1507, 1991, 1163, NULL, NULL, '1', '0'),
	(1508, 1993, 1164, NULL, NULL, '1', '0'),
	(1509, 1995, 1165, NULL, NULL, '1', '0'),
	(1510, 1997, 1166, NULL, NULL, '1', '0'),
	(1511, 1999, 1167, NULL, NULL, '1', '0'),
	(1512, 2001, 1168, NULL, NULL, '1', '0'),
	(1513, 2003, 1169, NULL, NULL, '1', '0'),
	(1514, 2005, 1170, NULL, NULL, '1', '0'),
	(1515, 2007, 1171, NULL, NULL, '1', '0'),
	(1516, 2009, 1172, NULL, NULL, '1', '0'),
	(1517, 2011, 1173, NULL, NULL, '1', '0'),
	(1518, 2013, 1174, NULL, NULL, '1', '0'),
	(1519, 2015, 1175, NULL, NULL, '1', '0'),
	(1520, 2017, 1176, NULL, NULL, '1', '0'),
	(1521, 2019, 1177, NULL, NULL, '1', '0'),
	(1522, 2021, 1178, NULL, NULL, '1', '0'),
	(1523, 2023, 1179, NULL, NULL, '1', '0'),
	(1524, 2025, 1180, NULL, NULL, '1', '0'),
	(1525, 2027, 1181, NULL, NULL, '1', '0'),
	(1526, 2029, 1182, NULL, NULL, '1', '0'),
	(1527, 2031, 1183, NULL, NULL, '1', '0'),
	(1528, 2033, 1184, NULL, NULL, '1', '0'),
	(1529, 2035, 1185, NULL, NULL, '1', '0'),
	(1530, 2037, 1186, NULL, NULL, '1', '0'),
	(1531, 2039, 1187, NULL, NULL, '1', '0'),
	(1532, 2041, 1188, NULL, NULL, '1', '0'),
	(1533, 2043, 1189, NULL, NULL, '1', '0'),
	(1534, 2045, 1190, NULL, NULL, '1', '0'),
	(1535, 2047, 1191, NULL, NULL, '1', '0'),
	(1536, 2049, 1192, NULL, NULL, '1', '0'),
	(1537, 2051, 1193, NULL, NULL, '1', '0'),
	(1538, 2053, 1194, NULL, NULL, '1', '0'),
	(1539, 2055, 1195, NULL, NULL, '1', '0'),
	(1540, 2057, 1196, NULL, NULL, '1', '0'),
	(1541, 2059, 1197, NULL, NULL, '1', '0'),
	(1542, 2061, 1198, NULL, NULL, '1', '0'),
	(1543, 2063, 1199, NULL, NULL, '1', '0'),
	(1544, 2065, 1200, NULL, NULL, '1', '0'),
	(1545, 2067, 1201, NULL, NULL, '1', '0'),
	(1546, 2069, 1202, NULL, NULL, '1', '0'),
	(1547, 2071, 1203, NULL, NULL, '1', '0'),
	(1548, 2073, 1204, NULL, NULL, '1', '0'),
	(1549, 2075, 1205, NULL, NULL, '1', '0'),
	(1550, 2077, 1206, NULL, NULL, '1', '0'),
	(1551, 2079, 1207, NULL, NULL, '1', '0'),
	(1552, 2081, 1208, NULL, NULL, '1', '0'),
	(1553, 2083, 1209, NULL, NULL, '1', '0'),
	(1554, 2085, 1210, NULL, NULL, '1', '0'),
	(1555, 2087, 1211, NULL, NULL, '1', '0'),
	(1556, 2089, 1212, NULL, NULL, '1', '0'),
	(1557, 2091, 1213, NULL, NULL, '1', '0'),
	(1558, 2093, 1214, NULL, NULL, '1', '0'),
	(1559, 2095, 1215, NULL, NULL, '1', '0'),
	(1560, 2097, 1216, NULL, NULL, '1', '0'),
	(1561, 2099, 1217, NULL, NULL, '1', '0'),
	(1562, 2101, 1218, NULL, NULL, '1', '0'),
	(1563, 2103, 1219, NULL, NULL, '1', '0'),
	(1564, 2105, 1220, NULL, NULL, '1', '0'),
	(1565, 2107, 1221, NULL, NULL, '1', '0'),
	(1566, 2109, 1222, NULL, NULL, '1', '0'),
	(1567, 2111, 1223, NULL, NULL, '1', '0'),
	(1568, 2113, 1224, NULL, NULL, '1', '0'),
	(1569, 2115, 1225, NULL, NULL, '1', '0'),
	(1570, 2117, 1226, NULL, NULL, '1', '0'),
	(1571, 2119, 1227, NULL, NULL, '1', '0'),
	(1572, 2121, 1228, NULL, NULL, '1', '0'),
	(1573, 2123, 1229, NULL, NULL, '1', '0'),
	(1574, 2125, 1230, NULL, NULL, '1', '0'),
	(1575, 2127, 1231, NULL, NULL, '1', '0'),
	(1576, 2129, 1232, NULL, NULL, '1', '0'),
	(1577, 2131, 1233, NULL, NULL, '1', '0'),
	(1578, 2133, 1234, NULL, NULL, '1', '0'),
	(1579, 2135, 1235, NULL, NULL, '1', '0'),
	(1580, 2137, 1236, NULL, NULL, '1', '0'),
	(1581, 2139, 1237, NULL, NULL, '1', '0'),
	(1582, 2141, 1238, NULL, NULL, '1', '0'),
	(1583, 2143, 1239, NULL, NULL, '1', '0'),
	(1584, 2145, 1240, NULL, NULL, '1', '0'),
	(1585, 2147, 1241, NULL, NULL, '1', '0'),
	(1586, 2149, 1242, NULL, NULL, '1', '0'),
	(1587, 2151, 1243, NULL, NULL, '1', '0'),
	(1588, 2153, 1244, NULL, NULL, '1', '0'),
	(1589, 2155, 1245, NULL, NULL, '1', '0'),
	(1590, 2157, 1246, NULL, NULL, '1', '0'),
	(1591, 2159, 1247, NULL, NULL, '1', '0'),
	(1592, 2161, 1248, NULL, NULL, '1', '0'),
	(1593, 2163, 1249, NULL, NULL, '1', '0'),
	(1594, 2165, 1250, NULL, NULL, '1', '0'),
	(1595, 2167, 1251, NULL, NULL, '1', '0'),
	(1596, 2169, 1252, NULL, NULL, '1', '0'),
	(1597, 2171, 1253, NULL, NULL, '1', '0'),
	(1598, 2173, 1254, NULL, NULL, '1', '0'),
	(1599, 2175, 1255, NULL, NULL, '1', '0'),
	(1600, 2177, 1256, NULL, NULL, '1', '0'),
	(1601, 2179, 1257, NULL, NULL, '1', '0'),
	(1602, 2181, 1258, NULL, NULL, '1', '0'),
	(1603, 2183, 1259, NULL, NULL, '1', '0'),
	(1604, 2185, 1260, NULL, NULL, '1', '0'),
	(1605, 2187, 1261, NULL, NULL, '1', '0'),
	(1606, 2189, 1262, NULL, NULL, '1', '0'),
	(1607, 2191, 1263, NULL, NULL, '1', '0'),
	(1608, 2193, 1264, NULL, NULL, '1', '0'),
	(1609, 2195, 1265, NULL, NULL, '1', '0'),
	(1610, 2197, 1266, NULL, NULL, '1', '0'),
	(1611, 2199, 1267, NULL, NULL, '1', '0'),
	(1612, 2201, 1268, NULL, NULL, '1', '0'),
	(1613, 2203, 1269, NULL, NULL, '1', '0'),
	(1614, 2205, 1270, NULL, NULL, '1', '0'),
	(1615, 2207, 1271, NULL, NULL, '1', '0'),
	(1616, 2209, 1272, NULL, NULL, '1', '0'),
	(1617, 2211, 1273, NULL, NULL, '1', '0'),
	(1618, 2213, 1274, NULL, NULL, '1', '0'),
	(1619, 2215, 1275, NULL, NULL, '1', '0'),
	(1620, 2217, 1276, NULL, NULL, '1', '0'),
	(1621, 2219, 1277, NULL, NULL, '1', '0'),
	(1622, 2221, 1278, NULL, NULL, '1', '0'),
	(1623, 2223, 1279, NULL, NULL, '1', '0'),
	(1624, 2225, 1280, NULL, NULL, '1', '0'),
	(1625, 2227, 1281, NULL, NULL, '1', '0'),
	(1626, 2229, 1282, NULL, NULL, '1', '0'),
	(1627, 2231, 1283, NULL, NULL, '1', '0'),
	(1628, 2233, 1284, NULL, NULL, '1', '0'),
	(1629, 2235, 1285, NULL, NULL, '1', '0'),
	(1630, 2237, 1286, NULL, NULL, '1', '0'),
	(1631, 2239, 1287, NULL, NULL, '1', '0'),
	(1632, 2241, 1288, NULL, NULL, '1', '0'),
	(1633, 2243, 1289, NULL, NULL, '1', '0'),
	(1634, 2245, 1290, NULL, NULL, '1', '0'),
	(1635, 2247, 1291, NULL, NULL, '1', '0'),
	(1636, 2249, 1292, NULL, NULL, '1', '0'),
	(1637, 2251, 1293, NULL, NULL, '1', '0'),
	(1638, 2253, 1294, NULL, NULL, '1', '0'),
	(1639, 2255, 1295, NULL, NULL, '1', '0'),
	(1640, 2257, 1296, NULL, NULL, '1', '0'),
	(1641, 2259, 1297, NULL, NULL, '1', '0'),
	(1642, 2261, 1298, NULL, NULL, '1', '0'),
	(1643, 2263, 1299, NULL, NULL, '1', '0'),
	(1644, 2265, 1215, NULL, NULL, '1', '0'),
	(1645, 2266, 1300, NULL, NULL, '1', '0'),
	(1646, 2268, 1301, NULL, NULL, '1', '0'),
	(1647, 2270, 1302, NULL, NULL, '1', '0'),
	(1648, 2272, 1303, NULL, NULL, '1', '0'),
	(1649, 2274, 1304, NULL, NULL, '1', '0'),
	(1650, 2276, 1305, NULL, NULL, '1', '0'),
	(1651, 2278, 1306, NULL, NULL, '1', '0'),
	(1652, 2280, 1307, NULL, NULL, '1', '0'),
	(1653, 2282, 1308, NULL, NULL, '1', '0'),
	(1654, 2284, 1309, NULL, NULL, '1', '0'),
	(1655, 2286, 1310, NULL, NULL, '1', '0'),
	(1656, 2288, 1311, NULL, NULL, '1', '0'),
	(1657, 2290, 1312, NULL, NULL, '1', '0'),
	(1658, 2292, 1313, NULL, NULL, '1', '0'),
	(1659, 2294, 1314, NULL, NULL, '1', '0'),
	(1660, 2296, 1315, NULL, NULL, '1', '0'),
	(1661, 2298, 1316, NULL, NULL, '1', '0'),
	(1662, 2300, 1317, NULL, NULL, '1', '0'),
	(1663, 2302, 1318, NULL, NULL, '1', '0'),
	(1664, 2304, 1319, NULL, NULL, '1', '0'),
	(1665, 2306, 1320, NULL, NULL, '1', '0'),
	(1666, 2308, 1321, NULL, NULL, '1', '0'),
	(1667, 2310, 1322, NULL, NULL, '1', '0'),
	(1668, 2312, 1323, NULL, NULL, '1', '0'),
	(1669, 2314, 1324, NULL, NULL, '1', '0'),
	(1670, 2316, 1325, NULL, NULL, '1', '0'),
	(1671, 2318, 1326, NULL, NULL, '1', '0'),
	(1672, 2320, 1327, NULL, NULL, '1', '0'),
	(1673, 2322, 1328, NULL, NULL, '1', '0'),
	(1674, 2324, 1329, NULL, NULL, '1', '0'),
	(1675, 2326, 1330, NULL, NULL, '1', '0'),
	(1676, 2328, 1331, NULL, NULL, '1', '0'),
	(1677, 2330, 1332, NULL, NULL, '1', '0'),
	(1678, 2332, 1333, NULL, NULL, '1', '0'),
	(1679, 2334, 1334, NULL, NULL, '1', '0'),
	(1680, 2336, 1335, NULL, NULL, '1', '0'),
	(1681, 2338, 1336, NULL, NULL, '1', '0'),
	(1682, 2340, 1337, NULL, NULL, '1', '0'),
	(1683, 2342, 1338, NULL, NULL, '1', '0'),
	(1684, 2344, 1339, NULL, NULL, '1', '0'),
	(1685, 2346, 1340, NULL, NULL, '1', '0'),
	(1686, 2348, 1341, NULL, NULL, '1', '0'),
	(1687, 2350, 1342, NULL, NULL, '1', '0'),
	(1688, 2352, 1343, NULL, NULL, '1', '0'),
	(1689, 2354, 1344, NULL, NULL, '1', '0'),
	(1690, 2356, 1345, NULL, NULL, '1', '0'),
	(1691, 2358, 1346, NULL, NULL, '1', '0'),
	(1692, 2360, 1347, NULL, NULL, '1', '0'),
	(1693, 2362, 1348, NULL, NULL, '1', '0'),
	(1694, 2364, 1349, NULL, NULL, '1', '0'),
	(1695, 2366, 1350, NULL, NULL, '1', '0'),
	(1696, 2368, 1093, NULL, NULL, '1', '0'),
	(1697, 2369, 1351, NULL, NULL, '1', '0'),
	(1698, 2371, 1352, NULL, NULL, '1', '0'),
	(1699, 2373, 1353, NULL, NULL, '1', '0'),
	(1700, 2375, 1354, NULL, NULL, '1', '0'),
	(1701, 2377, 1355, NULL, NULL, '1', '0'),
	(1702, 2379, 1356, NULL, NULL, '1', '0'),
	(1703, 2381, 1357, NULL, NULL, '1', '0'),
	(1704, 2383, 1358, NULL, NULL, '1', '0'),
	(1705, 2385, 1359, NULL, NULL, '1', '0'),
	(1706, 2387, 1360, NULL, NULL, '1', '0'),
	(1707, 2389, 1361, NULL, NULL, '1', '0'),
	(1708, 2391, 1362, NULL, NULL, '1', '0'),
	(1709, 2393, 1363, NULL, NULL, '1', '0'),
	(1710, 2395, 1364, NULL, NULL, '1', '0'),
	(1711, 2397, 1365, NULL, NULL, '1', '0'),
	(1712, 2399, 1366, NULL, NULL, '1', '0'),
	(1713, 2401, 1367, NULL, NULL, '1', '0'),
	(1714, 2403, 1368, NULL, NULL, '1', '0'),
	(1715, 2405, 1369, NULL, NULL, '1', '0'),
	(1716, 2407, 1370, NULL, NULL, '1', '0'),
	(1717, 2409, 1371, NULL, NULL, '1', '0'),
	(1718, 2411, 1372, NULL, NULL, '1', '0'),
	(1719, 2413, 1373, NULL, NULL, '1', '0'),
	(1720, 2415, 1374, NULL, NULL, '1', '0'),
	(1721, 2417, 1375, NULL, NULL, '1', '0'),
	(1722, 2419, 1376, NULL, NULL, '1', '0'),
	(1723, 2421, 1377, NULL, NULL, '1', '0'),
	(1724, 2423, 1378, NULL, NULL, '1', '0'),
	(1725, 2425, 1379, NULL, NULL, '1', '0'),
	(1726, 2427, 1380, NULL, NULL, '1', '0'),
	(1727, 2429, 1381, NULL, NULL, '1', '0'),
	(1728, 2431, 1382, NULL, NULL, '1', '0'),
	(1729, 2433, 1383, NULL, NULL, '1', '0'),
	(1730, 2435, 1384, NULL, NULL, '1', '0'),
	(1731, 2437, 1385, NULL, NULL, '1', '0'),
	(1732, 2439, 1138, NULL, NULL, '1', '0'),
	(1733, 2440, 1386, NULL, NULL, '1', '0'),
	(1734, 2442, 1387, NULL, NULL, '1', '0'),
	(1735, 2444, 1388, NULL, NULL, '1', '0'),
	(1736, 2446, 1389, NULL, NULL, '1', '0'),
	(1737, 2448, 1390, NULL, NULL, '1', '0'),
	(1738, 2450, 1391, NULL, NULL, '1', '0'),
	(1739, 2452, 1392, NULL, NULL, '1', '0'),
	(1740, 2454, 1393, NULL, NULL, '1', '0'),
	(1741, 2456, 1394, NULL, NULL, '1', '0'),
	(1742, 2458, 1395, NULL, NULL, '1', '0'),
	(1743, 2460, 1396, NULL, NULL, '1', '0'),
	(1744, 2462, 1397, NULL, NULL, '1', '0'),
	(1745, 2464, 1398, NULL, NULL, '1', '0'),
	(1746, 2466, 1399, NULL, NULL, '1', '0'),
	(1747, 2468, 1400, NULL, NULL, '1', '0'),
	(1748, 2470, 1401, NULL, NULL, '1', '0'),
	(1749, 2472, 1402, NULL, NULL, '1', '0'),
	(1750, 2474, 1403, NULL, NULL, '1', '0'),
	(1751, 2476, 1404, NULL, NULL, '1', '0'),
	(1752, 2478, 1405, NULL, NULL, '1', '0'),
	(1753, 2480, 1406, NULL, NULL, '1', '0'),
	(1754, 2482, 1407, NULL, NULL, '1', '0'),
	(1755, 2484, 1408, NULL, NULL, '1', '0'),
	(1756, 2486, 1184, NULL, NULL, '1', '0'),
	(1757, 2487, 1409, NULL, NULL, '1', '0'),
	(1758, 2489, 1410, NULL, NULL, '1', '0'),
	(1759, 2491, 1411, NULL, NULL, '1', '0'),
	(1760, 2493, 1412, NULL, NULL, '1', '0'),
	(1761, 2495, 1413, NULL, NULL, '1', '0'),
	(1762, 2497, 1414, NULL, NULL, '1', '0'),
	(1763, 2499, 1415, NULL, NULL, '1', '0'),
	(1764, 2501, 1416, NULL, NULL, '1', '0'),
	(1765, 2503, 1417, NULL, NULL, '1', '0'),
	(1766, 2505, 1418, NULL, NULL, '1', '0'),
	(1767, 2507, 1419, NULL, NULL, '1', '0'),
	(1768, 2509, 1420, NULL, NULL, '1', '0'),
	(1769, 2511, 1421, NULL, NULL, '1', '0'),
	(1770, 2513, 1422, NULL, NULL, '1', '0'),
	(1771, 2515, 1423, NULL, NULL, '1', '0'),
	(1772, 2517, 1424, NULL, NULL, '1', '0'),
	(1773, 2519, 1425, NULL, NULL, '1', '0'),
	(1774, 2521, 1426, NULL, NULL, '1', '0'),
	(1775, 2523, 1427, NULL, NULL, '1', '0'),
	(1776, 2525, 1428, NULL, NULL, '1', '0'),
	(1777, 2527, 1429, NULL, NULL, '1', '0'),
	(1778, 2529, 1430, NULL, NULL, '1', '0'),
	(1779, 2531, 1431, NULL, NULL, '1', '0'),
	(1780, 2533, 1432, NULL, NULL, '1', '0'),
	(1781, 2535, 1433, NULL, NULL, '1', '0'),
	(1782, 2537, 1434, NULL, NULL, '1', '0'),
	(1783, 2539, 1435, NULL, NULL, '1', '0'),
	(1784, 2541, 1436, NULL, NULL, '1', '0'),
	(1785, 2543, 1437, NULL, NULL, '1', '0'),
	(1786, 2545, 1438, NULL, NULL, '1', '0'),
	(1787, 2547, 1439, NULL, NULL, '1', '0'),
	(1788, 2549, 1440, NULL, NULL, '1', '0'),
	(1789, 2551, 1441, NULL, NULL, '1', '0'),
	(1790, 2553, 1442, NULL, NULL, '1', '0'),
	(1791, 2555, 1443, NULL, NULL, '1', '0'),
	(1792, 2557, 1444, NULL, NULL, '1', '0'),
	(1793, 2559, 1445, NULL, NULL, '1', '0'),
	(1794, 2561, 1446, NULL, NULL, '1', '0'),
	(1795, 2563, 1447, NULL, NULL, '1', '0'),
	(1796, 2565, 1448, NULL, NULL, '1', '0'),
	(1797, 2567, 1449, NULL, NULL, '1', '0'),
	(1798, 2569, 1450, NULL, NULL, '1', '0'),
	(1799, 2571, 1451, NULL, NULL, '1', '0'),
	(1800, 2573, 1452, NULL, NULL, '1', '0'),
	(1801, 2575, 1453, NULL, NULL, '1', '0'),
	(1802, 2577, 1454, NULL, NULL, '1', '0'),
	(1803, 2579, 1455, NULL, NULL, '1', '0'),
	(1804, 2581, 1456, NULL, NULL, '1', '0'),
	(1805, 2583, 1457, NULL, NULL, '1', '0'),
	(1806, 2585, 1458, NULL, NULL, '1', '0'),
	(1807, 2587, 1459, NULL, NULL, '1', '0'),
	(1808, 2589, 1460, NULL, NULL, '1', '0'),
	(1809, 2591, 1461, NULL, NULL, '1', '0'),
	(1810, 2593, 1462, NULL, NULL, '1', '0'),
	(1811, 2595, 1463, NULL, NULL, '1', '0'),
	(1812, 2597, 1464, NULL, NULL, '1', '0'),
	(1813, 2599, 1465, NULL, NULL, '1', '0'),
	(1814, 2601, 1466, NULL, NULL, '1', '0'),
	(1815, 2603, 1144, NULL, NULL, '1', '0'),
	(1816, 2604, 1467, NULL, NULL, '1', '0'),
	(1817, 2606, 1468, NULL, NULL, '1', '0'),
	(1818, 2608, 1469, NULL, NULL, '1', '0'),
	(1819, 2610, 1470, NULL, NULL, '1', '0'),
	(1820, 2612, 1471, NULL, NULL, '1', '0'),
	(1821, 2614, 1472, NULL, NULL, '1', '0'),
	(1822, 2616, 1473, NULL, NULL, '1', '0'),
	(1823, 2618, 1202, NULL, NULL, '1', '0'),
	(1824, 2619, 1474, NULL, NULL, '1', '0'),
	(1825, 2621, 1475, NULL, NULL, '1', '0'),
	(1826, 2623, 1476, NULL, NULL, '1', '0'),
	(1827, 2625, 1477, NULL, NULL, '1', '0'),
	(1828, 2627, 1478, NULL, NULL, '1', '0'),
	(1829, 2629, 1479, NULL, NULL, '1', '0'),
	(1830, 2631, 1480, NULL, NULL, '1', '0'),
	(1831, 2633, 1481, NULL, NULL, '1', '0'),
	(1832, 2635, 1482, NULL, NULL, '1', '0'),
	(1833, 2637, 1483, NULL, NULL, '1', '0'),
	(1834, 2639, 1484, NULL, NULL, '1', '0'),
	(1835, 2641, 1485, NULL, NULL, '1', '0'),
	(1836, 2643, 1486, NULL, NULL, '1', '0'),
	(1837, 2645, 1487, NULL, NULL, '1', '0'),
	(1838, 2647, 1488, NULL, NULL, '1', '0'),
	(1839, 2649, 1489, NULL, NULL, '1', '0'),
	(1840, 2651, 1490, NULL, NULL, '1', '0'),
	(1841, 2653, 1491, NULL, NULL, '1', '0'),
	(1842, 2655, 1492, NULL, NULL, '1', '0'),
	(1843, 2657, 1493, NULL, NULL, '1', '0'),
	(1844, 2659, 1494, NULL, NULL, '1', '0'),
	(1845, 2661, 1495, NULL, NULL, '1', '0'),
	(1846, 2663, 1496, NULL, NULL, '1', '0'),
	(1847, 2665, 1497, NULL, NULL, '1', '0'),
	(1848, 2667, 1498, NULL, NULL, '1', '0'),
	(1849, 2669, 1499, NULL, NULL, '1', '0'),
	(1850, 2671, 1500, NULL, NULL, '1', '0'),
	(1851, 2673, 1501, NULL, NULL, '1', '0'),
	(1852, 2675, 1502, NULL, NULL, '1', '0'),
	(1853, 2677, 1503, NULL, NULL, '1', '0'),
	(1854, 2679, 1504, NULL, NULL, '1', '0'),
	(1855, 2681, 1505, NULL, NULL, '1', '0'),
	(1856, 2683, 1506, NULL, NULL, '1', '0'),
	(1857, 2685, 1507, NULL, NULL, '1', '0'),
	(1858, 2687, 1508, NULL, NULL, '1', '0'),
	(1859, 2689, 1509, NULL, NULL, '1', '0'),
	(1860, 2691, 1510, NULL, NULL, '1', '0'),
	(1861, 2693, 1511, NULL, NULL, '1', '0'),
	(1862, 2695, 1512, NULL, NULL, '1', '0'),
	(1863, 2697, 1513, NULL, NULL, '1', '0'),
	(1864, 2699, 1514, NULL, NULL, '1', '0'),
	(1865, 2701, 1515, NULL, NULL, '1', '0'),
	(1866, 2703, 1516, NULL, NULL, '1', '0'),
	(1867, 2705, 1517, NULL, NULL, '1', '0'),
	(1868, 2707, 1518, NULL, NULL, '1', '0'),
	(1869, 2709, 1519, NULL, NULL, '1', '0'),
	(1870, 2711, 1520, NULL, NULL, '1', '0'),
	(1871, 2713, 1521, NULL, NULL, '1', '0'),
	(1872, 2715, 1522, NULL, NULL, '1', '0'),
	(1873, 2717, 1523, NULL, NULL, '1', '0'),
	(1874, 2719, 1524, NULL, NULL, '1', '0'),
	(1875, 2721, 1525, NULL, NULL, '1', '0'),
	(1876, 2723, 1205, NULL, NULL, '1', '0'),
	(1877, 2724, 1526, NULL, NULL, '1', '0'),
	(1878, 2726, 1527, NULL, NULL, '1', '0'),
	(1879, 2728, 1402, NULL, NULL, '1', '0'),
	(1880, 2729, 1528, NULL, NULL, '1', '0'),
	(1881, 2731, 1529, NULL, NULL, '1', '0'),
	(1882, 2733, 1530, NULL, NULL, '1', '0'),
	(1883, 2735, 1531, NULL, NULL, '1', '0'),
	(1884, 2737, 1532, NULL, NULL, '1', '0'),
	(1885, 2739, 1533, NULL, NULL, '1', '0'),
	(1886, 2741, 1534, NULL, NULL, '1', '0'),
	(1887, 2743, 1535, NULL, NULL, '1', '0'),
	(1888, 2745, 1536, NULL, NULL, '1', '0'),
	(1889, 2747, 1537, NULL, NULL, '1', '0'),
	(1890, 2749, 1538, NULL, NULL, '1', '0'),
	(1891, 2751, 1539, NULL, NULL, '1', '0'),
	(1892, 2753, 1540, NULL, NULL, '1', '0'),
	(1893, 2755, 1541, NULL, NULL, '1', '0'),
	(1894, 2757, 1542, NULL, NULL, '1', '0'),
	(1895, 2759, 1543, NULL, NULL, '1', '0'),
	(1896, 2761, 1544, NULL, NULL, '1', '0'),
	(1897, 2763, 1545, NULL, NULL, '1', '0'),
	(1898, 2765, 1546, NULL, NULL, '1', '0'),
	(1899, 2767, 1547, NULL, NULL, '1', '0'),
	(1900, 2769, 1548, NULL, NULL, '1', '0'),
	(1901, 2771, 1549, NULL, NULL, '1', '0'),
	(1902, 2773, 1225, NULL, NULL, '1', '0'),
	(1903, 2774, 1550, NULL, NULL, '1', '0'),
	(1904, 2776, 1551, NULL, NULL, '1', '0'),
	(1905, 2778, 1552, NULL, NULL, '1', '0'),
	(1906, 2780, 1553, NULL, NULL, '1', '0'),
	(1907, 2782, 1554, NULL, NULL, '1', '0'),
	(1908, 2784, 1555, NULL, NULL, '1', '0'),
	(1909, 2786, 1556, NULL, NULL, '1', '0'),
	(1910, 2788, 1557, NULL, NULL, '1', '0'),
	(1911, 2790, 1558, NULL, NULL, '1', '0'),
	(1912, 2792, 1162, NULL, NULL, '1', '0'),
	(1913, 2793, 1559, NULL, NULL, '1', '0'),
	(1914, 2795, 1560, NULL, NULL, '1', '0'),
	(1915, 2797, 1561, NULL, NULL, '1', '0'),
	(1916, 2799, 1562, NULL, NULL, '1', '0'),
	(1917, 2801, 1563, NULL, NULL, '1', '0'),
	(1918, 2803, 1564, NULL, NULL, '1', '0'),
	(1919, 2805, 1565, NULL, NULL, '1', '0'),
	(1920, 2807, 1566, NULL, NULL, '1', '0'),
	(1921, 2809, 1567, NULL, NULL, '1', '0'),
	(1922, 2811, 1568, NULL, NULL, '1', '0'),
	(1923, 2813, 1569, NULL, NULL, '1', '0'),
	(1924, 2815, 1570, NULL, NULL, '1', '0'),
	(1925, 2817, 1571, NULL, NULL, '1', '0'),
	(1926, 2819, 1572, NULL, NULL, '1', '0'),
	(1927, 2821, 1573, NULL, NULL, '1', '0'),
	(1928, 2823, 1574, NULL, NULL, '1', '0'),
	(1929, 2825, 1575, NULL, NULL, '1', '0'),
	(1930, 2827, 1576, NULL, NULL, '1', '0'),
	(1931, 2829, 1577, NULL, NULL, '1', '0'),
	(1932, 2831, 1578, NULL, NULL, '1', '0'),
	(1933, 2833, 1579, NULL, NULL, '1', '0'),
	(1934, 2835, 1580, NULL, NULL, '1', '0'),
	(1935, 2837, 1581, NULL, NULL, '1', '0'),
	(1936, 2839, 1582, NULL, NULL, '1', '0'),
	(1937, 2841, 1583, NULL, NULL, '1', '0'),
	(1938, 2843, 1584, NULL, NULL, '1', '0'),
	(1939, 2845, 1585, NULL, NULL, '1', '0'),
	(1940, 2847, 1586, NULL, NULL, '1', '0'),
	(1941, 2849, 1587, NULL, NULL, '1', '0'),
	(1942, 2851, 1588, NULL, NULL, '1', '0'),
	(1943, 2853, 1589, NULL, NULL, '1', '0'),
	(1944, 2855, 1590, NULL, NULL, '1', '0'),
	(1945, 2857, 1199, NULL, NULL, '1', '0'),
	(1946, 2858, 1591, NULL, NULL, '1', '0'),
	(1947, 2860, 1592, NULL, NULL, '1', '0'),
	(1948, 2862, 1593, NULL, NULL, '1', '0'),
	(1949, 2864, 1594, NULL, NULL, '1', '0'),
	(1950, 2866, 1595, NULL, NULL, '1', '0'),
	(1951, 2868, 1596, NULL, NULL, '1', '0'),
	(1952, 2870, 1597, NULL, NULL, '1', '0'),
	(1953, 2872, 1598, NULL, NULL, '1', '0'),
	(1954, 2874, 1599, NULL, NULL, '1', '0'),
	(1955, 2876, 1600, NULL, NULL, '1', '0'),
	(1956, 2878, 1601, NULL, NULL, '1', '0'),
	(1957, 2880, 1602, NULL, NULL, '1', '0'),
	(1958, 2882, 1603, NULL, NULL, '1', '0'),
	(1959, 2884, 1604, NULL, NULL, '1', '0'),
	(1960, 2886, 1605, NULL, NULL, '1', '0'),
	(1961, 2888, 1606, NULL, NULL, '1', '0'),
	(1962, 2890, 1607, NULL, NULL, '1', '0'),
	(1963, 2892, 1608, NULL, NULL, '1', '0'),
	(1964, 2894, 1609, NULL, NULL, '1', '0'),
	(1965, 2896, 1610, NULL, NULL, '1', '0'),
	(1966, 2898, 1611, NULL, NULL, '1', '0'),
	(1967, 2900, 1612, NULL, NULL, '1', '0'),
	(1968, 2902, 1613, NULL, NULL, '1', '0'),
	(1969, 2904, 1614, NULL, NULL, '1', '0'),
	(1970, 2906, 1615, NULL, NULL, '1', '0'),
	(1971, 2908, 1616, NULL, NULL, '1', '0'),
	(1972, 2910, 1617, NULL, NULL, '1', '0'),
	(1973, 2912, 1618, NULL, NULL, '1', '0'),
	(1974, 2914, 1619, NULL, NULL, '1', '0'),
	(1975, 2916, 1620, NULL, NULL, '1', '0'),
	(1976, 2918, 1621, NULL, NULL, '1', '0'),
	(1977, 2920, 1622, NULL, NULL, '1', '0'),
	(1978, 2922, 1623, NULL, NULL, '1', '0'),
	(1979, 2924, 1624, NULL, NULL, '1', '0'),
	(1980, 2926, 1625, NULL, NULL, '1', '0'),
	(1981, 2928, 1626, NULL, NULL, '1', '0'),
	(1982, 2930, 1627, NULL, NULL, '1', '0'),
	(1983, 2932, 1628, NULL, NULL, '1', '0'),
	(1984, 2934, 1629, NULL, NULL, '1', '0'),
	(1985, 2936, 1630, NULL, NULL, '1', '0'),
	(1986, 2938, 1631, 'LIBRETA DE NOTAS - DANIELA ALEXANDRA ABANTO LINARES.pdf', 'FICHA DE MATRICULA - DANIELA ALEXANDRA ABANTO LINARES.pdf', '1', '0'),
	(1987, 2940, 1632, '', NULL, '1', '0'),
	(1988, 2942, 1633, '', NULL, '1', '0'),
	(1989, 2944, 1634, NULL, NULL, '1', '0'),
	(1990, 2946, 1635, NULL, NULL, '1', '0'),
	(1991, 2948, 1636, NULL, NULL, '1', '0'),
	(1992, 2950, 1637, NULL, NULL, '1', '0'),
	(1993, 2952, 1638, NULL, NULL, '1', '0'),
	(1994, 2954, 1639, NULL, NULL, '1', '0'),
	(1995, 2956, 1640, NULL, NULL, '1', '0'),
	(1996, 2958, 1641, NULL, NULL, '1', '0'),
	(1997, 2960, 1642, NULL, NULL, '1', '0'),
	(1998, 2962, 1643, NULL, NULL, '1', '0'),
	(1999, 2964, 1644, NULL, NULL, '1', '0'),
	(2000, 2966, 1645, NULL, NULL, '1', '0'),
	(2001, 2968, 1646, NULL, NULL, '1', '0'),
	(2002, 2970, 1647, NULL, NULL, '1', '0'),
	(2003, 2972, 1648, NULL, NULL, '1', '0'),
	(2004, 2974, 1649, NULL, NULL, '1', '0'),
	(2005, 2976, 1650, NULL, NULL, '1', '0'),
	(2006, 2978, 1651, NULL, NULL, '1', '0'),
	(2007, 2980, 1652, NULL, NULL, '1', '0'),
	(2008, 2982, 1653, NULL, NULL, '1', '0'),
	(2009, 2984, 1654, NULL, NULL, '1', '0'),
	(2010, 2986, 1655, NULL, NULL, '1', '0'),
	(2011, 2988, 1656, NULL, NULL, '1', '0'),
	(2012, 2990, 1657, NULL, NULL, '1', '0'),
	(2013, 2992, 1658, NULL, NULL, '1', '0'),
	(2014, 2994, 1659, NULL, NULL, '1', '0'),
	(2015, 2996, 1660, NULL, NULL, '1', '0'),
	(2016, 2998, 1661, NULL, NULL, '1', '0'),
	(2017, 3000, 1662, '', NULL, '1', '0'),
	(2018, 3002, 1663, NULL, NULL, '1', '0'),
	(2019, 3004, 1664, NULL, NULL, '1', '0'),
	(2020, 3006, 1665, NULL, NULL, '1', '0'),
	(2021, 3008, 1666, NULL, NULL, '1', '0'),
	(2022, 3010, 1667, NULL, NULL, '1', '0'),
	(2023, 3012, 1668, NULL, NULL, '1', '0'),
	(2024, 3014, 1148, NULL, NULL, '1', '0'),
	(2025, 3015, 1148, NULL, NULL, '1', '0'),
	(2026, 3016, 1669, NULL, NULL, '1', '0'),
	(2027, 3018, 1670, NULL, NULL, '1', '0'),
	(2028, 3020, 1671, NULL, NULL, '1', '0'),
	(2029, 3022, 1672, NULL, NULL, '1', '0'),
	(2030, 3024, 1673, NULL, NULL, '1', '0'),
	(2031, 3026, 1674, 'LIBRETA DE NOTAS - JULISSA PAOLA CRUZADO DE LA CRUZ.pdf', 'FICHA DE MATRICULA - JULISSA PAOLA CRUZADO DE LA CRUZ.pdf', '1', '0'),
	(2032, 3028, 1675, NULL, NULL, '1', '0'),
	(2033, 3030, 1676, NULL, NULL, '1', '0'),
	(2034, 3032, 1677, NULL, NULL, '1', '0'),
	(2035, 3034, 1678, NULL, NULL, '1', '0'),
	(2036, 3036, 1679, NULL, NULL, '1', '0'),
	(2037, 3038, 1680, NULL, NULL, '1', '0'),
	(2038, 3040, 1681, NULL, NULL, '1', '0'),
	(2039, 3042, 1682, NULL, NULL, '1', '0'),
	(2040, 3044, 1683, NULL, NULL, '1', '0'),
	(2041, 3046, 1684, NULL, NULL, '1', '0'),
	(2042, 3047, 1685, NULL, NULL, '1', '0'),
	(2043, 3049, 1686, NULL, NULL, '1', '0'),
	(2044, 3051, 1687, NULL, NULL, '1', '0'),
	(2045, 3053, 1688, NULL, NULL, '1', '0'),
	(2046, 3055, 1689, NULL, NULL, '1', '0'),
	(2047, 3057, 1690, NULL, NULL, '1', '0'),
	(2048, 3059, 1691, NULL, NULL, '1', '0'),
	(2049, 3061, 1692, NULL, NULL, '1', '0'),
	(2050, 3063, 1693, NULL, NULL, '1', '0'),
	(2051, 3065, 1694, NULL, NULL, '1', '0'),
	(2052, 1727, 1695, NULL, NULL, '1', '0'),
	(2053, 1729, 1696, NULL, NULL, '1', '0'),
	(2054, 1730, 1697, NULL, NULL, '1', '0'),
	(2055, 1731, 1698, NULL, NULL, '1', '0'),
	(2056, 1732, 1699, NULL, NULL, '1', '0'),
	(2057, 1733, 1700, NULL, NULL, '1', '0'),
	(2058, 1735, 1701, NULL, NULL, '1', '0'),
	(2059, 1736, 1702, NULL, NULL, '1', '0'),
	(2060, 1737, 1703, NULL, NULL, '1', '0'),
	(2061, 1739, 1704, NULL, NULL, '1', '0'),
	(2062, 1740, 1705, NULL, NULL, '1', '0'),
	(2063, 1741, 1706, NULL, NULL, '1', '0'),
	(2064, 1742, 1707, NULL, NULL, '1', '0'),
	(2065, 1744, 1708, NULL, NULL, '1', '0'),
	(2066, 1745, 1709, NULL, NULL, '1', '0'),
	(2067, 1746, 1710, NULL, NULL, '1', '0'),
	(2068, 1748, 1711, NULL, NULL, '1', '0'),
	(2069, 1750, 1712, NULL, NULL, '1', '0'),
	(2070, 1751, 1713, NULL, NULL, '1', '0'),
	(2071, 1752, 1249, NULL, NULL, '1', '0'),
	(2072, 1753, 1714, NULL, NULL, '1', '0'),
	(2073, 1754, 1715, NULL, NULL, '1', '0'),
	(2074, 1755, 1716, NULL, NULL, '1', '0'),
	(2075, 1757, 1717, NULL, NULL, '1', '0'),
	(2076, 1758, 1718, NULL, NULL, '1', '0'),
	(2077, 1759, 1719, NULL, NULL, '1', '0'),
	(2078, 1761, 1720, NULL, NULL, '1', '0'),
	(2079, 1762, 1721, NULL, NULL, '1', '0'),
	(2080, 1763, 1722, NULL, NULL, '1', '0'),
	(2081, 1764, 1723, NULL, NULL, '1', '0'),
	(2082, 1765, 1724, NULL, NULL, '1', '0'),
	(2083, 1766, 1725, NULL, NULL, '1', '0'),
	(2084, 1767, 1726, NULL, NULL, '1', '0'),
	(2085, 1769, 1727, NULL, NULL, '1', '0'),
	(2086, 1770, 1728, NULL, NULL, '1', '0'),
	(2087, 1771, 1729, NULL, NULL, '1', '0'),
	(2088, 1772, 1730, NULL, NULL, '1', '0'),
	(2089, 1773, 1731, NULL, NULL, '1', '0'),
	(2090, 1775, 1732, NULL, NULL, '1', '0'),
	(2091, 1776, 1733, NULL, NULL, '1', '0'),
	(2092, 1777, 1734, NULL, NULL, '1', '0'),
	(2093, 1778, 1735, NULL, NULL, '1', '0'),
	(2094, 1780, 1736, NULL, NULL, '1', '0'),
	(2095, 1781, 1737, NULL, NULL, '1', '0'),
	(2096, 1782, 1738, NULL, NULL, '1', '0'),
	(2097, 1783, 1739, NULL, NULL, '1', '0'),
	(2098, 1784, 1740, NULL, NULL, '1', '0'),
	(2099, 1786, 1741, NULL, NULL, '1', '0'),
	(2100, 1788, 1742, NULL, NULL, '1', '0'),
	(2101, 1790, 1743, NULL, NULL, '1', '0'),
	(2102, 1792, 1744, NULL, NULL, '1', '0'),
	(2103, 1794, 1745, NULL, NULL, '1', '0'),
	(2104, 1795, 1746, NULL, NULL, '1', '0'),
	(2105, 1796, 1747, NULL, NULL, '1', '0'),
	(2106, 1797, 1748, NULL, NULL, '1', '0'),
	(2107, 1798, 1749, NULL, NULL, '1', '0'),
	(2108, 1799, 1750, NULL, NULL, '1', '0'),
	(2109, 1801, 1751, NULL, NULL, '1', '0'),
	(2110, 1803, 1752, NULL, NULL, '1', '0'),
	(2111, 1804, 1753, NULL, NULL, '1', '0'),
	(2112, 1806, 1754, NULL, NULL, '1', '0'),
	(2113, 1807, 1755, NULL, NULL, '1', '0'),
	(2114, 1808, 1756, NULL, NULL, '1', '0'),
	(2115, 1809, 1757, NULL, NULL, '1', '0'),
	(2116, 1811, 1758, NULL, NULL, '1', '0'),
	(2117, 1812, 1759, NULL, NULL, '1', '0'),
	(2118, 1813, 1760, NULL, NULL, '1', '0'),
	(2119, 1815, 1761, NULL, NULL, '1', '0'),
	(2120, 1816, 1762, NULL, NULL, '1', '0'),
	(2121, 1817, 1763, NULL, NULL, '1', '0'),
	(2122, 1818, 1764, NULL, NULL, '1', '0'),
	(2123, 1819, 1765, NULL, NULL, '1', '0'),
	(2124, 1821, 1766, NULL, NULL, '1', '0'),
	(2125, 1822, 1767, NULL, NULL, '1', '0'),
	(2126, 1823, 1768, NULL, NULL, '1', '0'),
	(2127, 1824, 1769, NULL, NULL, '1', '0'),
	(2128, 1825, 1770, NULL, NULL, '1', '0'),
	(2129, 1826, 1771, NULL, NULL, '1', '0'),
	(2130, 1828, 1772, NULL, NULL, '1', '0'),
	(2131, 1829, 1773, NULL, NULL, '1', '0'),
	(2132, 1831, 1774, NULL, NULL, '1', '0'),
	(2133, 1832, 1775, NULL, NULL, '1', '0'),
	(2134, 1834, 1776, NULL, NULL, '1', '0'),
	(2135, 1835, 1777, NULL, NULL, '1', '0'),
	(2136, 1837, 1778, NULL, NULL, '1', '0'),
	(2137, 1839, 1779, NULL, NULL, '1', '0'),
	(2138, 1840, 1780, NULL, NULL, '1', '0'),
	(2139, 1841, 1781, NULL, 'FICHA DE MATRICULA - JOHAN JEREMY VIDAURRE HERRERA.pdf', '1', '0'),
	(2140, 1843, 1782, NULL, NULL, '1', '0'),
	(2141, 1844, 1783, NULL, 'FICHA DE MATRICULA - MARLON JHAIR ZELADA ESPINOZA.pdf', '1', '0'),
	(2142, 2, 1784, NULL, NULL, '1', '1');

-- Volcando estructura para tabla db_academico.apoderado
CREATE TABLE IF NOT EXISTS `apoderado` (
  `apo_id` int(11) NOT NULL AUTO_INCREMENT,
  `per_id` int(11) DEFAULT NULL,
  `apo_parentesco` varchar(50) DEFAULT NULL,
  `apo_vive_con_estudiante` char(1) DEFAULT '1' COMMENT '1: SI; 2:No',
  `is_deleted` char(1) DEFAULT '0' COMMENT '1: Eliminado; 0:No Eliminado',
  PRIMARY KEY (`apo_id`),
  KEY `R_6` (`per_id`)
) ENGINE=InnoDB AUTO_INCREMENT=1785 DEFAULT CHARSET=latin1;

-- Volcando datos para la tabla db_academico.apoderado: ~694 rows (aproximadamente)
INSERT INTO `apoderado` (`apo_id`, `per_id`, `apo_parentesco`, `apo_vive_con_estudiante`, `is_deleted`) VALUES
	(1090, 1846, 'MADRE', '1', '0'),
	(1091, 1848, 'MADRE', '1', '0'),
	(1092, 1850, 'PADRE', '1', '0'),
	(1093, 1852, 'MADRE', '1', '0'),
	(1094, 1854, 'MADRE', '1', '0'),
	(1095, 1856, 'MADRE', '1', '0'),
	(1096, 1858, 'PADRE', '1', '0'),
	(1097, 1860, 'MADRE', '1', '0'),
	(1098, 1862, 'PADRE', '1', '0'),
	(1099, 1864, 'MADRE', '1', '0'),
	(1100, 1866, 'MADRE', '1', '0'),
	(1101, 1868, 'MADRE', '1', '0'),
	(1102, 1870, 'MADRE', '1', '0'),
	(1103, 1872, 'MADRE', '1', '0'),
	(1104, 1874, 'PADRE', '1', '0'),
	(1105, 1876, 'PADRE', '1', '0'),
	(1106, 1878, 'PADRE', '1', '0'),
	(1107, 1880, 'PADRE', '1', '0'),
	(1108, 1882, 'MADRE', '1', '0'),
	(1109, 1884, 'MADRE', '1', '0'),
	(1110, 1886, 'MADRE', '1', '0'),
	(1111, 1888, 'PADRE', '1', '0'),
	(1112, 1890, 'MADRE', '1', '0'),
	(1113, 1892, 'MADRE', '1', '0'),
	(1114, 1894, 'MADRE', '1', '0'),
	(1115, 1896, 'MADRE', '1', '0'),
	(1116, 1898, 'MADRE', '1', '0'),
	(1117, 1900, 'MADRE', '1', '0'),
	(1118, 1902, 'MADRE', '1', '0'),
	(1119, 1904, 'MADRE', '1', '0'),
	(1120, 1906, 'MADRE', '1', '0'),
	(1121, 1908, 'MADRE', '1', '0'),
	(1122, 1910, 'TIO', '1', '0'),
	(1123, 1912, 'PADRE', '1', '0'),
	(1124, 1914, 'MADRE', '1', '0'),
	(1125, 1916, 'PADRE', '1', '0'),
	(1126, 1918, 'MADRE', '1', '0'),
	(1127, 1920, 'PADRE', '1', '0'),
	(1128, 1922, 'PADRE', '1', '0'),
	(1129, 1924, 'PADRE', '1', '0'),
	(1130, 1926, 'MADRE', '1', '0'),
	(1131, 1928, 'PADRE', '1', '0'),
	(1132, 1930, 'MADRE', '1', '0'),
	(1133, 1932, 'PADRE', '1', '0'),
	(1134, 1934, 'MADRE', '1', '0'),
	(1135, 1936, 'MADRE', '1', '0'),
	(1136, 1938, 'PADRE', '1', '0'),
	(1137, 1940, 'MADRE', '1', '0'),
	(1138, 1942, 'MADRE', '1', '0'),
	(1139, 1944, 'PADRE', '1', '0'),
	(1140, 1946, 'PADRE', '1', '0'),
	(1141, 1948, 'MADRE', '1', '0'),
	(1142, 1950, 'MADRE', '1', '0'),
	(1143, 1952, 'MADRE', '1', '0'),
	(1144, 1954, 'MADRE', '1', '0'),
	(1145, 1956, 'MADRE', '1', '0'),
	(1146, 1958, 'PADRE', '1', '0'),
	(1147, 1960, 'PADRE', '1', '0'),
	(1148, 1962, 'MADRE', '1', '0'),
	(1149, 1964, 'MADRE', '1', '0'),
	(1150, 1966, 'MADRE', '1', '0'),
	(1151, 1968, 'MADRE', '1', '0'),
	(1152, 1970, 'MADRE', '1', '0'),
	(1153, 1972, 'PADRE', '1', '0'),
	(1154, 1974, 'PADRE', '1', '0'),
	(1155, 1976, 'PADRE', '1', '0'),
	(1156, 1978, 'MADRE', '1', '0'),
	(1157, 1980, 'PADRE', '1', '0'),
	(1158, 1982, 'MADRE', '1', '0'),
	(1159, 1984, 'PADRE', '1', '0'),
	(1160, 1986, 'PADRE', '1', '0'),
	(1161, 1988, 'MADRE', '1', '0'),
	(1162, 1990, 'PADRE', '1', '0'),
	(1163, 1992, 'PADRE', '1', '0'),
	(1164, 1994, 'PADRE', '1', '0'),
	(1165, 1996, 'MADRE', '1', '0'),
	(1166, 1998, 'MADRE', '1', '0'),
	(1167, 2000, 'PADRE', '1', '0'),
	(1168, 2002, 'MADRE', '1', '0'),
	(1169, 2004, 'PADRE', '1', '0'),
	(1170, 2006, 'PADRE', '1', '0'),
	(1171, 2008, 'PADRE', '1', '0'),
	(1172, 2010, 'PADRE', '1', '0'),
	(1173, 2012, 'MADRE', '1', '0'),
	(1174, 2014, 'PADRE', '1', '0'),
	(1175, 2016, 'PADRE', '1', '0'),
	(1176, 2018, 'MADRE', '1', '0'),
	(1177, 2020, 'MADRE', '1', '0'),
	(1178, 2022, 'PADRE', '1', '0'),
	(1179, 2024, 'PADRE', '1', '0'),
	(1180, 2026, 'MADRE', '1', '0'),
	(1181, 2028, 'MADRE', '1', '0'),
	(1182, 2030, 'PADRE', '1', '0'),
	(1183, 2032, 'PADRE', '1', '0'),
	(1184, 2034, 'MADRE', '1', '0'),
	(1185, 2036, 'PADRE', '1', '0'),
	(1186, 2038, 'MADRE', '1', '0'),
	(1187, 2040, 'MADRE', '1', '0'),
	(1188, 2042, 'MADRE', '1', '0'),
	(1189, 2044, 'MADRE', '1', '0'),
	(1190, 2046, 'PADRE', '1', '0'),
	(1191, 2048, 'MADRE', '1', '0'),
	(1192, 2050, 'MADRE', '1', '0'),
	(1193, 2052, 'MADRE', '1', '0'),
	(1194, 2054, 'PADRE', '1', '0'),
	(1195, 2056, 'PADRE', '1', '0'),
	(1196, 2058, 'PADRE', '1', '0'),
	(1197, 2060, 'MADRE', '1', '0'),
	(1198, 2062, 'MADRE', '1', '0'),
	(1199, 2064, 'MADRE', '1', '0'),
	(1200, 2066, 'MADRE', '1', '0'),
	(1201, 2068, 'MADRE', '1', '0'),
	(1202, 2070, 'MADRE', '1', '0'),
	(1203, 2072, 'MADRE', '1', '0'),
	(1204, 2074, 'PADRE', '1', '0'),
	(1205, 2076, 'MADRE', '1', '0'),
	(1206, 2078, 'MADRE', '1', '0'),
	(1207, 2080, 'MADRE', '1', '0'),
	(1208, 2082, 'MADRE', '1', '0'),
	(1209, 2084, 'MADRE', '1', '0'),
	(1210, 2086, 'MADRE', '1', '0'),
	(1211, 2088, 'MADRE', '1', '0'),
	(1212, 2090, 'MADRE', '1', '0'),
	(1213, 2092, 'MADRE', '1', '0'),
	(1214, 2094, 'PADRE', '1', '0'),
	(1215, 2096, 'MADRE', '1', '0'),
	(1216, 2098, 'PADRE', '1', '0'),
	(1217, 2100, 'MADRE', '1', '0'),
	(1218, 2102, 'MADRE', '1', '0'),
	(1219, 2104, 'MADRE', '1', '0'),
	(1220, 2106, 'MADRE', '1', '0'),
	(1221, 2108, 'MADRE', '1', '0'),
	(1222, 2110, 'MADRE', '1', '0'),
	(1223, 2112, 'MADRE', '1', '0'),
	(1224, 2114, 'PADRE', '1', '0'),
	(1225, 2116, 'PADRE', '1', '0'),
	(1226, 2118, 'MADRE', '1', '0'),
	(1227, 2120, 'MADRE', '1', '0'),
	(1228, 2122, 'MADRE', '1', '0'),
	(1229, 2124, 'MADRE', '1', '0'),
	(1230, 2126, 'PADRE', '1', '0'),
	(1231, 2128, 'PADRE', '1', '0'),
	(1232, 2130, 'PADRE', '1', '0'),
	(1233, 2132, 'MADRE', '1', '0'),
	(1234, 2134, 'PADRE', '1', '0'),
	(1235, 2136, 'PADRE', '1', '0'),
	(1236, 2138, 'PADRE', '1', '0'),
	(1237, 2140, 'PADRE', '1', '0'),
	(1238, 2142, 'PADRE', '1', '0'),
	(1239, 2144, 'MADRE', '1', '0'),
	(1240, 2146, 'MADRE', '1', '0'),
	(1241, 2148, 'MADRE', '1', '0'),
	(1242, 2150, 'PADRE', '1', '0'),
	(1243, 2152, 'PADRE', '1', '0'),
	(1244, 2154, 'OTRO', '1', '0'),
	(1245, 2156, 'TIO', '1', '0'),
	(1246, 2158, 'TIO', '1', '0'),
	(1247, 2160, 'PADRE', '1', '0'),
	(1248, 2162, 'PADRE', '1', '0'),
	(1249, 2164, 'PADRE', '1', '0'),
	(1250, 2166, 'MADRE', '1', '0'),
	(1251, 2168, 'PADRE', '1', '0'),
	(1252, 2170, 'MADRE', '1', '0'),
	(1253, 2172, 'MADRE', '1', '0'),
	(1254, 2174, 'MADRE', '1', '0'),
	(1255, 2176, 'MADRE', '1', '0'),
	(1256, 2178, 'MADRE', '1', '0'),
	(1257, 2180, 'PADRE', '1', '0'),
	(1258, 2182, 'MADRE', '1', '0'),
	(1259, 2184, 'MADRE', '1', '0'),
	(1260, 2186, 'MADRE', '1', '0'),
	(1261, 2188, 'MADRE', '1', '0'),
	(1262, 2190, 'MADRE', '1', '0'),
	(1263, 2192, 'PADRE', '1', '0'),
	(1264, 2194, 'PADRE', '1', '0'),
	(1265, 2196, 'MADRE', '1', '0'),
	(1266, 2198, 'MADRE', '1', '0'),
	(1267, 2200, 'PADRE', '1', '0'),
	(1268, 2202, 'MADRE', '1', '0'),
	(1269, 2204, 'MADRE', '1', '0'),
	(1270, 2206, 'MADRE', '1', '0'),
	(1271, 2208, 'MADRE', '1', '0'),
	(1272, 2210, 'PADRE', '1', '0'),
	(1273, 2212, 'MADRE', '1', '0'),
	(1274, 2214, 'MADRE', '1', '0'),
	(1275, 2216, 'MADRE', '1', '0'),
	(1276, 2218, 'PADRE', '1', '0'),
	(1277, 2220, 'PADRE', '1', '0'),
	(1278, 2222, 'MADRE', '1', '0'),
	(1279, 2224, 'MADRE', '1', '0'),
	(1280, 2226, 'MADRE', '1', '0'),
	(1281, 2228, 'MADRE', '1', '0'),
	(1282, 2230, 'PADRE', '1', '0'),
	(1283, 2232, 'PADRE', '1', '0'),
	(1284, 2234, 'MADRE', '1', '0'),
	(1285, 2236, 'MADRE', '1', '0'),
	(1286, 2238, 'MADRE', '1', '0'),
	(1287, 2240, 'MADRE', '1', '0'),
	(1288, 2242, 'PADRE', '1', '0'),
	(1289, 2244, 'MADRE', '1', '0'),
	(1290, 2246, 'MADRE', '1', '0'),
	(1291, 2248, 'PADRE', '1', '0'),
	(1292, 2250, 'PADRE', '1', '0'),
	(1293, 2252, 'MADRE', '1', '0'),
	(1294, 2254, 'PADRE', '1', '0'),
	(1295, 2256, 'MADRE', '1', '0'),
	(1296, 2258, 'PADRE', '1', '0'),
	(1297, 2260, 'MADRE', '1', '0'),
	(1298, 2262, 'MADRE', '1', '0'),
	(1299, 2264, 'MADRE', '1', '0'),
	(1300, 2267, 'PADRE', '1', '0'),
	(1301, 2269, 'MADRE', '1', '0'),
	(1302, 2271, 'PADRE', '1', '0'),
	(1303, 2273, 'PADRE', '1', '0'),
	(1304, 2275, 'PADRE', '1', '0'),
	(1305, 2277, 'MADRE', '1', '0'),
	(1306, 2279, 'PADRE', '1', '0'),
	(1307, 2281, 'PADRE', '1', '0'),
	(1308, 2283, 'PADRE', '1', '0'),
	(1309, 2285, 'MADRE', '1', '0'),
	(1310, 2287, 'PADRE', '1', '0'),
	(1311, 2289, 'PADRE', '1', '0'),
	(1312, 2291, 'MADRE', '1', '0'),
	(1313, 2293, 'PADRE', '1', '0'),
	(1314, 2295, 'PADRE', '1', '0'),
	(1315, 2297, 'MADRE', '1', '0'),
	(1316, 2299, 'PADRE', '1', '0'),
	(1317, 2301, 'MADRE', '1', '0'),
	(1318, 2303, 'MADRE', '1', '0'),
	(1319, 2305, 'MADRE', '1', '0'),
	(1320, 2307, 'PADRE', '1', '0'),
	(1321, 2309, 'MADRE', '1', '0'),
	(1322, 2311, 'MADRE', '1', '0'),
	(1323, 2313, 'MADRE', '1', '0'),
	(1324, 2315, 'MADRE', '1', '0'),
	(1325, 2317, 'PADRE', '1', '0'),
	(1326, 2319, 'MADRE', '1', '0'),
	(1327, 2321, 'MADRE', '1', '0'),
	(1328, 2323, 'MADRE', '1', '0'),
	(1329, 2325, 'PADRE', '1', '0'),
	(1330, 2327, 'PADRE', '1', '0'),
	(1331, 2329, 'MADRE', '1', '0'),
	(1332, 2331, 'PADRE', '1', '0'),
	(1333, 2333, 'PADRE', '1', '0'),
	(1334, 2335, 'MADRE', '1', '0'),
	(1335, 2337, 'PADRE', '1', '0'),
	(1336, 2339, 'MADRE', '1', '0'),
	(1337, 2341, 'PADRE', '1', '0'),
	(1338, 2343, 'PADRE', '1', '0'),
	(1339, 2345, 'PADRE', '1', '0'),
	(1340, 2347, 'PADRE', '1', '0'),
	(1341, 2349, 'PADRE', '1', '0'),
	(1342, 2351, 'PADRE', '1', '0'),
	(1343, 2353, 'MADRE', '1', '0'),
	(1344, 2355, 'MADRE', '1', '0'),
	(1345, 2357, 'MADRE', '1', '0'),
	(1346, 2359, 'MADRE', '1', '0'),
	(1347, 2361, 'PADRE', '1', '0'),
	(1348, 2363, 'PADRE', '1', '0'),
	(1349, 2365, 'MADRE', '1', '0'),
	(1350, 2367, 'PADRE', '1', '0'),
	(1351, 2370, 'MADRE', '1', '0'),
	(1352, 2372, 'MADRE', '1', '0'),
	(1353, 2374, 'MADRE', '1', '0'),
	(1354, 2376, 'PADRE', '1', '0'),
	(1355, 2378, 'HERMANO', '1', '0'),
	(1356, 2380, 'MADRE', '1', '0'),
	(1357, 2382, 'MADRE', '1', '0'),
	(1358, 2384, 'MADRE', '1', '0'),
	(1359, 2386, 'PADRE', '1', '0'),
	(1360, 2388, 'MADRE', '1', '0'),
	(1361, 2390, 'MADRE', '1', '0'),
	(1362, 2392, 'MADRE', '1', '0'),
	(1363, 2394, 'PADRE', '1', '0'),
	(1364, 2396, 'PADRE', '1', '0'),
	(1365, 2398, 'PADRE', '1', '0'),
	(1366, 2400, 'MADRE', '1', '0'),
	(1367, 2402, 'PADRE', '1', '0'),
	(1368, 2404, 'MADRE', '1', '0'),
	(1369, 2406, 'PADRE', '1', '0'),
	(1370, 2408, 'MADRE', '1', '0'),
	(1371, 2410, 'PADRE', '1', '0'),
	(1372, 2412, 'PADRE', '1', '0'),
	(1373, 2414, 'MADRE', '1', '0'),
	(1374, 2416, 'MADRE', '1', '0'),
	(1375, 2418, 'MADRE', '1', '0'),
	(1376, 2420, 'MADRE', '1', '0'),
	(1377, 2422, 'PADRE', '1', '0'),
	(1378, 2424, 'MADRE', '1', '0'),
	(1379, 2426, 'PADRE', '1', '0'),
	(1380, 2428, 'PADRE', '1', '0'),
	(1381, 2430, 'PADRE', '1', '0'),
	(1382, 2432, 'PADRE', '1', '0'),
	(1383, 2434, 'MADRE', '1', '0'),
	(1384, 2436, 'MADRE', '1', '0'),
	(1385, 2438, 'MADRE', '1', '0'),
	(1386, 2441, 'MADRE', '1', '0'),
	(1387, 2443, 'PADRE', '1', '0'),
	(1388, 2445, 'MADRE', '1', '0'),
	(1389, 2447, 'PADRE', '1', '0'),
	(1390, 2449, 'PADRE', '1', '0'),
	(1391, 2451, 'MADRE', '1', '0'),
	(1392, 2453, 'PADRE', '1', '0'),
	(1393, 2455, 'MADRE', '1', '0'),
	(1394, 2457, 'MADRE', '1', '0'),
	(1395, 2459, 'MADRE', '1', '0'),
	(1396, 2461, 'MADRE', '1', '0'),
	(1397, 2463, 'MADRE', '1', '0'),
	(1398, 2465, 'MADRE', '1', '0'),
	(1399, 2467, 'MADRE', '1', '0'),
	(1400, 2469, 'MADRE', '1', '0'),
	(1401, 2471, 'MADRE', '1', '0'),
	(1402, 2473, 'PADRE', '1', '0'),
	(1403, 2475, 'MADRE', '1', '0'),
	(1404, 2477, 'MADRE', '1', '0'),
	(1405, 2479, 'MADRE', '1', '0'),
	(1406, 2481, 'MADRE', '1', '0'),
	(1407, 2483, 'PADRE', '1', '0'),
	(1408, 2485, 'MADRE', '1', '0'),
	(1409, 2488, 'MADRE', '1', '0'),
	(1410, 2490, 'PADRE', '1', '0'),
	(1411, 2492, 'MADRE', '1', '0'),
	(1412, 2494, 'MADRE', '1', '0'),
	(1413, 2496, 'PADRE', '1', '0'),
	(1414, 2498, 'PADRE', '1', '0'),
	(1415, 2500, 'PADRE', '1', '0'),
	(1416, 2502, 'PADRE', '1', '0'),
	(1417, 2504, 'MADRE', '1', '0'),
	(1418, 2506, 'PADRE', '1', '0'),
	(1419, 2508, 'PADRE', '1', '0'),
	(1420, 2510, 'MADRE', '1', '0'),
	(1421, 2512, 'PADRE', '1', '0'),
	(1422, 2514, 'MADRE', '1', '0'),
	(1423, 2516, 'MADRE', '1', '0'),
	(1424, 2518, 'PADRE', '1', '0'),
	(1425, 2520, 'MADRE', '1', '0'),
	(1426, 2522, 'PADRE', '1', '0'),
	(1427, 2524, 'MADRE', '1', '0'),
	(1428, 2526, 'MADRE', '1', '0'),
	(1429, 2528, 'MADRE', '1', '0'),
	(1430, 2530, 'PADRE', '1', '0'),
	(1431, 2532, 'MADRE', '1', '0'),
	(1432, 2534, 'PADRE', '1', '0'),
	(1433, 2536, 'PADRE', '1', '0'),
	(1434, 2538, 'MADRE', '1', '0'),
	(1435, 2540, 'PADRE', '1', '0'),
	(1436, 2542, 'MADRE', '1', '0'),
	(1437, 2544, 'MADRE', '1', '0'),
	(1438, 2546, 'MADRE', '1', '0'),
	(1439, 2548, 'MADRE', '1', '0'),
	(1440, 2550, 'PADRE', '1', '0'),
	(1441, 2552, 'MADRE', '1', '0'),
	(1442, 2554, 'PADRE', '1', '0'),
	(1443, 2556, 'MADRE', '1', '0'),
	(1444, 2558, 'MADRE', '1', '0'),
	(1445, 2560, 'PADRE', '1', '0'),
	(1446, 2562, 'PADRE', '1', '0'),
	(1447, 2564, 'MADRE', '1', '0'),
	(1448, 2566, 'MADRE', '1', '0'),
	(1449, 2568, 'MADRE', '1', '0'),
	(1450, 2570, 'MADRE', '1', '0'),
	(1451, 2572, 'MADRE', '1', '0'),
	(1452, 2574, 'MADRE', '1', '0'),
	(1453, 2576, 'MADRE', '1', '0'),
	(1454, 2578, 'PADRE', '1', '0'),
	(1455, 2580, 'PADRE', '1', '0'),
	(1456, 2582, 'PADRE', '1', '0'),
	(1457, 2584, 'MADRE', '1', '0'),
	(1458, 2586, 'MADRE', '1', '0'),
	(1459, 2588, 'PADRE', '1', '0'),
	(1460, 2590, 'PADRE', '1', '0'),
	(1461, 2592, 'MADRE', '1', '0'),
	(1462, 2594, 'MADRE', '1', '0'),
	(1463, 2596, 'PADRE', '1', '0'),
	(1464, 2598, 'PADRE', '1', '0'),
	(1465, 2600, 'MADRE', '1', '0'),
	(1466, 2602, 'MADRE', '1', '0'),
	(1467, 2605, 'PADRE', '1', '0'),
	(1468, 2607, 'PADRE', '1', '0'),
	(1469, 2609, 'MADRE', '1', '0'),
	(1470, 2611, 'PADRE', '1', '0'),
	(1471, 2613, 'PADRE', '1', '0'),
	(1472, 2615, 'PADRE', '1', '0'),
	(1473, 2617, 'MADRE', '1', '0'),
	(1474, 2620, 'MADRE', '1', '0'),
	(1475, 2622, 'PADRE', '1', '0'),
	(1476, 2624, 'MADRE', '1', '0'),
	(1477, 2626, 'PADRE', '1', '0'),
	(1478, 2628, 'MADRE', '1', '0'),
	(1479, 2630, 'MADRE', '1', '0'),
	(1480, 2632, 'MADRE', '1', '0'),
	(1481, 2634, 'MADRE', '1', '0'),
	(1482, 2636, 'MADRE', '1', '0'),
	(1483, 2638, 'MADRE', '1', '0'),
	(1484, 2640, 'PADRE', '1', '0'),
	(1485, 2642, 'MADRE', '1', '0'),
	(1486, 2644, 'MADRE', '1', '0'),
	(1487, 2646, 'MADRE', '1', '0'),
	(1488, 2648, 'MADRE', '1', '0'),
	(1489, 2650, 'PADRE', '1', '0'),
	(1490, 2652, 'PADRE', '1', '0'),
	(1491, 2654, 'MADRE', '1', '0'),
	(1492, 2656, 'MADRE', '1', '0'),
	(1493, 2658, 'MADRE', '1', '0'),
	(1494, 2660, 'PADRE', '1', '0'),
	(1495, 2662, 'MADRE', '1', '0'),
	(1496, 2664, 'PADRE', '1', '0'),
	(1497, 2666, 'MADRE', '1', '0'),
	(1498, 2668, 'MADRE', '1', '0'),
	(1499, 2670, 'MADRE', '1', '0'),
	(1500, 2672, 'MADRE', '1', '0'),
	(1501, 2674, 'PADRE', '1', '0'),
	(1502, 2676, 'MADRE', '1', '0'),
	(1503, 2678, 'PADRE', '1', '0'),
	(1504, 2680, 'MADRE', '1', '0'),
	(1505, 2682, 'PADRE', '1', '0'),
	(1506, 2684, 'MADRE', '1', '0'),
	(1507, 2686, 'MADRE', '1', '0'),
	(1508, 2688, 'MADRE', '1', '0'),
	(1509, 2690, 'PADRE', '1', '0'),
	(1510, 2692, 'MADRE', '1', '0'),
	(1511, 2694, 'MADRE', '1', '0'),
	(1512, 2696, 'MADRE', '1', '0'),
	(1513, 2698, 'PADRE', '1', '0'),
	(1514, 2700, 'PADRE', '1', '0'),
	(1515, 2702, 'PADRE', '1', '0'),
	(1516, 2704, 'MADRE', '1', '0'),
	(1517, 2706, 'PADRE', '1', '0'),
	(1518, 2708, 'PADRE', '1', '0'),
	(1519, 2710, 'MADRE', '1', '0'),
	(1520, 2712, 'MADRE', '1', '0'),
	(1521, 2714, 'PADRE', '1', '0'),
	(1522, 2716, 'MADRE', '1', '0'),
	(1523, 2718, 'MADRE', '1', '0'),
	(1524, 2720, 'PADRE', '1', '0'),
	(1525, 2722, 'MADRE', '1', '0'),
	(1526, 2725, 'PADRE', '1', '0'),
	(1527, 2727, 'PADRE', '1', '0'),
	(1528, 2730, 'MADRE', '1', '0'),
	(1529, 2732, 'MADRE', '1', '0'),
	(1530, 2734, 'MADRE', '1', '0'),
	(1531, 2736, 'PADRE', '1', '0'),
	(1532, 2738, 'PADRE', '1', '0'),
	(1533, 2740, 'PADRE', '1', '0'),
	(1534, 2742, 'PADRE', '1', '0'),
	(1535, 2744, 'PADRE', '1', '0'),
	(1536, 2746, 'PADRE', '1', '0'),
	(1537, 2748, 'PADRE', '1', '0'),
	(1538, 2750, 'MADRE', '1', '0'),
	(1539, 2752, 'PADRE', '1', '0'),
	(1540, 2754, 'MADRE', '1', '0'),
	(1541, 2756, 'PADRE', '1', '0'),
	(1542, 2758, 'MADRE', '1', '0'),
	(1543, 2760, 'MADRE', '1', '0'),
	(1544, 2762, 'PADRE', '1', '0'),
	(1545, 2764, 'MADRE', '1', '0'),
	(1546, 2766, 'MADRE', '1', '0'),
	(1547, 2768, 'MADRE', '1', '0'),
	(1548, 2770, 'PADRE', '1', '0'),
	(1549, 2772, 'MADRE', '1', '0'),
	(1550, 2775, 'MADRE', '1', '0'),
	(1551, 2777, 'MADRE', '1', '0'),
	(1552, 2779, 'MADRE', '1', '0'),
	(1553, 2781, 'PADRE', '1', '0'),
	(1554, 2783, 'MADRE', '1', '0'),
	(1555, 2785, 'PADRE', '1', '0'),
	(1556, 2787, 'MADRE', '1', '0'),
	(1557, 2789, 'MADRE', '1', '0'),
	(1558, 2791, 'MADRE', '1', '0'),
	(1559, 2794, 'MADRE', '1', '0'),
	(1560, 2796, 'PADRE', '1', '0'),
	(1561, 2798, 'PADRE', '1', '0'),
	(1562, 2800, 'MADRE', '1', '0'),
	(1563, 2802, 'PADRE', '1', '0'),
	(1564, 2804, 'MADRE', '1', '0'),
	(1565, 2806, 'MADRE', '1', '0'),
	(1566, 2808, 'MADRE', '1', '0'),
	(1567, 2810, 'PADRE', '1', '0'),
	(1568, 2812, 'MADRE', '1', '0'),
	(1569, 2814, 'PADRE', '1', '0'),
	(1570, 2816, 'PADRE', '1', '0'),
	(1571, 2818, 'PADRE', '1', '0'),
	(1572, 2820, 'PADRE', '1', '0'),
	(1573, 2822, 'MADRE', '1', '0'),
	(1574, 2824, 'MADRE', '1', '0'),
	(1575, 2826, 'PADRE', '1', '0'),
	(1576, 2828, 'MADRE', '1', '0'),
	(1577, 2830, 'MADRE', '1', '0'),
	(1578, 2832, 'MADRE', '1', '0'),
	(1579, 2834, 'PADRE', '1', '0'),
	(1580, 2836, 'MADRE', '1', '0'),
	(1581, 2838, 'PADRE', '1', '0'),
	(1582, 2840, 'MADRE', '1', '0'),
	(1583, 2842, 'MADRE', '1', '0'),
	(1584, 2844, 'PADRE', '1', '0'),
	(1585, 2846, 'MADRE', '1', '0'),
	(1586, 2848, 'MADRE', '1', '0'),
	(1587, 2850, 'MADRE', '1', '0'),
	(1588, 2852, 'PADRE', '1', '0'),
	(1589, 2854, 'PADRE', '1', '0'),
	(1590, 2856, 'MADRE', '1', '0'),
	(1591, 2859, 'MADRE', '1', '0'),
	(1592, 2861, 'PADRE', '1', '0'),
	(1593, 2863, 'MADRE', '1', '0'),
	(1594, 2865, 'MADRE', '1', '0'),
	(1595, 2867, 'MADRE', '1', '0'),
	(1596, 2869, 'PADRE', '1', '0'),
	(1597, 2871, 'MADRE', '1', '0'),
	(1598, 2873, 'PADRE', '1', '0'),
	(1599, 2875, 'MADRE', '1', '0'),
	(1600, 2877, 'MADRE', '1', '0'),
	(1601, 2879, 'MADRE', '1', '0'),
	(1602, 2881, 'OTRO', '1', '0'),
	(1603, 2883, 'PADRE', '1', '0'),
	(1604, 2885, 'PADRE', '1', '0'),
	(1605, 2887, 'MADRE', '1', '0'),
	(1606, 2889, 'PADRE', '1', '0'),
	(1607, 2891, 'PADRE', '1', '0'),
	(1608, 2893, 'MADRE', '1', '0'),
	(1609, 2895, 'MADRE', '1', '0'),
	(1610, 2897, 'MADRE', '1', '0'),
	(1611, 2899, 'MADRE', '1', '0'),
	(1612, 2901, 'MADRE', '1', '0'),
	(1613, 2903, 'MADRE', '1', '0'),
	(1614, 2905, 'PADRE', '1', '0'),
	(1615, 2907, 'MADRE', '1', '0'),
	(1616, 2909, 'MADRE', '1', '0'),
	(1617, 2911, 'MADRE', '1', '0'),
	(1618, 2913, 'PADRE', '1', '0'),
	(1619, 2915, 'MADRE', '1', '0'),
	(1620, 2917, 'MADRE', '1', '0'),
	(1621, 2919, 'PADRE', '1', '0'),
	(1622, 2921, 'MADRE', '1', '0'),
	(1623, 2923, 'PADRE', '1', '0'),
	(1624, 2925, 'MADRE', '1', '0'),
	(1625, 2927, 'PADRE', '1', '0'),
	(1626, 2929, 'PADRE', '1', '0'),
	(1627, 2931, 'MADRE', '1', '0'),
	(1628, 2933, 'MADRE', '1', '0'),
	(1629, 2935, 'MADRE', '1', '0'),
	(1630, 2937, 'PADRE', '1', '0'),
	(1631, 2939, 'PADRE', '1', '0'),
	(1632, 2941, 'MADRE', '1', '0'),
	(1633, 2943, 'PADRE', '1', '0'),
	(1634, 2945, 'PADRE', '1', '0'),
	(1635, 2947, 'MADRE', '1', '0'),
	(1636, 2949, 'MADRE', '1', '0'),
	(1637, 2951, 'MADRE', '1', '0'),
	(1638, 2953, 'PADRE', '1', '0'),
	(1639, 2955, 'MADRE', '1', '0'),
	(1640, 2957, 'PADRE', '1', '0'),
	(1641, 2959, 'MADRE', '1', '0'),
	(1642, 2961, 'MADRE', '1', '0'),
	(1643, 2963, 'PADRE', '1', '0'),
	(1644, 2965, 'MADRE', '1', '0'),
	(1645, 2967, 'MADRE', '1', '0'),
	(1646, 2969, 'PADRE', '1', '0'),
	(1647, 2971, 'PADRE', '1', '0'),
	(1648, 2973, 'PADRE', '1', '0'),
	(1649, 2975, 'PADRE', '1', '0'),
	(1650, 2977, 'MADRE', '1', '0'),
	(1651, 2979, 'PADRE', '1', '0'),
	(1652, 2981, 'MADRE', '1', '0'),
	(1653, 2983, 'MADRE', '1', '0'),
	(1654, 2985, 'MADRE', '1', '0'),
	(1655, 2987, 'MADRE', '1', '0'),
	(1656, 2989, 'MADRE', '1', '0'),
	(1657, 2991, 'MADRE', '1', '0'),
	(1658, 2993, 'MADRE', '1', '0'),
	(1659, 2995, 'PADRE', '1', '0'),
	(1660, 2997, 'PADRE', '1', '0'),
	(1661, 2999, 'PADRE', '1', '0'),
	(1662, 3001, 'MADRE', '1', '0'),
	(1663, 3003, 'MADRE', '1', '0'),
	(1664, 3005, 'MADRE', '1', '0'),
	(1665, 3007, 'PADRE', '1', '0'),
	(1666, 3009, 'MADRE', '1', '0'),
	(1667, 3011, 'MADRE', '1', '0'),
	(1668, 3013, 'PADRE', '1', '0'),
	(1669, 3017, 'OTRO', '1', '0'),
	(1670, 3019, 'MADRE', '1', '0'),
	(1671, 3021, 'MADRE', '1', '0'),
	(1672, 3023, 'PADRE', '1', '0'),
	(1673, 3025, 'PADRE', '1', '0'),
	(1674, 3027, 'MADRE', '1', '0'),
	(1675, 3029, 'MADRE', '1', '0'),
	(1676, 3031, 'MADRE', '1', '0'),
	(1677, 3033, 'PADRE', '1', '0'),
	(1678, 3035, 'PADRE', '1', '0'),
	(1679, 3037, 'PADRE', '1', '0'),
	(1680, 3039, 'PADRE', '1', '0'),
	(1681, 3041, 'MADRE', '1', '0'),
	(1682, 3043, 'MADRE', '1', '0'),
	(1683, 3045, 'MADRE', '1', '0'),
	(1684, 6, 'PADRE', '1', '0'),
	(1685, 3048, 'PADRE', '1', '0'),
	(1686, 3050, 'MADRE', '1', '0'),
	(1687, 3052, 'PADRE', '1', '0'),
	(1688, 3054, 'MADRE', '1', '0'),
	(1689, 3056, 'PADRE', '1', '0'),
	(1690, 3058, 'MADRE', '1', '0'),
	(1691, 3060, 'MADRE', '1', '0'),
	(1692, 3062, 'MADRE', '1', '0'),
	(1693, 3064, 'MADRE', '1', '0'),
	(1694, 3066, 'PADRE', '1', '0'),
	(1695, 1728, 'MADRE', '1', '0'),
	(1696, 3067, 'MADRE', '1', '0'),
	(1697, 3068, 'PADRE', '1', '0'),
	(1698, 3069, 'MADRE', '1', '0'),
	(1699, 3070, 'PADRE', '1', '0'),
	(1700, 1734, 'MADRE', '1', '0'),
	(1701, 3071, 'PADRE', '1', '0'),
	(1702, 3072, 'PADRE', '1', '0'),
	(1703, 1738, 'MADRE', '1', '0'),
	(1704, 3073, 'PADRE', '1', '0'),
	(1705, 3074, 'PADRE', '1', '0'),
	(1706, 3075, 'MADRE', '1', '0'),
	(1707, 1743, 'MADRE', '1', '0'),
	(1708, 3076, 'PADRE', '1', '0'),
	(1709, 3077, 'MADRE', '1', '0'),
	(1710, 1747, 'MADRE', '1', '0'),
	(1711, 1749, 'MADRE', '1', '0'),
	(1712, 3078, 'MADRE', '1', '0'),
	(1713, 3079, 'MADRE', '1', '0'),
	(1714, 3080, 'PADRE', '1', '0'),
	(1715, 3081, 'PADRE', '1', '0'),
	(1716, 1756, 'MADRE', '1', '0'),
	(1717, 3082, 'PADRE', '1', '0'),
	(1718, 3083, 'PADRE', '1', '0'),
	(1719, 1760, 'MADRE', '1', '0'),
	(1720, 3084, 'MADRE', '1', '0'),
	(1721, 3085, 'PADRE', '1', '0'),
	(1722, 3086, 'PADRE', '1', '0'),
	(1723, 3087, 'PADRE', '1', '0'),
	(1724, 3088, 'PADRE', '1', '0'),
	(1725, 3089, 'MADRE', '1', '0'),
	(1726, 1768, 'MADRE', '1', '0'),
	(1727, 3090, 'PADRE', '1', '0'),
	(1728, 3091, 'PADRE', '1', '0'),
	(1729, 3092, 'PADRE', '1', '0'),
	(1730, 3093, 'MADRE', '1', '0'),
	(1731, 1774, 'MADRE', '1', '0'),
	(1732, 3094, 'PADRE', '1', '0'),
	(1733, 3095, 'MADRE', '1', '0'),
	(1734, 3096, 'MADRE', '1', '0'),
	(1735, 1779, 'MADRE', '1', '0'),
	(1736, 3097, 'MADRE', '1', '0'),
	(1737, 3098, 'PADRE', '1', '0'),
	(1738, 3099, 'MADRE', '1', '0'),
	(1739, 3100, 'PADRE', '1', '0'),
	(1740, 1785, 'MADRE', '1', '0'),
	(1741, 1787, 'PADRE', '1', '0'),
	(1742, 1789, 'MADRE', '1', '0'),
	(1743, 1791, 'MADRE', '1', '0'),
	(1744, 1793, 'MADRE', '1', '0'),
	(1745, 3101, 'PADRE', '1', '0'),
	(1746, 3102, 'PADRE', '1', '0'),
	(1747, 3103, 'PADRE', '1', '0'),
	(1748, 3104, 'MADRE', '1', '0'),
	(1749, 3105, 'PADRE', '1', '0'),
	(1750, 1800, 'MADRE', '1', '0'),
	(1751, 1802, 'PADRE', '1', '0'),
	(1752, 3106, 'MADRE', '1', '0'),
	(1753, 1805, 'MADRE', '1', '0'),
	(1754, 3107, 'PADRE', '1', '0'),
	(1755, 3108, 'MADRE', '1', '0'),
	(1756, 3109, 'MADRE', '1', '0'),
	(1757, 1810, 'PADRE', '1', '0'),
	(1758, 3110, 'MADRE', '1', '0'),
	(1759, 3111, 'MADRE', '1', '0'),
	(1760, 1814, 'MADRE', '1', '0'),
	(1761, 3112, 'MADRE', '1', '0'),
	(1762, 3113, 'MADRE', '1', '0'),
	(1763, 3114, 'MADRE', '1', '0'),
	(1764, 3115, 'PADRE', '1', '0'),
	(1765, 1820, 'MADRE', '1', '0'),
	(1766, 3116, 'MADRE', '1', '0'),
	(1767, 3117, 'MADRE', '1', '0'),
	(1768, 3118, 'PADRE', '1', '0'),
	(1769, 3119, 'PADRE', '1', '0'),
	(1770, 3120, 'PADRE', '1', '0'),
	(1771, 1827, 'MADRE', '1', '0'),
	(1772, 3121, 'MADRE', '1', '0'),
	(1773, 1830, 'MADRE', '1', '0'),
	(1774, 3122, 'PADRE', '1', '0'),
	(1775, 1833, 'MADRE', '1', '0'),
	(1776, 3123, 'PADRE', '1', '0'),
	(1777, 1836, 'PADRE', '1', '0'),
	(1778, 1838, 'MADRE', '1', '0'),
	(1779, 3124, 'PADRE', '1', '0'),
	(1780, 3125, 'PADRE', '1', '0'),
	(1781, 1842, 'PADRE', '1', '0'),
	(1782, 3126, 'PADRE', '1', '0'),
	(1783, 3127, 'MADRE', '1', '0'),
	(1784, 3128, 'MADRE', '1', '0');

-- Volcando estructura para tabla db_academico.asignacion_curso
CREATE TABLE IF NOT EXISTS `asignacion_curso` (
  `asig_id` int(11) NOT NULL AUTO_INCREMENT,
  `pa_id` int(11) DEFAULT NULL,
  `niv_id` int(11) DEFAULT NULL,
  `curso` varchar(255) DEFAULT NULL,
  `asig_is_deleted` char(1) DEFAULT '0' COMMENT '1: Eliminado; 0:No Eliminado',
  PRIMARY KEY (`asig_id`) USING BTREE,
  KEY `FK_asignacion_curso_nivel` (`niv_id`),
  KEY `FK_asignacion_curso_personal_academico` (`pa_id`),
  CONSTRAINT `FK_asignacion_curso_nivel` FOREIGN KEY (`niv_id`) REFERENCES `nivel` (`niv_id`) ON DELETE CASCADE ON UPDATE CASCADE,
  CONSTRAINT `FK_asignacion_curso_personal_academico` FOREIGN KEY (`pa_id`) REFERENCES `personal_academico` (`pa_id`) ON DELETE CASCADE ON UPDATE CASCADE
) ENGINE=InnoDB AUTO_INCREMENT=57 DEFAULT CHARSET=latin1;

-- Volcando datos para la tabla db_academico.asignacion_curso: ~39 rows (aproximadamente)
INSERT INTO `asignacion_curso` (`asig_id`, `pa_id`, `niv_id`, `curso`, `asig_is_deleted`) VALUES
	(14, 5, 2, 'Matemática', '0'),
	(15, 6, 2, 'Desarrollo personal, ciudadanía y cívica', '0'),
	(16, 7, 2, 'Comunicación', '0'),
	(17, 8, 2, 'Desarrollo personal, ciudadanía y cívica', '0'),
	(18, 9, 2, 'Matemática', '1'),
	(19, 10, 2, 'Ciencia y tecnología', '0'),
	(20, 11, 2, 'Ciencias sociales', '0'),
	(21, 12, 2, 'Matemática', '0'),
	(22, 13, 2, 'Matemática', '0'),
	(23, 14, 2, 'Matemática', '0'),
	(24, 15, 2, 'Matemática', '0'),
	(25, 16, 2, 'Ciencia y tecnología', '0'),
	(26, 17, 2, 'Ciencia y tecnología', '0'),
	(27, 18, 2, 'Desarrollo personal, ciudadanía y cívica', '0'),
	(28, 19, 2, 'Inglés', '0'),
	(29, 20, 2, 'Educación religiosa', '0'),
	(30, 21, 2, 'Educación física', '0'),
	(31, 22, 2, 'Comunicación', '0'),
	(32, 23, 2, 'Ciencias sociales', '0'),
	(33, 24, 2, 'Educación para el trabajo', '0'),
	(34, 25, 2, 'Arte y cultura', '1'),
	(35, 26, 2, 'Inglés', '0'),
	(36, 27, 2, 'Ciencias sociales', '1'),
	(37, 28, 2, 'Educación física', '0'),
	(38, 29, 2, 'Comunicación', '0'),
	(39, 30, 2, 'Ciencias sociales', '0'),
	(40, 31, 2, 'Comunicación', '0'),
	(41, 32, 2, 'Comunicación', '0'),
	(42, 33, 2, 'Educación para el trabajo', '0'),
	(43, 34, 2, 'Educación religiosa', '0'),
	(44, 35, 2, 'Comunicación', '0'),
	(45, 36, 2, 'Matemática', '0'),
	(46, 38, 2, 'Arte y cultura', '0'),
	(47, 39, 2, 'Ciencia y tecnología', '0'),
	(48, 40, 2, 'Comunicación', '0'),
	(49, 27, 2, 'Ciencias sociales', '0'),
	(50, 9, 2, 'Matemática', '0'),
	(51, 25, 2, 'Ciencias sociales', '1'),
	(52, 25, 2, 'Arte y cultura', '1'),
	(53, 25, 2, 'Arte y cultura', '1'),
	(54, 25, 2, 'Arte y cultura', '1'),
	(55, 25, 2, 'Arte y cultura', '0'),
	(56, 37, 2, 'Ciencia y tecnología', '0');

-- Volcando estructura para tabla db_academico.asignacion_grado
CREATE TABLE IF NOT EXISTS `asignacion_grado` (
  `asig_id` int(11) NOT NULL AUTO_INCREMENT,
  `pa_id` int(11) DEFAULT NULL,
  `niv_id` int(11) DEFAULT NULL,
  `gra_id` int(11) DEFAULT NULL,
  `seccion` varchar(255) DEFAULT NULL,
  `asig_is_deleted` char(1) DEFAULT '0' COMMENT '1: Eliminado; 0:No Eliminado',
  PRIMARY KEY (`asig_id`) USING BTREE,
  KEY `FK_asignacion_curso_nivel` (`niv_id`) USING BTREE,
  KEY `FK_asignacion_curso_personal_academico` (`pa_id`) USING BTREE,
  KEY `FK_asignacion_grado_grado` (`gra_id`),
  CONSTRAINT `FK_asignacion_grado_grado` FOREIGN KEY (`gra_id`) REFERENCES `grado` (`gra_id`) ON DELETE CASCADE ON UPDATE CASCADE,
  CONSTRAINT `asignacion_grado_ibfk_1` FOREIGN KEY (`niv_id`) REFERENCES `nivel` (`niv_id`) ON DELETE CASCADE ON UPDATE CASCADE,
  CONSTRAINT `asignacion_grado_ibfk_2` FOREIGN KEY (`pa_id`) REFERENCES `personal_academico` (`pa_id`) ON DELETE CASCADE ON UPDATE CASCADE
) ENGINE=InnoDB AUTO_INCREMENT=295 DEFAULT CHARSET=latin1 ROW_FORMAT=DYNAMIC;

-- Volcando datos para la tabla db_academico.asignacion_grado: ~217 rows (aproximadamente)
INSERT INTO `asignacion_grado` (`asig_id`, `pa_id`, `niv_id`, `gra_id`, `seccion`, `asig_is_deleted`) VALUES
	(66, 25, 2, 23, 'C', '0'),
	(67, 25, 2, 22, 'E', '0'),
	(68, 25, 2, 22, 'D', '0'),
	(69, 25, 2, 23, 'E', '0'),
	(70, 25, 2, 23, 'B', '0'),
	(71, 25, 2, 23, 'A', '0'),
	(72, 25, 2, 22, 'C', '0'),
	(73, 25, 2, 22, 'A', '0'),
	(74, 25, 2, 21, 'D', '0'),
	(75, 25, 2, 21, 'E', '0'),
	(76, 25, 2, 23, 'D', '0'),
	(77, 25, 2, 22, 'B', '0'),
	(78, 35, 2, 20, 'C', '0'),
	(79, 35, 2, 20, 'D', '0'),
	(80, 35, 2, 23, 'E', '0'),
	(81, 5, 2, 23, 'C', '0'),
	(82, 5, 2, 23, 'A', '0'),
	(83, 8, 2, 23, 'A', '0'),
	(84, 8, 2, 23, 'C', '0'),
	(85, 8, 2, 23, 'B', '0'),
	(86, 8, 2, 23, 'D', '0'),
	(87, 8, 2, 23, 'E', '0'),
	(88, 8, 2, 22, 'B', '0'),
	(89, 8, 2, 22, 'C', '0'),
	(90, 8, 2, 22, 'A', '0'),
	(91, 27, 2, 23, 'B', '0'),
	(92, 27, 2, 23, 'E', '0'),
	(93, 27, 2, 20, 'D', '0'),
	(94, 27, 2, 23, 'C', '0'),
	(95, 27, 2, 23, 'D', '0'),
	(96, 27, 2, 23, 'A', '0'),
	(97, 21, 2, 21, 'A', '0'),
	(98, 21, 2, 23, 'A', '0'),
	(99, 21, 2, 22, 'E', '0'),
	(100, 21, 2, 22, 'B', '0'),
	(101, 21, 2, 23, 'E', '0'),
	(102, 21, 2, 22, 'C', '0'),
	(103, 21, 2, 23, 'C', '0'),
	(104, 21, 2, 22, 'A', '0'),
	(105, 21, 2, 23, 'B', '0'),
	(106, 21, 2, 22, 'F', '0'),
	(107, 21, 2, 23, 'D', '0'),
	(108, 21, 2, 22, 'D', '0'),
	(109, 21, 2, 21, 'B', '0'),
	(110, 17, 2, 22, 'B', '0'),
	(111, 17, 2, 22, 'A', '0'),
	(112, 17, 2, 22, 'D', '0'),
	(113, 17, 2, 22, 'E', '0'),
	(114, 17, 2, 22, 'F', '0'),
	(115, 17, 2, 22, 'C', '0'),
	(116, 17, 2, 21, 'C', '0'),
	(117, 14, 2, 19, 'B', '0'),
	(118, 14, 2, 19, 'C', '0'),
	(119, 14, 2, 19, 'A', '0'),
	(120, 14, 2, 19, 'D', '0'),
	(121, 30, 2, 21, 'D', '0'),
	(122, 30, 2, 21, 'A', '0'),
	(123, 30, 2, 21, 'B', '0'),
	(124, 30, 2, 20, 'B', '0'),
	(125, 30, 2, 21, 'C', '0'),
	(126, 30, 2, 21, 'E', '0'),
	(127, 19, 2, 23, 'D', '0'),
	(128, 19, 2, 23, 'E', '0'),
	(129, 19, 2, 20, 'A', '0'),
	(130, 19, 2, 23, 'A', '0'),
	(131, 19, 2, 23, 'C', '0'),
	(132, 19, 2, 20, 'C', '0'),
	(133, 19, 2, 21, 'A', '0'),
	(134, 19, 2, 21, 'D', '0'),
	(135, 19, 2, 21, 'C', '0'),
	(136, 19, 2, 21, 'E', '0'),
	(137, 19, 2, 21, 'B', '0'),
	(138, 19, 2, 23, 'B', '0'),
	(139, 16, 2, 20, 'D', '0'),
	(140, 16, 2, 21, 'B', '0'),
	(141, 16, 2, 20, 'C', '0'),
	(142, 16, 2, 20, 'B', '0'),
	(143, 16, 2, 21, 'A', '0'),
	(144, 16, 2, 20, 'A', '0'),
	(145, 23, 2, 20, 'A', '0'),
	(146, 23, 2, 19, 'D', '0'),
	(147, 23, 2, 19, 'E', '0'),
	(148, 23, 2, 19, 'B', '0'),
	(149, 23, 2, 19, 'A', '0'),
	(150, 23, 2, 19, 'C', '0'),
	(151, 15, 2, 22, 'C', '0'),
	(152, 15, 2, 22, 'B', '0'),
	(153, 15, 2, 22, 'A', '0'),
	(154, 15, 2, 22, 'D', '0'),
	(155, 11, 2, 22, 'A', '0'),
	(156, 11, 2, 22, 'C', '0'),
	(157, 11, 2, 22, 'D', '0'),
	(158, 11, 2, 22, 'F', '0'),
	(159, 11, 2, 22, 'B', '0'),
	(160, 11, 2, 22, 'E', '0'),
	(161, 18, 2, 19, 'C', '0'),
	(162, 18, 2, 19, 'D', '0'),
	(163, 18, 2, 20, 'C', '0'),
	(164, 18, 2, 19, 'B', '0'),
	(165, 18, 2, 20, 'B', '0'),
	(166, 18, 2, 20, 'A', '0'),
	(167, 18, 2, 19, 'E', '0'),
	(168, 18, 2, 19, 'A', '0'),
	(169, 12, 2, 21, 'A', '0'),
	(170, 12, 2, 21, 'C', '0'),
	(171, 12, 2, 21, 'D', '0'),
	(172, 12, 2, 21, 'B', '0'),
	(173, 9, 2, 20, 'B', '0'),
	(174, 9, 2, 20, 'A', '0'),
	(175, 9, 2, 20, 'C', '0'),
	(176, 9, 2, 20, 'D', '0'),
	(177, 33, 2, 21, 'B', '0'),
	(178, 33, 2, 20, 'A', '0'),
	(179, 33, 2, 19, 'D', '0'),
	(180, 33, 2, 19, 'C', '0'),
	(181, 33, 2, 19, 'B', '0'),
	(182, 33, 2, 20, 'D', '0'),
	(183, 33, 2, 19, 'E', '0'),
	(184, 33, 2, 19, 'A', '0'),
	(185, 33, 2, 21, 'C', '0'),
	(186, 33, 2, 20, 'C', '0'),
	(187, 33, 2, 21, 'D', '0'),
	(188, 33, 2, 21, 'A', '0'),
	(189, 33, 2, 20, 'B', '0'),
	(190, 36, 2, 19, 'E', '0'),
	(191, 36, 2, 22, 'E', '0'),
	(192, 36, 2, 23, 'D', '0'),
	(193, 36, 2, 21, 'E', '0'),
	(194, 6, 2, 21, 'C', '0'),
	(195, 6, 2, 21, 'E', '0'),
	(196, 6, 2, 22, 'E', '0'),
	(197, 6, 2, 23, 'A', '0'),
	(198, 6, 2, 22, 'F', '0'),
	(199, 6, 2, 21, 'B', '0'),
	(200, 6, 2, 21, 'A', '0'),
	(201, 6, 2, 22, 'D', '0'),
	(202, 6, 2, 21, 'D', '0'),
	(203, 20, 2, 22, 'B', '0'),
	(204, 20, 2, 22, 'D', '0'),
	(205, 20, 2, 23, 'D', '0'),
	(206, 20, 2, 22, 'F', '0'),
	(207, 20, 2, 22, 'A', '0'),
	(208, 20, 2, 22, 'C', '0'),
	(209, 20, 2, 23, 'C', '0'),
	(210, 20, 2, 23, 'A', '0'),
	(211, 20, 2, 21, 'A', '0'),
	(212, 20, 2, 22, 'E', '0'),
	(213, 20, 2, 21, 'B', '0'),
	(214, 20, 2, 23, 'E', '0'),
	(215, 20, 2, 23, 'B', '0'),
	(216, 7, 2, 21, 'B', '0'),
	(217, 7, 2, 21, 'D', '0'),
	(218, 7, 2, 21, 'A', '0'),
	(219, 7, 2, 21, 'C', '0'),
	(220, 13, 2, 22, 'F', '0'),
	(221, 13, 2, 23, 'B', '0'),
	(222, 13, 2, 23, 'E', '0'),
	(223, 10, 2, 19, 'D', '0'),
	(224, 10, 2, 21, 'D', '0'),
	(225, 10, 2, 19, 'A', '0'),
	(226, 10, 2, 19, 'E', '0'),
	(227, 10, 2, 19, 'C', '0'),
	(228, 10, 2, 19, 'B', '0'),
	(229, 24, 2, 22, 'E', '0'),
	(230, 24, 2, 23, 'B', '0'),
	(231, 24, 2, 23, 'D', '0'),
	(232, 24, 2, 22, 'D', '0'),
	(233, 24, 2, 22, 'A', '0'),
	(234, 24, 2, 22, 'B', '0'),
	(235, 24, 2, 23, 'C', '0'),
	(236, 24, 2, 22, 'F', '0'),
	(237, 24, 2, 21, 'E', '0'),
	(238, 24, 2, 23, 'A', '0'),
	(239, 24, 2, 23, 'E', '0'),
	(240, 24, 2, 22, 'C', '0'),
	(241, 32, 2, 20, 'B', '0'),
	(242, 32, 2, 20, 'D', '0'),
	(243, 32, 2, 20, 'A', '0'),
	(244, 32, 2, 20, 'C', '0'),
	(245, 28, 2, 21, 'E', '0'),
	(246, 28, 2, 19, 'A', '0'),
	(247, 28, 2, 20, 'C', '0'),
	(248, 28, 2, 19, 'D', '0'),
	(249, 28, 2, 20, 'A', '0'),
	(250, 28, 2, 20, 'B', '0'),
	(251, 28, 2, 21, 'D', '0'),
	(252, 28, 2, 19, 'E', '0'),
	(253, 28, 2, 21, 'C', '0'),
	(254, 28, 2, 20, 'D', '0'),
	(255, 28, 2, 19, 'B', '0'),
	(256, 28, 2, 19, 'C', '0'),
	(257, 31, 2, 23, 'D', '0'),
	(258, 31, 2, 23, 'C', '0'),
	(259, 31, 2, 23, 'A', '0'),
	(260, 31, 2, 23, 'B', '0'),
	(261, 34, 2, 19, 'A', '0'),
	(262, 34, 2, 20, 'D', '0'),
	(263, 34, 2, 19, 'B', '0'),
	(264, 34, 2, 21, 'D', '0'),
	(265, 34, 2, 20, 'B', '0'),
	(266, 34, 2, 21, 'C', '0'),
	(267, 34, 2, 21, 'E', '0'),
	(268, 34, 2, 19, 'D', '0'),
	(269, 34, 2, 20, 'C', '0'),
	(270, 34, 2, 20, 'A', '0'),
	(271, 34, 2, 19, 'C', '0'),
	(272, 34, 2, 19, 'E', '0'),
	(273, 40, 2, 21, 'E', '0'),
	(274, 40, 2, 22, 'F', '0'),
	(275, 40, 2, 19, 'E', '0'),
	(276, 40, 2, 22, 'E', '0'),
	(277, 29, 2, 22, 'D', '0'),
	(278, 29, 2, 22, 'B', '0'),
	(279, 29, 2, 22, 'C', '0'),
	(280, 29, 2, 22, 'A', '0'),
	(281, 39, 2, 21, 'C', '1'),
	(282, 22, 2, 19, 'B', '0'),
	(283, 22, 2, 19, 'C', '0'),
	(284, 22, 2, 19, 'D', '0'),
	(285, 22, 2, 19, 'A', '0'),
	(286, 39, 2, 21, 'C', '1'),
	(287, 39, 2, 21, 'C', '1'),
	(288, 39, 2, 23, 'A', '1'),
	(289, 37, 2, 23, 'A', '0'),
	(290, 37, 2, 23, 'B', '0'),
	(291, 37, 2, 23, 'D', '0'),
	(292, 37, 2, 23, 'C', '0'),
	(293, 37, 2, 23, 'E', '0'),
	(294, 39, 2, 21, 'C', '0');

-- Volcando estructura para tabla db_academico.asistencia_alumno
CREATE TABLE IF NOT EXISTS `asistencia_alumno` (
  `asis_id` int(11) NOT NULL,
  `asis_fecha` char(18) DEFAULT NULL,
  `asis_estado` char(18) DEFAULT NULL,
  `alu_id` int(11) DEFAULT NULL,
  `asis_justificado` char(18) DEFAULT NULL,
  `jus_id` int(11) DEFAULT NULL,
  PRIMARY KEY (`asis_id`),
  KEY `R_38` (`alu_id`),
  KEY `R_40` (`jus_id`),
  CONSTRAINT `asistencia_alumno_ibfk_2` FOREIGN KEY (`jus_id`) REFERENCES `justificacion` (`jus_id`)
) ENGINE=InnoDB DEFAULT CHARSET=latin1;

-- Volcando datos para la tabla db_academico.asistencia_alumno: ~0 rows (aproximadamente)

-- Volcando estructura para tabla db_academico.asistencia_personal_academico
CREATE TABLE IF NOT EXISTS `asistencia_personal_academico` (
  `asis_id` int(11) NOT NULL,
  `asis_fecha` char(18) DEFAULT NULL,
  `asis_estado` char(18) DEFAULT NULL,
  `pa_id` int(11) DEFAULT NULL,
  `asis_justificado` char(18) DEFAULT NULL,
  `jus_id` int(11) DEFAULT NULL,
  PRIMARY KEY (`asis_id`),
  KEY `R_39` (`pa_id`),
  KEY `R_41` (`jus_id`),
  CONSTRAINT `asistencia_personal_academico_ibfk_2` FOREIGN KEY (`jus_id`) REFERENCES `justificacion` (`jus_id`)
) ENGINE=InnoDB DEFAULT CHARSET=latin1;

-- Volcando datos para la tabla db_academico.asistencia_personal_academico: ~0 rows (aproximadamente)

-- Volcando estructura para tabla db_academico.aula
CREATE TABLE IF NOT EXISTS `aula` (
  `ala_id` int(11) NOT NULL AUTO_INCREMENT,
  `ala_descripcion` varchar(255) DEFAULT NULL,
  `ala_tipo` varchar(255) DEFAULT NULL,
  `ala_aforo` int(11) DEFAULT NULL,
  `ala_ubicacion` varchar(255) DEFAULT NULL,
  `ala_estado` char(1) DEFAULT '1' COMMENT '1: Bueno; 2: Regular; 3: Malo',
  `ala_is_delete` char(1) DEFAULT '0' COMMENT '1: Eliminado; 0:No Eliminado',
  `ala_en_uso` char(1) DEFAULT '2' COMMENT '1: Ocupada; 2: Vacia',
  PRIMARY KEY (`ala_id`)
) ENGINE=InnoDB AUTO_INCREMENT=35 DEFAULT CHARSET=latin1;

-- Volcando datos para la tabla db_academico.aula: ~32 rows (aproximadamente)
INSERT INTO `aula` (`ala_id`, `ala_descripcion`, `ala_tipo`, `ala_aforo`, `ala_ubicacion`, `ala_estado`, `ala_is_delete`, `ala_en_uso`) VALUES
	(3, 'Oficinas Adminitrativas', 'Oficina', 10, 'Pabellon 1 - Primer Piso', '1', '0', '2'),
	(4, 'A-01', 'Aula de Clases', 40, 'Pabellon 1 - Primer Piso', '1', '0', '1'),
	(5, 'A-02', 'Aula de Clases', 40, 'Pabellon 1 - Primer Piso', '1', '0', '1'),
	(6, 'A-03', 'Aula de Clases', 40, 'Pabellon 1 - Primer Piso', '1', '0', '1'),
	(7, 'A-04', 'Aula de Clases', 40, 'Pabellon 1 - Segundo Piso', '1', '0', '1'),
	(8, 'A-05', 'Aula de Clases', 40, 'Pabellon 1 - Segundo Piso', '1', '0', '1'),
	(9, 'A-06', 'Aula de Clases', 40, 'Pabellon 1 - Segundo Piso', '1', '0', '1'),
	(10, 'A-07', 'Aula de Clases', 40, 'Pabellon 1 - Segundo Piso', '1', '0', '1'),
	(11, 'A-08', 'Aula de Clases', 40, 'Pabellon 1 - Segundo Piso', '1', '0', '1'),
	(12, 'A-09', 'Aula de Clases', 40, 'Pabellon 1 - Tercer Piso', '1', '0', '1'),
	(13, 'A-10', 'Aula de Clases', 40, 'Pabellon 1 - Tercer Piso', '1', '0', '1'),
	(14, 'A-11', 'Aula de Clases', 40, 'Pabellon 1 - Tercer Piso', '1', '0', '1'),
	(15, 'A-12', 'Aula de Clases', 40, 'Pabellon 1 - Tercer Piso', '1', '0', '1'),
	(16, 'A-13', 'Aula de Clases', 40, 'Pabellon 1 - Tercer Piso', '1', '0', '1'),
	(17, 'Cocina', 'Extra', 5, 'Pabellon 2 - Primer Piso', '1', '0', '2'),
	(18, 'Salon Multi Usos', 'Extra', 15, 'Pabellon 2 - Primer Piso', '1', '0', '2'),
	(19, 'A-14', 'Aula de Clases', 40, 'Pabellon 2 - Primer Piso', '1', '0', '1'),
	(20, 'Deposito', 'Extra', 10, 'Pabellon 2 - Segundo Piso', '1', '0', '2'),
	(21, 'Laboratorio', 'Aula de Clases', 40, 'Pabellon 2 - Segundo Piso', '1', '0', '1'),
	(22, 'A-15', 'Aula de Clases', 40, 'Pabellon 2 - Segundo Piso', '1', '0', '1'),
	(23, 'AIP - PRIMARIA', 'Aula de Clases', 40, 'Pabellon 2 - Tercer Piso', '1', '0', '2'),
	(24, ' AIP - SECUNDARIA', 'Aula de Clases', 40, 'Pabellon 2 - Tercer Piso', '1', '0', '2'),
	(25, 'Deposito', 'Extra', 10, 'Pabellon 2 - Tercer Piso', '1', '0', '2'),
	(26, 'A-16', 'Aula de Clases', 40, 'Pabellon 3 - Primer Piso', '1', '0', '1'),
	(27, 'A-17', 'Aula de Clases', 40, 'Pabellon 3 - Primer Piso', '1', '0', '1'),
	(28, 'A-18', 'Aula de Clases', 40, 'Pabellon 3 - Primer Piso', '1', '0', '1'),
	(29, 'A-19', 'Aula de Clases', 40, 'Pabellon 3 - Segundo Piso', '1', '0', '1'),
	(30, 'A-20', 'Aula de Clases', 40, 'Pabellon 3 - Segundo Piso', '1', '0', '1'),
	(31, 'A-21', 'Aula de Clases', 40, 'Pabellon 3 - Segundo Piso', '1', '0', '1'),
	(32, 'A-22', 'Aula de Clases', 40, 'Pabellon 3 - Tercer Piso', '1', '0', '1'),
	(33, 'A-23', 'Aula de Clases', 40, 'Pabellon 3 - Tercer Piso', '1', '0', '1'),
	(34, 'A-24', 'Aula de Clases', 40, 'Pabellon 3 - Tercer Piso', '1', '0', '1');

-- Volcando estructura para tabla db_academico.año
CREATE TABLE IF NOT EXISTS `año` (
  `año_id` int(11) NOT NULL AUTO_INCREMENT,
  `año_descripcion` varchar(50) NOT NULL DEFAULT '0',
  `año_fechaInicio` date DEFAULT NULL,
  `año_fechaFin` date DEFAULT NULL,
  `año_duracionHoraAcademica` varchar(255) DEFAULT NULL,
  `año_duracionHoraLibre` varchar(255) DEFAULT NULL,
  `año_cantidadPersonal` int(11) DEFAULT NULL,
  `año_tallerSeleccionable` char(1) DEFAULT NULL COMMENT '1: SI; 2: NO',
  `año_estado` char(1) DEFAULT NULL COMMENT '1: Activo; 2: Inactivo',
  `is_deleted` char(1) DEFAULT '0' COMMENT '1: Eliminado; 0:No Eliminado',
  KEY `Índice 1` (`año_id`)
) ENGINE=InnoDB AUTO_INCREMENT=3 DEFAULT CHARSET=latin1;

-- Volcando datos para la tabla db_academico.año: ~0 rows (aproximadamente)
INSERT INTO `año` (`año_id`, `año_descripcion`, `año_fechaInicio`, `año_fechaFin`, `año_duracionHoraAcademica`, `año_duracionHoraLibre`, `año_cantidadPersonal`, `año_tallerSeleccionable`, `año_estado`, `is_deleted`) VALUES
	(1, '2022', '2022-03-01', '2022-12-31', '45 min', '15 min', 50, '2', '0', '0'),
	(2, '2023', '2023-03-01', '2023-12-31', '45 min', '15 min', 50, '2', '1', '0');

-- Volcando estructura para tabla db_academico.capacidad
CREATE TABLE IF NOT EXISTS `capacidad` (
  `cap_id` int(11) NOT NULL AUTO_INCREMENT,
  `cap_descripcion` varchar(255) NOT NULL DEFAULT '',
  `cur_id` int(11) DEFAULT NULL,
  `cap_is_deleted` int(11) DEFAULT '0' COMMENT '1: Eliminado; 0:No Eliminado',
  PRIMARY KEY (`cap_id`),
  KEY `R_48` (`cur_id`)
) ENGINE=InnoDB AUTO_INCREMENT=143 DEFAULT CHARSET=latin1;

-- Volcando datos para la tabla db_academico.capacidad: ~140 rows (aproximadamente)
INSERT INTO `capacidad` (`cap_id`, `cap_descripcion`, `cur_id`, `cap_is_deleted`) VALUES
	(3, 'Construye su identidad', 21, 0),
	(4, 'Convive y participa democráticamente en la  búsqueda del bien común', 21, 0),
	(5, 'Construye su identidad', 22, 0),
	(6, 'Convive y participa democráticamente en la  búsqueda del bien común', 22, 0),
	(7, 'Construye su identidad', 23, 0),
	(8, 'Convive y participa democráticamente en la  búsqueda del bien común', 23, 0),
	(9, 'Construye su identidad', 24, 0),
	(10, 'Convive y participa democráticamente en la  búsqueda del bien común', 24, 0),
	(11, 'Construye su identidad', 25, 0),
	(12, 'Convive y participa democráticamente en la  búsqueda del bien común', 25, 0),
	(13, 'Construye interpretaciones históricas', 26, 0),
	(14, 'Gestiona responsablemente el espacio y el ambiente', 26, 0),
	(15, 'Gestiona responsablemente los recursos  económicos', 26, 0),
	(16, 'Construye interpretaciones históricas', 27, 0),
	(17, 'Gestiona responsablemente el espacio y el ambiente', 27, 0),
	(18, 'Gestiona responsablemente los recursos  económicos', 27, 0),
	(19, 'Construye interpretaciones históricas', 28, 0),
	(20, 'Gestiona responsablemente el espacio y el ambiente', 28, 0),
	(21, 'Gestiona responsablemente los recursos  económicos', 28, 0),
	(22, 'Construye interpretaciones históricas', 29, 0),
	(23, 'Gestiona responsablemente el espacio y el ambiente', 29, 0),
	(24, 'Gestiona responsablemente los recursos  económicos', 29, 0),
	(25, 'Construye interpretaciones históricas', 30, 0),
	(26, 'Gestiona responsablemente el espacio y el ambiente', 30, 0),
	(27, 'Gestiona responsablemente los recursos  económicos', 30, 0),
	(28, 'Gestiona proyectos de emprendimiento económico o   social', 31, 0),
	(29, 'Gestiona proyectos de emprendimiento económico o   social', 32, 0),
	(30, 'Gestiona proyectos de emprendimiento económico o   social', 33, 0),
	(31, 'Gestiona proyectos de emprendimiento económico o   social', 34, 0),
	(32, 'Gestiona proyectos de emprendimiento económico o   social', 35, 0),
	(33, 'Se desenvuelve de manera autónoma a través de su motricidad', 36, 0),
	(34, 'Asume una vida saludable', 36, 0),
	(35, 'Interactúa a través de sus habilidades sociomotrices', 36, 0),
	(36, 'Se desenvuelve de manera autónoma a través de su motricidad', 37, 0),
	(37, 'Asume una vida saludable', 37, 0),
	(38, 'Interactúa a través de sus habilidades sociomotrices', 37, 0),
	(39, 'Se desenvuelve de manera autónoma a través de su motricidad', 38, 0),
	(40, 'Asume una vida saludable', 38, 0),
	(41, 'Interactúa a través de sus habilidades sociomotrices', 38, 0),
	(42, 'Se desenvuelve de manera autónoma a través de su motricidad', 39, 0),
	(43, 'Asume una vida saludable', 39, 0),
	(44, 'Interactúa a través de sus habilidades sociomotrices', 39, 0),
	(45, 'Se desenvuelve de manera autónoma a través de su motricidad', 40, 0),
	(46, 'Asume una vida saludable', 40, 0),
	(47, 'Interactúa a través de sus habilidades sociomotrices', 40, 0),
	(48, 'Se comunica oralmente en su lengua materna', 41, 0),
	(49, 'Lee diversos tipos de textos escritos en su lengua  materna', 41, 0),
	(50, 'Escribe diversos tipos de textos en su lengua materna', 41, 0),
	(51, 'Se comunica oralmente en su lengua materna', 42, 0),
	(52, 'Lee diversos tipos de textos escritos en su lengua  materna', 42, 0),
	(53, 'Escribe diversos tipos de textos en su lengua materna', 42, 0),
	(54, 'Se comunica oralmente en su lengua materna', 43, 0),
	(55, 'Lee diversos tipos de textos escritos en su lengua  materna', 43, 0),
	(56, 'Escribe diversos tipos de textos en su lengua materna', 43, 0),
	(57, 'Se comunica oralmente en su lengua materna', 44, 0),
	(58, 'Lee diversos tipos de textos escritos en su lengua  materna', 44, 0),
	(59, 'Escribe diversos tipos de textos en su lengua materna', 44, 0),
	(60, 'Se comunica oralmente en su lengua materna', 45, 0),
	(61, 'Lee diversos tipos de textos escritos en su lengua  materna', 45, 0),
	(62, 'Escribe diversos tipos de textos en su lengua materna', 45, 0),
	(63, 'Aprecia de manera crítica manifestaciones artísticoculturales', 46, 0),
	(64, 'Crea proyectos desde los lenguajes artísticos', 46, 0),
	(65, 'Aprecia de manera crítica manifestaciones artísticoculturales', 47, 0),
	(66, 'Crea proyectos desde los lenguajes artísticos', 47, 0),
	(67, 'Aprecia de manera crítica manifestaciones artísticoculturales', 48, 0),
	(68, 'Crea proyectos desde los lenguajes artísticos', 48, 0),
	(69, 'Aprecia de manera crítica manifestaciones artísticoculturales', 49, 0),
	(70, 'Crea proyectos desde los lenguajes artísticos', 49, 0),
	(71, 'Aprecia de manera crítica manifestaciones artísticoculturales', 50, 0),
	(72, 'Crea proyectos desde los lenguajes artísticos', 50, 0),
	(73, 'Se comunica oralmente en inglés como lengua extranjera', 51, 0),
	(74, 'Lee diversos tipos de textos escritos en inglés como lengua extranjera', 51, 0),
	(75, 'Escribe diversos tipos de textos en inglés como lengua extranjera', 51, 0),
	(76, 'Se comunica oralmente en inglés como lengua extranjera', 52, 0),
	(77, 'Lee diversos tipos de textos escritos en inglés como lengua extranjera', 52, 0),
	(78, 'Escribe diversos tipos de textos en inglés como lengua extranjera', 52, 0),
	(79, 'Se comunica oralmente en inglés como lengua extranjera', 53, 0),
	(80, 'Lee diversos tipos de textos escritos en inglés como lengua extranjera', 53, 1),
	(81, 'Escribe diversos tipos de textos en inglés como lengua extranjera', 53, 0),
	(82, 'Se comunica oralmente en inglés como lengua extranjera', 54, 0),
	(83, 'Lee diversos tipos de textos escritos en inglés como lengua extranjera', 54, 0),
	(84, 'Escribe diversos tipos de textos en inglés como lengua extranjera', 54, 0),
	(85, 'Se comunica oralmente en inglés como lengua extranjera', 55, 0),
	(86, 'Lee diversos tipos de textos escritos en inglés como lengua extranjera', 55, 0),
	(87, 'Escribe diversos tipos de textos en inglés como lengua extranjera', 55, 0),
	(88, 'Resuelve problemas de cantidad', 56, 0),
	(89, 'Resuelve problemas de regularidad, equivalencia y  cambio', 56, 0),
	(90, 'Resuelve problemas de forma, movimiento y localización', 56, 0),
	(91, 'Resuelve problemas de gestión de datos e incertidumbre', 56, 0),
	(92, 'Resuelve problemas de cantidad', 57, 0),
	(93, 'Resuelve problemas de regularidad, equivalencia y  cambio', 57, 0),
	(94, 'Resuelve problemas de forma, movimiento y localización', 57, 0),
	(95, 'Resuelve problemas de gestión de datos e incertidumbre', 57, 0),
	(96, 'Resuelve problemas de cantidad', 58, 0),
	(97, 'Resuelve problemas de regularidad, equivalencia y  cambio', 58, 0),
	(98, 'Resuelve problemas de forma, movimiento y localización', 58, 0),
	(99, 'Resuelve problemas de gestión de datos e incertidumbre', 58, 0),
	(100, 'Resuelve problemas de cantidad', 59, 0),
	(101, 'Resuelve problemas de regularidad, equivalencia y  cambio', 59, 0),
	(102, 'Resuelve problemas de forma, movimiento y localización', 59, 0),
	(103, 'Resuelve problemas de gestión de datos e incertidumbre', 59, 0),
	(104, 'Resuelve problemas de cantidad', 60, 0),
	(105, 'Resuelve problemas de regularidad, equivalencia y  cambio', 60, 0),
	(106, 'Resuelve problemas de forma, movimiento y localización', 60, 0),
	(107, 'Resuelve problemas de gestión de datos e incertidumbre', 60, 0),
	(108, 'Indaga mediante métodos científicos para construir sus conocimientos', 61, 0),
	(109, 'Explica el mundo físico basándose en conocimientos sobre los seres vivos, materia y energía, biodiversidad, Tierra y universo', 61, 0),
	(110, 'Diseña y construye soluciones tecnológicas para resolver problemas de su entorno', 61, 0),
	(111, 'Indaga mediante métodos científicos para construir sus conocimientos', 62, 0),
	(112, 'Explica el mundo físico basándose en conocimientos sobre los seres vivos, materia y energía, biodiversidad, Tierra y universo', 62, 0),
	(113, 'Diseña y construye soluciones tecnológicas para resolver problemas de su entorno', 62, 0),
	(114, 'Indaga mediante métodos científicos para construir sus conocimientos', 63, 0),
	(115, 'Explica el mundo físico basándose en conocimientos sobre los seres vivos, materia y energía, biodiversidad, Tierra y universo', 63, 0),
	(116, 'Diseña y construye soluciones tecnológicas para resolver problemas de su entorno', 63, 0),
	(117, 'Indaga mediante métodos científicos para construir sus conocimientos', 64, 0),
	(118, 'Explica el mundo físico basándose en conocimientos sobre los seres vivos, materia y energía, biodiversidad, Tierra y universo', 64, 0),
	(119, 'Diseña y construye soluciones tecnológicas para resolver problemas de su entorno', 64, 0),
	(120, 'Indaga mediante métodos científicos para construir sus conocimientos', 65, 0),
	(121, 'Explica el mundo físico basándose en conocimientos sobre los seres vivos, materia y energía, biodiversidad, Tierra y universo', 65, 0),
	(122, 'Diseña y construye soluciones tecnológicas para resolver problemas de su entorno', 65, 0),
	(123, 'Construye su identidad como persona humana, amada por Dios, digna, libre y trascendente, comprendiendo la doctrina de su propia religión, abierto al diálogo con las que le son cercanas.', 66, 0),
	(124, 'Asume la experiencia del encuentro personal y comunitario con Dios en su proyecto de vida en coherencia con su creencia religiosa.', 66, 0),
	(125, 'Construye su identidad como persona humana, amada por Dios, digna, libre y trascendente, comprendiendo la doctrina de su propia religión, abierto al diálogo con las que le son cercanas.', 67, 0),
	(126, 'Asume la experiencia del encuentro personal y comunitario con Dios en su proyecto de vida en coherencia con su creencia religiosa.', 67, 0),
	(127, 'Construye su identidad como persona humana, amada por Dios, digna, libre y trascendente, comprendiendo la doctrina de su propia religión, abierto al diálogo con las que le son cercanas.', 68, 0),
	(128, 'Asume la experiencia del encuentro personal y comunitario con Dios en su proyecto de vida en coherencia con su creencia religiosa.', 68, 0),
	(129, 'Construye su identidad como persona humana, amada por Dios, digna, libre y trascendente, comprendiendo la doctrina de su propia religión, abierto al diálogo con las que le son cercanas.', 69, 0),
	(130, 'Asume la experiencia del encuentro personal y comunitario con Dios en su proyecto de vida en coherencia con su creencia religiosa.', 69, 0),
	(131, 'Construye su identidad como persona humana, amada por Dios, digna, libre y trascendente, comprendiendo la doctrina de su propia religión, abierto al diálogo con las que le son cercanas.', 70, 0),
	(132, 'Asume la experiencia del encuentro personal y comunitario con Dios en su proyecto de vida en coherencia con su creencia religiosa.', 70, 0),
	(133, 'Se desenvuelve en entornos virtuales generados por  las TIC', 71, 0),
	(134, 'Se desenvuelve en entornos virtuales generados por  las TIC', 72, 0),
	(135, 'Se desenvuelve en entornos virtuales generados por  las TIC', 73, 0),
	(136, 'Se desenvuelve en entornos virtuales generados por  las TIC', 74, 0),
	(137, 'Se desenvuelve en entornos virtuales generados por  las TIC', 75, 0),
	(138, 'Gestiona su Aprendizaje de manera autónoma', 76, 0),
	(139, 'Gestiona su Aprendizaje de manera autónoma', 77, 0),
	(140, 'Gestiona su Aprendizaje de manera autónoma', 78, 0),
	(141, 'Gestiona su Aprendizaje de manera autónoma', 79, 0),
	(142, 'Gestiona su Aprendizaje de manera autónoma', 80, 0);

-- Volcando estructura para tabla db_academico.curso
CREATE TABLE IF NOT EXISTS `curso` (
  `cur_id` int(11) NOT NULL AUTO_INCREMENT,
  `cur_nombre` varchar(50) DEFAULT NULL,
  `cur_abreviatura` varchar(50) DEFAULT NULL,
  `cur_horas` int(11) DEFAULT NULL,
  `gra_id` int(11) DEFAULT NULL,
  `niv_id` int(11) DEFAULT NULL,
  `per_id` int(11) DEFAULT NULL,
  `cur_estado` varchar(50) DEFAULT '1' COMMENT '1: Activo; 2: Inactivo',
  `is_deleted` char(1) DEFAULT '0' COMMENT '1: Eliminado; 0:No Eliminado',
  PRIMARY KEY (`cur_id`),
  KEY `FK_curso_grado` (`gra_id`),
  KEY `FK_curso_periodo` (`per_id`),
  KEY `FK_curso_nivel` (`niv_id`),
  CONSTRAINT `FK_curso_grado` FOREIGN KEY (`gra_id`) REFERENCES `grado` (`gra_id`) ON DELETE CASCADE ON UPDATE CASCADE,
  CONSTRAINT `FK_curso_nivel` FOREIGN KEY (`niv_id`) REFERENCES `nivel` (`niv_id`) ON DELETE CASCADE ON UPDATE CASCADE,
  CONSTRAINT `FK_curso_periodo` FOREIGN KEY (`per_id`) REFERENCES `periodo` (`per_id`) ON DELETE CASCADE ON UPDATE CASCADE
) ENGINE=InnoDB AUTO_INCREMENT=81 DEFAULT CHARSET=latin1;

-- Volcando datos para la tabla db_academico.curso: ~58 rows (aproximadamente)
INSERT INTO `curso` (`cur_id`, `cur_nombre`, `cur_abreviatura`, `cur_horas`, `gra_id`, `niv_id`, `per_id`, `cur_estado`, `is_deleted`) VALUES
	(21, 'Desarrollo personal, ciudadanía y cívica', 'DPCC', 6, 19, 2, NULL, '1', '0'),
	(22, 'Desarrollo personal, ciudadanía y cívica', 'DPCC', 6, 20, 2, NULL, '1', '0'),
	(23, 'Desarrollo personal, ciudadanía y cívica', 'DPCC', 6, 21, 2, NULL, '1', '0'),
	(24, 'Desarrollo personal, ciudadanía y cívica', 'DPCC', 6, 22, 2, NULL, '1', '0'),
	(25, 'Desarrollo personal, ciudadanía y cívica', 'DPCC', 6, 23, 2, NULL, '1', '0'),
	(26, 'Ciencias sociales', 'CCSS', 5, 19, 2, NULL, '1', '0'),
	(27, 'Ciencias sociales', 'CCSS', 5, 20, 2, NULL, '1', '0'),
	(28, 'Ciencias sociales', 'CCSS', 5, 21, 2, NULL, '1', '0'),
	(29, 'Ciencias sociales', 'CCSS', 5, 22, 2, NULL, '1', '0'),
	(30, 'Ciencias sociales', 'CCSS', 5, 23, 2, NULL, '1', '0'),
	(31, 'Educación para el trabajo', 'EPT', 4, 19, 2, NULL, '1', '0'),
	(32, 'Educación para el trabajo', 'EPT', 4, 20, 2, NULL, '1', '0'),
	(33, 'Educación para el trabajo', 'EPT', 4, 21, 2, NULL, '1', '0'),
	(34, 'Educación para el trabajo', 'EPT', 4, 22, 2, NULL, '1', '0'),
	(35, 'Educación para el trabajo', 'EPT', 4, 23, 2, NULL, '1', '0'),
	(36, 'Educación física', 'FIS', 3, 19, 2, NULL, '1', '0'),
	(37, 'Educación física', 'FIS', 3, 20, 2, NULL, '1', '0'),
	(38, 'Educación física', 'FIS', 3, 21, 2, NULL, '1', '0'),
	(39, 'Educación física', 'FIS', 3, 22, 2, NULL, '1', '0'),
	(40, 'Educación física', 'FIS', 3, 23, 2, NULL, '1', '0'),
	(41, 'Comunicación', 'COM', 6, 19, 2, NULL, '1', '0'),
	(42, 'Comunicación', 'COM', 6, 20, 2, NULL, '1', '0'),
	(43, 'Comunicación', 'COM', 6, 21, 2, NULL, '1', '0'),
	(44, 'Comunicación', 'COM', 6, 22, 2, NULL, '1', '0'),
	(45, 'Comunicación', 'COM', 6, 23, 2, NULL, '1', '0'),
	(46, 'Arte y cultura', 'ARTE', 4, 19, 2, NULL, '1', '0'),
	(47, 'Arte y cultura', 'ARTE', 4, 20, 2, NULL, '1', '0'),
	(48, 'Arte y cultura', 'ARTE', 4, 21, 2, NULL, '1', '0'),
	(49, 'Arte y cultura', 'ARTE', 4, 22, 2, NULL, '1', '0'),
	(50, 'Arte y cultura', 'ARTE', 4, 23, 2, NULL, '1', '0'),
	(51, 'Inglés', 'INGLES', 4, 19, 2, NULL, '1', '0'),
	(52, 'Inglés', 'INGLES', 4, 20, 2, NULL, '1', '0'),
	(53, 'Inglés', 'INGLES', 4, 21, 2, NULL, '1', '0'),
	(54, 'Inglés', 'INGLES', 4, 22, 2, NULL, '1', '0'),
	(55, 'Inglés', 'INGLES', 4, 23, 2, NULL, '1', '0'),
	(56, 'Matemática', 'MAT', 6, 19, 2, NULL, '1', '0'),
	(57, 'Matemática', 'MAT', 6, 20, 2, NULL, '1', '0'),
	(58, 'Matemática', 'MAT', 6, 21, 2, NULL, '1', '0'),
	(59, 'Matemática', 'MAT', 6, 22, 2, NULL, '1', '0'),
	(60, 'Matemática', 'MAT', 6, 23, 2, NULL, '1', '0'),
	(61, 'Ciencia y tecnología', 'CYT', 5, 19, 2, NULL, '1', '0'),
	(62, 'Ciencia y tecnología', 'CYT', 5, 20, 2, NULL, '1', '0'),
	(63, 'Ciencia y tecnología', 'CYT', 5, 21, 2, NULL, '1', '0'),
	(64, 'Ciencia y tecnología', 'CYT', 5, 22, 2, NULL, '1', '0'),
	(65, 'Ciencia y tecnología', 'CYT', 5, 23, 2, NULL, '1', '0'),
	(66, 'Educación religiosa', 'REL', 4, 19, 2, NULL, '1', '0'),
	(67, 'Educación religiosa', 'REL', 4, 20, 2, NULL, '1', '0'),
	(68, 'Educación religiosa', 'REL', 4, 21, 2, NULL, '1', '0'),
	(69, 'Educación religiosa', 'REL', 4, 22, 2, NULL, '1', '0'),
	(70, 'Educación religiosa', 'REL', 4, 23, 2, NULL, '1', '0'),
	(71, 'Competencia transversal 1', 'CT1', 0, 19, 2, NULL, '1', '0'),
	(72, 'Competencia transversal 1', 'CT1', 0, 20, 2, NULL, '1', '0'),
	(73, 'Competencia transversal 1', 'CT1', 0, 21, 2, NULL, '1', '0'),
	(74, 'Competencia transversal 1', 'CT1', 0, 22, 2, NULL, '1', '0'),
	(75, 'Competencia transversal 1', 'CT1', 0, 23, 2, NULL, '1', '0'),
	(76, 'Competencia transversal 2', 'CT2', 0, 19, 2, NULL, '1', '0'),
	(77, 'Competencia transversal 2', 'CT2', 0, 20, 2, NULL, '1', '0'),
	(78, 'Competencia transversal 2', 'CT2', 0, 21, 2, NULL, '1', '0'),
	(79, 'Competencia transversal 2', 'CT2', 0, 22, 2, NULL, '1', '0'),
	(80, 'Competencia transversal 2', 'CT2', 0, 23, 2, NULL, '1', '0');

-- Volcando estructura para tabla db_academico.grado
CREATE TABLE IF NOT EXISTS `grado` (
  `gra_id` int(11) NOT NULL AUTO_INCREMENT,
  `gra_descripcion` varchar(255) DEFAULT NULL,
  `niv_id` int(11) DEFAULT NULL,
  `gra_estado` char(1) DEFAULT '1' COMMENT '1: Activo; 2: Inactivo',
  `gra_is_delete` char(1) DEFAULT '0' COMMENT '1: Eliminado; 0:No Eliminado',
  PRIMARY KEY (`gra_id`),
  KEY `FK_grado_nivel` (`niv_id`),
  CONSTRAINT `FK_grado_nivel` FOREIGN KEY (`niv_id`) REFERENCES `nivel` (`niv_id`) ON DELETE CASCADE ON UPDATE CASCADE
) ENGINE=InnoDB AUTO_INCREMENT=24 DEFAULT CHARSET=latin1;

-- Volcando datos para la tabla db_academico.grado: ~11 rows (aproximadamente)
INSERT INTO `grado` (`gra_id`, `gra_descripcion`, `niv_id`, `gra_estado`, `gra_is_delete`) VALUES
	(13, 'Primero', 1, '1', '0'),
	(14, 'Segundo', 1, '1', '0'),
	(15, 'Tercero', 1, '1', '0'),
	(16, 'Cuarto', 1, '1', '0'),
	(17, 'Quinto', 1, '1', '0'),
	(18, 'Sexto', 1, '1', '0'),
	(19, 'Primero', 2, '1', '0'),
	(20, 'Segundo', 2, '1', '0'),
	(21, 'Tercero', 2, '1', '0'),
	(22, 'Cuarto', 2, '1', '0'),
	(23, 'Quinto', 2, '1', '0');

-- Volcando estructura para tabla db_academico.gsa
CREATE TABLE IF NOT EXISTS `gsa` (
  `ags_id` int(11) NOT NULL AUTO_INCREMENT,
  `ala_id` int(11) DEFAULT NULL,
  `niv_id` int(11) DEFAULT NULL,
  `gra_id` int(11) DEFAULT NULL,
  `sec_id` int(11) DEFAULT NULL,
  `is_deleted` char(1) DEFAULT '0' COMMENT '1: Eliminado; 0:No Eliminado',
  PRIMARY KEY (`ags_id`),
  KEY `gsa_ibfk_1` (`ala_id`),
  KEY `FK_gsa_grado` (`gra_id`),
  KEY `FK_gsa_seccion` (`sec_id`),
  KEY `FK_gsa_nivel` (`niv_id`),
  CONSTRAINT `FK_gsa_aula` FOREIGN KEY (`ala_id`) REFERENCES `aula` (`ala_id`) ON DELETE CASCADE ON UPDATE CASCADE,
  CONSTRAINT `FK_gsa_grado` FOREIGN KEY (`gra_id`) REFERENCES `grado` (`gra_id`) ON DELETE CASCADE ON UPDATE CASCADE,
  CONSTRAINT `FK_gsa_nivel` FOREIGN KEY (`niv_id`) REFERENCES `nivel` (`niv_id`) ON DELETE CASCADE ON UPDATE CASCADE,
  CONSTRAINT `FK_gsa_seccion` FOREIGN KEY (`sec_id`) REFERENCES `seccion` (`sec_id`) ON DELETE CASCADE ON UPDATE CASCADE
) ENGINE=InnoDB AUTO_INCREMENT=714 DEFAULT CHARSET=latin1;

-- Volcando datos para la tabla db_academico.gsa: ~708 rows (aproximadamente)
INSERT INTO `gsa` (`ags_id`, `ala_id`, `niv_id`, `gra_id`, `sec_id`, `is_deleted`) VALUES
	(5, 4, 2, 19, 45, '0'),
	(6, 4, 2, 19, 45, '0'),
	(7, 4, 2, 19, 45, '0'),
	(8, 4, 2, 19, 45, '0'),
	(9, 4, 2, 19, 45, '0'),
	(10, 4, 2, 19, 45, '0'),
	(11, 4, 2, 19, 45, '0'),
	(12, 4, 2, 19, 45, '0'),
	(13, 4, 2, 19, 45, '0'),
	(14, 4, 2, 19, 45, '0'),
	(15, 4, 2, 19, 45, '0'),
	(16, 4, 2, 19, 45, '0'),
	(17, 4, 2, 19, 45, '0'),
	(18, 4, 2, 19, 45, '0'),
	(19, 4, 2, 19, 45, '0'),
	(20, 4, 2, 19, 45, '0'),
	(21, 4, 2, 19, 45, '0'),
	(22, 4, 2, 19, 45, '0'),
	(23, 4, 2, 19, 45, '0'),
	(24, 4, 2, 19, 45, '0'),
	(25, 4, 2, 19, 45, '0'),
	(26, 4, 2, 19, 45, '0'),
	(27, 4, 2, 19, 45, '0'),
	(28, 4, 2, 19, 45, '0'),
	(29, 4, 2, 19, 45, '0'),
	(30, 4, 2, 19, 45, '0'),
	(31, 4, 2, 19, 45, '0'),
	(32, 4, 2, 19, 45, '0'),
	(33, 4, 2, 19, 45, '0'),
	(34, 5, 2, 19, 46, '0'),
	(35, 5, 2, 19, 46, '0'),
	(36, 5, 2, 19, 46, '0'),
	(37, 5, 2, 19, 46, '0'),
	(38, 5, 2, 19, 46, '0'),
	(39, 5, 2, 19, 46, '0'),
	(40, 5, 2, 19, 46, '0'),
	(41, 5, 2, 19, 46, '0'),
	(42, 5, 2, 19, 46, '0'),
	(43, 5, 2, 19, 46, '0'),
	(44, 5, 2, 19, 46, '0'),
	(45, 5, 2, 19, 46, '0'),
	(46, 5, 2, 19, 46, '0'),
	(47, 5, 2, 19, 46, '0'),
	(48, 5, 2, 19, 46, '0'),
	(49, 5, 2, 19, 46, '0'),
	(50, 5, 2, 19, 46, '0'),
	(51, 5, 2, 19, 46, '0'),
	(52, 5, 2, 19, 46, '0'),
	(53, 5, 2, 19, 46, '0'),
	(54, 5, 2, 19, 46, '0'),
	(55, 5, 2, 19, 46, '0'),
	(56, 5, 2, 19, 46, '0'),
	(57, 5, 2, 19, 46, '0'),
	(58, 5, 2, 19, 46, '0'),
	(59, 5, 2, 19, 46, '0'),
	(60, 5, 2, 19, 46, '0'),
	(61, 6, 2, 19, 47, '0'),
	(62, 6, 2, 19, 47, '0'),
	(63, 6, 2, 19, 47, '0'),
	(64, 6, 2, 19, 47, '0'),
	(65, 6, 2, 19, 47, '0'),
	(66, 6, 2, 19, 47, '0'),
	(67, 6, 2, 19, 47, '0'),
	(68, 6, 2, 19, 47, '0'),
	(69, 6, 2, 19, 47, '0'),
	(70, 6, 2, 19, 47, '0'),
	(71, 6, 2, 19, 47, '0'),
	(72, 6, 2, 19, 47, '0'),
	(73, 6, 2, 19, 47, '0'),
	(74, 6, 2, 19, 47, '0'),
	(75, 6, 2, 19, 47, '0'),
	(76, 6, 2, 19, 47, '0'),
	(77, 6, 2, 19, 47, '0'),
	(78, 6, 2, 19, 47, '0'),
	(79, 6, 2, 19, 47, '0'),
	(80, 6, 2, 19, 47, '0'),
	(81, 6, 2, 19, 47, '0'),
	(82, 6, 2, 19, 47, '0'),
	(83, 6, 2, 19, 47, '0'),
	(84, 6, 2, 19, 47, '0'),
	(85, 6, 2, 19, 47, '0'),
	(86, 6, 2, 19, 47, '0'),
	(87, 6, 2, 19, 47, '0'),
	(88, 6, 2, 19, 47, '0'),
	(89, 19, 2, 19, 48, '0'),
	(90, 19, 2, 19, 48, '0'),
	(91, 19, 2, 19, 48, '0'),
	(92, 19, 2, 19, 48, '0'),
	(93, 19, 2, 19, 48, '0'),
	(94, 19, 2, 19, 48, '0'),
	(95, 19, 2, 19, 48, '0'),
	(96, 19, 2, 19, 48, '0'),
	(97, 19, 2, 19, 48, '0'),
	(98, 19, 2, 19, 48, '0'),
	(99, 19, 2, 19, 48, '0'),
	(100, 19, 2, 19, 48, '0'),
	(101, 19, 2, 19, 48, '0'),
	(102, 19, 2, 19, 48, '0'),
	(103, 19, 2, 19, 48, '0'),
	(104, 19, 2, 19, 48, '0'),
	(105, 19, 2, 19, 48, '0'),
	(106, 19, 2, 19, 48, '0'),
	(107, 19, 2, 19, 48, '0'),
	(108, 19, 2, 19, 48, '0'),
	(109, 19, 2, 19, 48, '0'),
	(110, 19, 2, 19, 48, '0'),
	(111, 19, 2, 19, 48, '0'),
	(112, 19, 2, 19, 48, '0'),
	(113, 19, 2, 19, 48, '0'),
	(114, 19, 2, 19, 48, '0'),
	(115, 19, 2, 19, 48, '0'),
	(116, 19, 2, 19, 48, '0'),
	(117, 19, 2, 19, 48, '0'),
	(118, 22, 2, 19, 49, '0'),
	(119, 22, 2, 19, 49, '0'),
	(120, 22, 2, 19, 49, '0'),
	(121, 22, 2, 19, 49, '0'),
	(122, 22, 2, 19, 49, '0'),
	(123, 22, 2, 19, 49, '0'),
	(124, 22, 2, 19, 49, '0'),
	(125, 22, 2, 19, 49, '0'),
	(126, 22, 2, 19, 49, '0'),
	(127, 22, 2, 19, 49, '0'),
	(128, 22, 2, 19, 49, '0'),
	(129, 22, 2, 19, 49, '0'),
	(130, 22, 2, 19, 49, '0'),
	(131, 22, 2, 19, 49, '0'),
	(132, 22, 2, 19, 49, '0'),
	(133, 22, 2, 19, 49, '0'),
	(134, 22, 2, 19, 49, '0'),
	(135, 22, 2, 19, 49, '0'),
	(136, 22, 2, 19, 49, '0'),
	(137, 22, 2, 19, 49, '0'),
	(138, 22, 2, 19, 49, '0'),
	(139, 22, 2, 19, 49, '0'),
	(140, 22, 2, 19, 49, '0'),
	(141, 22, 2, 19, 49, '0'),
	(142, 22, 2, 19, 49, '0'),
	(143, 22, 2, 19, 49, '0'),
	(144, 22, 2, 19, 49, '0'),
	(145, 22, 2, 19, 49, '0'),
	(146, 26, 2, 20, 41, '0'),
	(147, 26, 2, 20, 41, '0'),
	(148, 26, 2, 20, 41, '0'),
	(149, 26, 2, 20, 41, '0'),
	(150, 26, 2, 20, 41, '0'),
	(151, 26, 2, 20, 41, '0'),
	(152, 26, 2, 20, 41, '0'),
	(153, 26, 2, 20, 41, '0'),
	(154, 26, 2, 20, 41, '0'),
	(155, 26, 2, 20, 41, '0'),
	(156, 26, 2, 20, 41, '0'),
	(157, 26, 2, 20, 41, '0'),
	(158, 26, 2, 20, 41, '0'),
	(159, 26, 2, 20, 41, '0'),
	(160, 26, 2, 20, 41, '0'),
	(161, 26, 2, 20, 41, '0'),
	(162, 26, 2, 20, 41, '0'),
	(163, 26, 2, 20, 41, '0'),
	(164, 26, 2, 20, 41, '0'),
	(165, 26, 2, 20, 41, '0'),
	(166, 26, 2, 20, 41, '0'),
	(167, 26, 2, 20, 41, '0'),
	(168, 26, 2, 20, 41, '0'),
	(169, 26, 2, 20, 41, '0'),
	(170, 26, 2, 20, 41, '0'),
	(171, 26, 2, 20, 41, '0'),
	(172, 26, 2, 20, 41, '0'),
	(173, 26, 2, 20, 41, '0'),
	(174, 26, 2, 20, 41, '0'),
	(175, 27, 2, 20, 42, '0'),
	(176, 27, 2, 20, 42, '0'),
	(177, 27, 2, 20, 42, '0'),
	(178, 27, 2, 20, 42, '0'),
	(179, 27, 2, 20, 42, '0'),
	(180, 27, 2, 20, 42, '0'),
	(181, 27, 2, 20, 42, '0'),
	(182, 27, 2, 20, 42, '0'),
	(183, 27, 2, 20, 42, '0'),
	(184, 27, 2, 20, 42, '0'),
	(185, 27, 2, 20, 42, '0'),
	(186, 27, 2, 20, 42, '0'),
	(187, 27, 2, 20, 42, '0'),
	(188, 27, 2, 20, 42, '0'),
	(189, 27, 2, 20, 42, '0'),
	(190, 27, 2, 20, 42, '0'),
	(191, 27, 2, 20, 42, '0'),
	(192, 27, 2, 20, 42, '0'),
	(193, 27, 2, 20, 42, '0'),
	(194, 27, 2, 20, 42, '0'),
	(195, 27, 2, 20, 42, '0'),
	(196, 27, 2, 20, 42, '0'),
	(197, 27, 2, 20, 42, '0'),
	(198, 27, 2, 20, 42, '0'),
	(199, 27, 2, 20, 42, '0'),
	(200, 27, 2, 20, 42, '0'),
	(201, 27, 2, 20, 42, '0'),
	(202, 27, 2, 20, 42, '0'),
	(203, 27, 2, 20, 42, '0'),
	(204, 28, 2, 20, 43, '0'),
	(205, 28, 2, 20, 43, '0'),
	(206, 28, 2, 20, 43, '0'),
	(207, 28, 2, 20, 43, '0'),
	(208, 28, 2, 20, 43, '0'),
	(209, 28, 2, 20, 43, '0'),
	(210, 28, 2, 20, 43, '0'),
	(211, 28, 2, 20, 43, '0'),
	(212, 28, 2, 20, 43, '0'),
	(213, 28, 2, 20, 43, '0'),
	(214, 28, 2, 20, 43, '0'),
	(215, 28, 2, 20, 43, '0'),
	(216, 28, 2, 20, 43, '0'),
	(217, 28, 2, 20, 43, '0'),
	(218, 28, 2, 20, 43, '0'),
	(219, 28, 2, 20, 43, '0'),
	(220, 28, 2, 20, 43, '0'),
	(221, 28, 2, 20, 43, '0'),
	(222, 28, 2, 20, 43, '0'),
	(223, 28, 2, 20, 43, '0'),
	(224, 28, 2, 20, 43, '0'),
	(225, 28, 2, 20, 43, '0'),
	(226, 28, 2, 20, 43, '0'),
	(227, 28, 2, 20, 43, '0'),
	(228, 28, 2, 20, 43, '0'),
	(229, 28, 2, 20, 43, '0'),
	(230, 28, 2, 20, 43, '0'),
	(231, 28, 2, 20, 43, '0'),
	(232, 31, 2, 20, 44, '0'),
	(233, 31, 2, 20, 44, '0'),
	(234, 31, 2, 20, 44, '0'),
	(235, 31, 2, 20, 44, '0'),
	(236, 31, 2, 20, 44, '0'),
	(237, 31, 2, 20, 44, '0'),
	(238, 31, 2, 20, 44, '0'),
	(239, 31, 2, 20, 44, '0'),
	(240, 31, 2, 20, 44, '0'),
	(241, 31, 2, 20, 44, '0'),
	(242, 31, 2, 20, 44, '0'),
	(243, 31, 2, 20, 44, '0'),
	(244, 31, 2, 20, 44, '0'),
	(245, 31, 2, 20, 44, '0'),
	(246, 31, 2, 20, 44, '0'),
	(247, 31, 2, 20, 44, '0'),
	(248, 31, 2, 20, 44, '0'),
	(249, 31, 2, 20, 44, '0'),
	(250, 31, 2, 20, 44, '0'),
	(251, 31, 2, 20, 44, '0'),
	(252, 31, 2, 20, 44, '0'),
	(253, 31, 2, 20, 44, '0'),
	(254, 31, 2, 20, 44, '0'),
	(255, 31, 2, 20, 44, '0'),
	(256, 31, 2, 20, 44, '0'),
	(257, 31, 2, 20, 44, '0'),
	(258, 31, 2, 20, 44, '0'),
	(259, 31, 2, 20, 44, '0'),
	(260, 31, 2, 20, 44, '0'),
	(261, 31, 2, 20, 44, '0'),
	(262, 32, 2, 21, 36, '0'),
	(263, 32, 2, 21, 36, '0'),
	(264, 32, 2, 21, 36, '0'),
	(265, 32, 2, 21, 36, '0'),
	(266, 32, 2, 21, 36, '0'),
	(267, 32, 2, 21, 36, '0'),
	(268, 32, 2, 21, 36, '0'),
	(269, 32, 2, 21, 36, '0'),
	(270, 32, 2, 21, 36, '0'),
	(271, 32, 2, 21, 36, '0'),
	(272, 32, 2, 21, 36, '0'),
	(273, 32, 2, 21, 36, '0'),
	(274, 32, 2, 21, 36, '0'),
	(275, 32, 2, 21, 36, '0'),
	(276, 32, 2, 21, 36, '0'),
	(277, 32, 2, 21, 36, '0'),
	(278, 32, 2, 21, 36, '0'),
	(279, 32, 2, 21, 36, '0'),
	(280, 32, 2, 21, 36, '0'),
	(281, 32, 2, 21, 36, '0'),
	(282, 32, 2, 21, 36, '0'),
	(283, 32, 2, 21, 36, '0'),
	(284, 32, 2, 21, 36, '0'),
	(285, 32, 2, 21, 36, '0'),
	(286, 32, 2, 21, 36, '0'),
	(287, 32, 2, 21, 36, '0'),
	(288, 32, 2, 21, 36, '0'),
	(289, 32, 2, 21, 36, '0'),
	(290, 33, 2, 21, 37, '0'),
	(291, 33, 2, 21, 37, '0'),
	(292, 33, 2, 21, 37, '0'),
	(293, 33, 2, 21, 37, '0'),
	(294, 33, 2, 21, 37, '0'),
	(295, 33, 2, 21, 37, '0'),
	(296, 33, 2, 21, 37, '0'),
	(297, 33, 2, 21, 37, '0'),
	(298, 33, 2, 21, 37, '0'),
	(299, 33, 2, 21, 37, '0'),
	(300, 33, 2, 21, 37, '0'),
	(301, 33, 2, 21, 37, '0'),
	(302, 33, 2, 21, 37, '0'),
	(303, 33, 2, 21, 37, '0'),
	(304, 33, 2, 21, 37, '0'),
	(305, 33, 2, 21, 37, '0'),
	(306, 33, 2, 21, 37, '0'),
	(307, 33, 2, 21, 37, '0'),
	(308, 33, 2, 21, 37, '0'),
	(309, 33, 2, 21, 37, '0'),
	(310, 33, 2, 21, 37, '0'),
	(311, 33, 2, 21, 37, '0'),
	(312, 33, 2, 21, 37, '0'),
	(313, 33, 2, 21, 37, '0'),
	(314, 33, 2, 21, 37, '0'),
	(315, 33, 2, 21, 37, '0'),
	(316, 33, 2, 21, 37, '0'),
	(317, 33, 2, 21, 37, '0'),
	(318, 34, 2, 21, 38, '0'),
	(319, 34, 2, 21, 38, '0'),
	(320, 34, 2, 21, 38, '0'),
	(321, 34, 2, 21, 38, '0'),
	(322, 34, 2, 21, 38, '0'),
	(323, 34, 2, 21, 38, '0'),
	(324, 34, 2, 21, 38, '0'),
	(325, 34, 2, 21, 38, '0'),
	(326, 34, 2, 21, 38, '0'),
	(327, 34, 2, 21, 38, '0'),
	(328, 34, 2, 21, 38, '0'),
	(329, 34, 2, 21, 38, '0'),
	(330, 34, 2, 21, 38, '0'),
	(331, 34, 2, 21, 38, '0'),
	(332, 34, 2, 21, 38, '0'),
	(333, 34, 2, 21, 38, '0'),
	(334, 34, 2, 21, 38, '0'),
	(335, 34, 2, 21, 38, '0'),
	(336, 34, 2, 21, 38, '0'),
	(337, 34, 2, 21, 38, '0'),
	(338, 34, 2, 21, 38, '0'),
	(339, 34, 2, 21, 38, '0'),
	(340, 34, 2, 21, 38, '0'),
	(341, 34, 2, 21, 38, '0'),
	(342, 34, 2, 21, 38, '0'),
	(343, 34, 2, 21, 38, '0'),
	(344, 34, 2, 21, 38, '0'),
	(345, 34, 2, 21, 38, '0'),
	(346, 29, 2, 21, 39, '0'),
	(347, 29, 2, 21, 39, '0'),
	(348, 29, 2, 21, 39, '0'),
	(349, 29, 2, 21, 39, '0'),
	(350, 29, 2, 21, 39, '0'),
	(351, 29, 2, 21, 39, '0'),
	(352, 29, 2, 21, 39, '0'),
	(353, 29, 2, 21, 39, '0'),
	(354, 29, 2, 21, 39, '0'),
	(355, 29, 2, 21, 39, '0'),
	(356, 29, 2, 21, 39, '0'),
	(357, 29, 2, 21, 39, '0'),
	(358, 29, 2, 21, 39, '0'),
	(359, 29, 2, 21, 39, '0'),
	(360, 29, 2, 21, 39, '0'),
	(361, 29, 2, 21, 39, '0'),
	(362, 29, 2, 21, 39, '0'),
	(363, 29, 2, 21, 39, '0'),
	(364, 29, 2, 21, 39, '0'),
	(365, 29, 2, 21, 39, '0'),
	(366, 29, 2, 21, 39, '0'),
	(367, 29, 2, 21, 39, '0'),
	(368, 29, 2, 21, 39, '0'),
	(369, 29, 2, 21, 39, '0'),
	(370, 29, 2, 21, 39, '0'),
	(371, 30, 2, 21, 40, '0'),
	(372, 30, 2, 21, 40, '0'),
	(373, 30, 2, 21, 40, '0'),
	(374, 30, 2, 21, 40, '0'),
	(375, 30, 2, 21, 40, '0'),
	(376, 30, 2, 21, 40, '0'),
	(377, 30, 2, 21, 40, '0'),
	(378, 30, 2, 21, 40, '0'),
	(379, 30, 2, 21, 40, '0'),
	(380, 30, 2, 21, 40, '0'),
	(381, 30, 2, 21, 40, '0'),
	(382, 30, 2, 21, 40, '0'),
	(383, 30, 2, 21, 40, '0'),
	(384, 30, 2, 21, 40, '0'),
	(385, 30, 2, 21, 40, '0'),
	(386, 30, 2, 21, 40, '0'),
	(387, 30, 2, 21, 40, '0'),
	(388, 30, 2, 21, 40, '0'),
	(389, 30, 2, 21, 40, '0'),
	(390, 30, 2, 21, 40, '0'),
	(391, 30, 2, 21, 40, '0'),
	(392, 30, 2, 21, 40, '0'),
	(393, 30, 2, 21, 40, '0'),
	(394, 30, 2, 21, 40, '0'),
	(395, 30, 2, 21, 40, '0'),
	(396, 30, 2, 21, 40, '0'),
	(397, 7, 2, 22, 30, '0'),
	(398, 7, 2, 22, 30, '0'),
	(399, 7, 2, 22, 30, '0'),
	(400, 7, 2, 22, 30, '0'),
	(401, 7, 2, 22, 30, '0'),
	(402, 7, 2, 22, 30, '0'),
	(403, 7, 2, 22, 30, '0'),
	(404, 7, 2, 22, 30, '0'),
	(405, 7, 2, 22, 30, '0'),
	(406, 7, 2, 22, 30, '0'),
	(407, 7, 2, 22, 30, '0'),
	(408, 7, 2, 22, 30, '0'),
	(409, 7, 2, 22, 30, '0'),
	(410, 7, 2, 22, 30, '0'),
	(411, 7, 2, 22, 30, '0'),
	(412, 7, 2, 22, 30, '0'),
	(413, 7, 2, 22, 30, '0'),
	(414, 7, 2, 22, 30, '0'),
	(415, 7, 2, 22, 30, '0'),
	(416, 7, 2, 22, 30, '0'),
	(417, 7, 2, 22, 30, '0'),
	(418, 7, 2, 22, 30, '0'),
	(419, 7, 2, 22, 30, '0'),
	(420, 7, 2, 22, 30, '0'),
	(421, 7, 2, 22, 30, '0'),
	(422, 8, 2, 22, 31, '0'),
	(423, 8, 2, 22, 31, '0'),
	(424, 8, 2, 22, 31, '0'),
	(425, 8, 2, 22, 31, '0'),
	(426, 8, 2, 22, 31, '0'),
	(427, 8, 2, 22, 31, '0'),
	(428, 8, 2, 22, 31, '0'),
	(429, 8, 2, 22, 31, '0'),
	(430, 8, 2, 22, 31, '0'),
	(431, 8, 2, 22, 31, '0'),
	(432, 8, 2, 22, 31, '0'),
	(433, 8, 2, 22, 31, '0'),
	(434, 8, 2, 22, 31, '0'),
	(435, 8, 2, 22, 31, '0'),
	(436, 8, 2, 22, 31, '0'),
	(437, 8, 2, 22, 31, '0'),
	(438, 8, 2, 22, 31, '0'),
	(439, 8, 2, 22, 31, '0'),
	(440, 8, 2, 22, 31, '0'),
	(441, 8, 2, 22, 31, '0'),
	(442, 8, 2, 22, 31, '0'),
	(443, 8, 2, 22, 31, '0'),
	(444, 8, 2, 22, 31, '0'),
	(445, 8, 2, 22, 31, '0'),
	(446, 8, 2, 22, 31, '0'),
	(447, 9, 2, 22, 32, '0'),
	(448, 9, 2, 22, 32, '0'),
	(449, 9, 2, 22, 32, '0'),
	(450, 9, 2, 22, 32, '0'),
	(451, 9, 2, 22, 32, '0'),
	(452, 9, 2, 22, 32, '0'),
	(453, 9, 2, 22, 32, '0'),
	(454, 9, 2, 22, 32, '0'),
	(455, 9, 2, 22, 32, '0'),
	(456, 9, 2, 22, 32, '0'),
	(457, 9, 2, 22, 32, '0'),
	(458, 9, 2, 22, 32, '0'),
	(459, 9, 2, 22, 32, '0'),
	(460, 9, 2, 22, 32, '0'),
	(461, 9, 2, 22, 32, '0'),
	(462, 9, 2, 22, 32, '0'),
	(463, 9, 2, 22, 32, '0'),
	(464, 9, 2, 22, 32, '0'),
	(465, 9, 2, 22, 32, '0'),
	(466, 9, 2, 22, 32, '0'),
	(467, 9, 2, 22, 32, '0'),
	(468, 9, 2, 22, 32, '0'),
	(469, 9, 2, 22, 32, '0'),
	(470, 9, 2, 22, 32, '0'),
	(471, 9, 2, 22, 32, '0'),
	(472, 9, 2, 22, 32, '0'),
	(473, 9, 2, 22, 32, '0'),
	(474, 9, 2, 22, 32, '0'),
	(475, 10, 2, 22, 33, '0'),
	(476, 10, 2, 22, 33, '0'),
	(477, 10, 2, 22, 33, '0'),
	(478, 10, 2, 22, 33, '0'),
	(479, 10, 2, 22, 33, '0'),
	(480, 10, 2, 22, 33, '0'),
	(481, 10, 2, 22, 33, '0'),
	(482, 10, 2, 22, 33, '0'),
	(483, 10, 2, 22, 33, '0'),
	(484, 10, 2, 22, 33, '0'),
	(485, 10, 2, 22, 33, '0'),
	(486, 10, 2, 22, 33, '0'),
	(487, 10, 2, 22, 33, '0'),
	(488, 10, 2, 22, 33, '0'),
	(489, 10, 2, 22, 33, '0'),
	(490, 10, 2, 22, 33, '0'),
	(491, 10, 2, 22, 33, '0'),
	(492, 10, 2, 22, 33, '0'),
	(493, 10, 2, 22, 33, '0'),
	(494, 10, 2, 22, 33, '0'),
	(495, 10, 2, 22, 33, '0'),
	(496, 10, 2, 22, 33, '0'),
	(497, 10, 2, 22, 33, '0'),
	(498, 10, 2, 22, 33, '0'),
	(499, 10, 2, 22, 33, '0'),
	(500, 10, 2, 22, 33, '0'),
	(501, 10, 2, 22, 33, '0'),
	(502, 10, 2, 22, 33, '0'),
	(503, 11, 2, 22, 34, '0'),
	(504, 11, 2, 22, 34, '0'),
	(505, 11, 2, 22, 34, '0'),
	(506, 11, 2, 22, 34, '0'),
	(507, 11, 2, 22, 34, '0'),
	(508, 11, 2, 22, 34, '0'),
	(509, 11, 2, 22, 34, '0'),
	(510, 11, 2, 22, 34, '0'),
	(511, 11, 2, 22, 34, '0'),
	(512, 11, 2, 22, 34, '0'),
	(513, 11, 2, 22, 34, '0'),
	(514, 11, 2, 22, 34, '0'),
	(515, 11, 2, 22, 34, '0'),
	(516, 11, 2, 22, 34, '0'),
	(517, 11, 2, 22, 34, '0'),
	(518, 11, 2, 22, 34, '0'),
	(519, 11, 2, 22, 34, '0'),
	(520, 11, 2, 22, 34, '0'),
	(521, 11, 2, 22, 34, '0'),
	(522, 11, 2, 22, 34, '0'),
	(523, 11, 2, 22, 34, '0'),
	(524, 11, 2, 22, 34, '0'),
	(525, 11, 2, 22, 34, '0'),
	(526, 11, 2, 22, 34, '0'),
	(527, 11, 2, 22, 34, '0'),
	(528, 11, 2, 22, 34, '0'),
	(529, 11, 2, 22, 34, '0'),
	(530, 21, 2, 22, 35, '0'),
	(531, 21, 2, 22, 35, '0'),
	(532, 21, 2, 22, 35, '0'),
	(533, 21, 2, 22, 35, '0'),
	(534, 21, 2, 22, 35, '0'),
	(535, 21, 2, 22, 35, '0'),
	(536, 21, 2, 22, 35, '0'),
	(537, 21, 2, 22, 35, '0'),
	(538, 21, 2, 22, 35, '0'),
	(539, 21, 2, 22, 35, '0'),
	(540, 21, 2, 22, 35, '0'),
	(541, 21, 2, 22, 35, '0'),
	(542, 21, 2, 22, 35, '0'),
	(543, 21, 2, 22, 35, '0'),
	(544, 21, 2, 22, 35, '0'),
	(545, 21, 2, 22, 35, '0'),
	(546, 21, 2, 22, 35, '0'),
	(547, 21, 2, 22, 35, '0'),
	(548, 21, 2, 22, 35, '0'),
	(549, 21, 2, 22, 35, '0'),
	(550, 21, 2, 22, 35, '0'),
	(551, 21, 2, 22, 35, '0'),
	(552, 21, 2, 22, 35, '0'),
	(553, 21, 2, 22, 35, '0'),
	(554, 21, 2, 22, 35, '0'),
	(555, 21, 2, 22, 35, '0'),
	(556, 21, 2, 22, 35, '0'),
	(557, 12, 2, 23, 25, '0'),
	(558, 12, 2, 23, 25, '0'),
	(559, 12, 2, 23, 25, '0'),
	(560, 12, 2, 23, 25, '0'),
	(561, 12, 2, 23, 25, '0'),
	(562, 12, 2, 23, 25, '0'),
	(563, 12, 2, 23, 25, '0'),
	(564, 12, 2, 23, 25, '0'),
	(565, 12, 2, 23, 25, '0'),
	(566, 12, 2, 23, 25, '0'),
	(567, 12, 2, 23, 25, '0'),
	(568, 12, 2, 23, 25, '0'),
	(569, 12, 2, 23, 25, '0'),
	(570, 12, 2, 23, 25, '0'),
	(571, 12, 2, 23, 25, '0'),
	(572, 12, 2, 23, 25, '0'),
	(573, 12, 2, 23, 25, '0'),
	(574, 12, 2, 23, 25, '0'),
	(575, 12, 2, 23, 25, '0'),
	(576, 12, 2, 23, 25, '0'),
	(577, 12, 2, 23, 25, '0'),
	(578, 12, 2, 23, 25, '0'),
	(579, 12, 2, 23, 25, '0'),
	(580, 12, 2, 23, 25, '0'),
	(581, 12, 2, 23, 25, '0'),
	(582, 12, 2, 23, 25, '0'),
	(583, 12, 2, 23, 25, '0'),
	(584, 12, 2, 23, 25, '0'),
	(585, 12, 2, 23, 25, '0'),
	(586, 12, 2, 23, 25, '0'),
	(587, 12, 2, 23, 25, '0'),
	(588, 13, 2, 23, 26, '0'),
	(589, 13, 2, 23, 26, '0'),
	(590, 13, 2, 23, 26, '0'),
	(591, 13, 2, 23, 26, '0'),
	(592, 13, 2, 23, 26, '0'),
	(593, 13, 2, 23, 26, '0'),
	(594, 13, 2, 23, 26, '0'),
	(595, 13, 2, 23, 26, '0'),
	(596, 13, 2, 23, 26, '0'),
	(597, 13, 2, 23, 26, '0'),
	(598, 13, 2, 23, 26, '0'),
	(599, 13, 2, 23, 26, '0'),
	(600, 13, 2, 23, 26, '0'),
	(601, 13, 2, 23, 26, '0'),
	(602, 13, 2, 23, 26, '0'),
	(603, 13, 2, 23, 26, '0'),
	(604, 13, 2, 23, 26, '0'),
	(605, 13, 2, 23, 26, '0'),
	(606, 13, 2, 23, 26, '0'),
	(607, 13, 2, 23, 26, '0'),
	(608, 13, 2, 23, 26, '0'),
	(609, 13, 2, 23, 26, '0'),
	(610, 13, 2, 23, 26, '0'),
	(611, 13, 2, 23, 26, '0'),
	(612, 13, 2, 23, 26, '0'),
	(613, 13, 2, 23, 26, '0'),
	(614, 13, 2, 23, 26, '0'),
	(615, 13, 2, 23, 26, '0'),
	(616, 13, 2, 23, 26, '0'),
	(617, 13, 2, 23, 26, '0'),
	(618, 13, 2, 23, 26, '0'),
	(619, 14, 2, 23, 27, '0'),
	(620, 14, 2, 23, 27, '0'),
	(621, 14, 2, 23, 27, '0'),
	(622, 14, 2, 23, 27, '0'),
	(623, 14, 2, 23, 27, '0'),
	(624, 14, 2, 23, 27, '0'),
	(625, 14, 2, 23, 27, '0'),
	(626, 14, 2, 23, 27, '0'),
	(627, 14, 2, 23, 27, '0'),
	(628, 14, 2, 23, 27, '0'),
	(629, 14, 2, 23, 27, '0'),
	(630, 14, 2, 23, 27, '0'),
	(631, 14, 2, 23, 27, '0'),
	(632, 14, 2, 23, 27, '0'),
	(633, 14, 2, 23, 27, '0'),
	(634, 14, 2, 23, 27, '0'),
	(635, 14, 2, 23, 27, '0'),
	(636, 14, 2, 23, 27, '0'),
	(637, 14, 2, 23, 27, '0'),
	(638, 14, 2, 23, 27, '0'),
	(639, 14, 2, 23, 27, '0'),
	(640, 14, 2, 23, 27, '0'),
	(641, 14, 2, 23, 27, '0'),
	(642, 14, 2, 23, 27, '0'),
	(643, 14, 2, 23, 27, '0'),
	(644, 14, 2, 23, 27, '0'),
	(645, 14, 2, 23, 27, '0'),
	(646, 14, 2, 23, 27, '0'),
	(647, 14, 2, 23, 27, '0'),
	(648, 14, 2, 23, 27, '0'),
	(649, 14, 2, 23, 27, '0'),
	(650, 15, 2, 23, 28, '0'),
	(651, 15, 2, 23, 28, '0'),
	(652, 15, 2, 23, 28, '0'),
	(653, 15, 2, 23, 28, '0'),
	(654, 15, 2, 23, 28, '0'),
	(655, 15, 2, 23, 28, '0'),
	(656, 15, 2, 23, 28, '0'),
	(657, 15, 2, 23, 28, '0'),
	(658, 15, 2, 23, 28, '0'),
	(659, 15, 2, 23, 28, '0'),
	(660, 15, 2, 23, 28, '0'),
	(661, 15, 2, 23, 28, '0'),
	(662, 15, 2, 23, 28, '0'),
	(663, 15, 2, 23, 28, '0'),
	(664, 15, 2, 23, 28, '0'),
	(665, 15, 2, 23, 28, '0'),
	(666, 15, 2, 23, 28, '0'),
	(667, 15, 2, 23, 28, '0'),
	(668, 15, 2, 23, 28, '0'),
	(669, 15, 2, 23, 28, '0'),
	(670, 15, 2, 23, 28, '0'),
	(671, 15, 2, 23, 28, '0'),
	(672, 15, 2, 23, 28, '0'),
	(673, 15, 2, 23, 28, '0'),
	(674, 15, 2, 23, 28, '0'),
	(675, 15, 2, 23, 28, '0'),
	(676, 15, 2, 23, 28, '0'),
	(677, 15, 2, 23, 28, '0'),
	(678, 15, 2, 23, 28, '0'),
	(679, 15, 2, 23, 28, '0'),
	(680, 15, 2, 23, 28, '0'),
	(681, 16, 2, 23, 29, '0'),
	(682, 16, 2, 23, 29, '0'),
	(683, 16, 2, 23, 29, '0'),
	(684, 16, 2, 23, 29, '0'),
	(685, 16, 2, 23, 29, '0'),
	(686, 16, 2, 23, 29, '0'),
	(687, 16, 2, 23, 29, '0'),
	(688, 16, 2, 23, 29, '0'),
	(689, 16, 2, 23, 29, '0'),
	(690, 16, 2, 23, 29, '0'),
	(691, 16, 2, 23, 29, '0'),
	(692, 16, 2, 23, 29, '0'),
	(693, 16, 2, 23, 29, '0'),
	(694, 16, 2, 23, 29, '0'),
	(695, 16, 2, 23, 29, '0'),
	(696, 16, 2, 23, 29, '0'),
	(697, 16, 2, 23, 29, '0'),
	(698, 16, 2, 23, 29, '0'),
	(699, 16, 2, 23, 29, '0'),
	(700, 16, 2, 23, 29, '0'),
	(701, 16, 2, 23, 29, '0'),
	(702, 16, 2, 23, 29, '0'),
	(703, 16, 2, 23, 29, '0'),
	(704, 16, 2, 23, 29, '0'),
	(705, 16, 2, 23, 29, '0'),
	(706, 16, 2, 23, 29, '0'),
	(707, 16, 2, 23, 29, '0'),
	(708, 16, 2, 23, 29, '0'),
	(709, 16, 2, 23, 29, '0'),
	(710, 16, 2, 23, 29, '0'),
	(711, 16, 2, 23, 29, '0'),
	(712, 16, 2, 23, 29, '0'),
	(713, 12, 2, 23, 25, '1');

-- Volcando estructura para tabla db_academico.horario
CREATE TABLE IF NOT EXISTS `horario` (
  `hor_id` int(11) NOT NULL AUTO_INCREMENT,
  `per_id` int(11) DEFAULT NULL,
  `ags_id` int(11) DEFAULT NULL,
  `cur_id` int(11) DEFAULT NULL,
  `fecha` date DEFAULT NULL,
  `hora_inicio` time DEFAULT NULL,
  `hora_fin` time DEFAULT NULL,
  `color` varchar(50) DEFAULT NULL,
  `editable` varchar(50) DEFAULT NULL,
  `is_deleted` int(11) DEFAULT '0' COMMENT '1: Eliminado; 0:No Eliminado',
  PRIMARY KEY (`hor_id`),
  KEY `R_33` (`cur_id`),
  KEY `R_34` (`per_id`),
  KEY `R_32` (`ags_id`) USING BTREE,
  CONSTRAINT `FK_horario_periodo` FOREIGN KEY (`per_id`) REFERENCES `periodo` (`per_id`) ON DELETE NO ACTION ON UPDATE NO ACTION
) ENGINE=InnoDB AUTO_INCREMENT=11 DEFAULT CHARSET=latin1;

-- Volcando datos para la tabla db_academico.horario: ~4 rows (aproximadamente)
INSERT INTO `horario` (`hor_id`, `per_id`, `ags_id`, `cur_id`, `fecha`, `hora_inicio`, `hora_fin`, `color`, `editable`, `is_deleted`) VALUES
	(5, 2, 5, 21, '2023-01-19', '13:00:00', '14:15:00', 'red', 'true', 0),
	(6, 2, 5, 26, '2023-01-16', '14:30:00', '16:00:00', 'green', 'true', 0),
	(7, 2, 5, 31, '2023-01-17', '13:00:00', '15:00:00', 'blue', 'true', 0),
	(8, 2, 5, 41, '2023-01-19', '15:00:00', '17:00:00', 'orange', 'true', 0),
	(9, 2, 5, 46, '2023-01-20', '13:15:00', '15:00:00', 'black', 'true', 0),
	(10, 2, 5, 51, '2023-01-16', '16:00:00', '17:00:00', 'turquiose', NULL, 0);

-- Volcando estructura para tabla db_academico.institucion_educativa
CREATE TABLE IF NOT EXISTS `institucion_educativa` (
  `ie_id` int(11) NOT NULL,
  `ie_codigo_modular` varchar(255) DEFAULT NULL,
  `ie_anexo` varchar(255) DEFAULT NULL,
  `ie_nivel` varchar(255) DEFAULT NULL,
  `ie_nombre` varchar(255) DEFAULT NULL,
  `ie_gestion` varchar(255) DEFAULT NULL,
  `ie_departamento` varchar(255) DEFAULT NULL,
  `ie_provincia` varchar(255) DEFAULT NULL,
  `ie_distrito` varchar(255) DEFAULT NULL,
  `ie_direccion` varchar(255) DEFAULT NULL,
  `ie_dre` varchar(255) DEFAULT NULL,
  `ie_ugel` varchar(255) DEFAULT NULL,
  `ie_genero` varchar(255) DEFAULT NULL,
  `ie_turno` varchar(255) DEFAULT NULL,
  `ie_dias_laborales` varchar(255) DEFAULT NULL,
  `ie_director` varchar(255) DEFAULT NULL,
  `ie_telefono` varchar(255) DEFAULT NULL,
  `ie_email` varchar(255) DEFAULT NULL,
  `ie_web` varchar(255) DEFAULT NULL,
  PRIMARY KEY (`ie_id`)
) ENGINE=InnoDB DEFAULT CHARSET=latin1;

-- Volcando datos para la tabla db_academico.institucion_educativa: ~0 rows (aproximadamente)
INSERT INTO `institucion_educativa` (`ie_id`, `ie_codigo_modular`, `ie_anexo`, `ie_nivel`, `ie_nombre`, `ie_gestion`, `ie_departamento`, `ie_provincia`, `ie_distrito`, `ie_direccion`, `ie_dre`, `ie_ugel`, `ie_genero`, `ie_turno`, `ie_dias_laborales`, `ie_director`, `ie_telefono`, `ie_email`, `ie_web`) VALUES
	(1, '1156207-0', '0', 'PRIMARIA - SECUNDARIA', '80382 - CARLOS A. OLIVARES', 'PÚBLICA', '13', '115', '1154', 'Calle Exequiel Gonzales Cáceda 1079', 'DRE LA LIBERTAD', 'UGEL CHEPÉN', 'MIXTO', 'MAÑANA - TARDE', 'LUNES - VIERNES', NULL, '562189', NULL, NULL);

-- Volcando estructura para tabla db_academico.justificacion
CREATE TABLE IF NOT EXISTS `justificacion` (
  `jus_id` int(11) NOT NULL,
  `jus_motivo` char(18) DEFAULT NULL,
  `jus_tipo` char(18) DEFAULT NULL,
  PRIMARY KEY (`jus_id`)
) ENGINE=InnoDB DEFAULT CHARSET=latin1;

-- Volcando datos para la tabla db_academico.justificacion: ~0 rows (aproximadamente)

-- Volcando estructura para tabla db_academico.matricula
CREATE TABLE IF NOT EXISTS `matricula` (
  `mat_id` int(11) NOT NULL AUTO_INCREMENT,
  `per_id` int(11) DEFAULT NULL,
  `alu_id` int(11) DEFAULT NULL,
  `ags_id` int(11) DEFAULT NULL,
  `mat_fecha` date DEFAULT NULL,
  `mat_situacion` varchar(255) DEFAULT NULL,
  `mat_tipo_procedencia` varchar(255) DEFAULT NULL,
  `mat_colegio_procedencia` varchar(255) DEFAULT NULL,
  `mat_observacion` varchar(255) DEFAULT NULL,
  `mat_estado` char(1) DEFAULT '1' COMMENT '1: Activa; 2: Inactiva',
  `is_deleted` char(1) DEFAULT '0' COMMENT '1: Eliminado; 0:No Eliminado',
  PRIMARY KEY (`mat_id`),
  KEY `R_20` (`alu_id`),
  KEY `Índice 4` (`ags_id`),
  KEY `FK_matricula_periodo` (`per_id`),
  CONSTRAINT `FK_matricula_alumno` FOREIGN KEY (`alu_id`) REFERENCES `alumno` (`alu_id`) ON DELETE CASCADE ON UPDATE CASCADE,
  CONSTRAINT `FK_matricula_gsa` FOREIGN KEY (`ags_id`) REFERENCES `gsa` (`ags_id`) ON DELETE CASCADE ON UPDATE CASCADE,
  CONSTRAINT `FK_matricula_periodo` FOREIGN KEY (`per_id`) REFERENCES `periodo` (`per_id`) ON DELETE CASCADE ON UPDATE CASCADE
) ENGINE=InnoDB AUTO_INCREMENT=714 DEFAULT CHARSET=latin1;

-- Volcando datos para la tabla db_academico.matricula: ~708 rows (aproximadamente)
INSERT INTO `matricula` (`mat_id`, `per_id`, `alu_id`, `ags_id`, `mat_fecha`, `mat_situacion`, `mat_tipo_procedencia`, `mat_colegio_procedencia`, `mat_observacion`, `mat_estado`, `is_deleted`) VALUES
	(5, 2, 1434, 5, '2022-12-19', 'Ingresante', 'Misma IE', NULL, NULL, '1', '0'),
	(6, 2, 1435, 6, '2022-12-19', 'Ingresante', 'Misma IE', NULL, NULL, '1', '0'),
	(7, 2, 1436, 7, '2022-12-19', 'Ingresante', 'Misma IE', NULL, NULL, '1', '0'),
	(8, 2, 1437, 8, '2022-12-19', 'Ingresante', 'Misma IE', NULL, NULL, '1', '0'),
	(9, 2, 1438, 9, '2022-12-19', 'Ingresante', 'Misma IE', NULL, NULL, '1', '0'),
	(10, 2, 1439, 10, '2022-12-19', 'Ingresante', 'Misma IE', NULL, NULL, '1', '0'),
	(11, 2, 1440, 11, '2022-12-19', 'Ingresante', 'Misma IE', NULL, NULL, '1', '0'),
	(12, 2, 1441, 12, '2022-12-19', 'Ingresante', 'Misma IE', NULL, NULL, '1', '0'),
	(13, 2, 1442, 13, '2022-12-19', 'Ingresante', 'Misma IE', NULL, NULL, '1', '0'),
	(14, 2, 1443, 14, '2022-12-19', 'Ingresante', 'Misma IE', NULL, NULL, '1', '0'),
	(15, 2, 1444, 15, '2022-12-19', 'Ingresante', 'Misma IE', NULL, NULL, '1', '0'),
	(16, 2, 1445, 16, '2022-12-19', 'Ingresante', 'Misma IE', NULL, NULL, '1', '0'),
	(17, 2, 1446, 17, '2022-12-19', 'Ingresante', 'Misma IE', NULL, NULL, '1', '0'),
	(18, 2, 1447, 18, '2022-12-19', 'Ingresante', 'Misma IE', NULL, NULL, '1', '0'),
	(19, 2, 1448, 19, '2022-12-19', 'Ingresante', 'Misma IE', NULL, NULL, '1', '0'),
	(20, 2, 1449, 20, '2022-12-19', 'Ingresante', 'Misma IE', NULL, NULL, '1', '0'),
	(21, 2, 1450, 21, '2022-12-19', 'Ingresante', 'Misma IE', NULL, NULL, '1', '0'),
	(22, 2, 1451, 22, '2022-12-19', 'Ingresante', 'Misma IE', NULL, NULL, '1', '0'),
	(23, 2, 1452, 23, '2022-12-19', 'Ingresante', 'Misma IE', NULL, NULL, '1', '0'),
	(24, 2, 1453, 24, '2022-12-19', 'Ingresante', 'Misma IE', NULL, NULL, '1', '0'),
	(25, 2, 1454, 25, '2022-12-19', 'Ingresante', 'Misma IE', NULL, NULL, '1', '0'),
	(26, 2, 1455, 26, '2022-12-19', 'Ingresante', 'Misma IE', NULL, NULL, '1', '0'),
	(27, 2, 1456, 27, '2022-12-19', 'Ingresante', 'Misma IE', NULL, NULL, '1', '0'),
	(28, 2, 1457, 28, '2022-12-19', 'Ingresante', 'Misma IE', NULL, NULL, '1', '0'),
	(29, 2, 1458, 29, '2022-12-19', 'Ingresante', 'Misma IE', NULL, NULL, '1', '0'),
	(30, 2, 1459, 30, '2022-12-19', 'Ingresante', 'Misma IE', NULL, NULL, '1', '0'),
	(31, 2, 1460, 31, '2022-12-19', 'Ingresante', 'Misma IE', NULL, NULL, '1', '0'),
	(32, 2, 1461, 32, '2022-12-19', 'Ingresante', 'Misma IE', NULL, NULL, '1', '0'),
	(33, 2, 1462, 33, '2022-12-19', 'Ingresante', 'Misma IE', NULL, NULL, '1', '0'),
	(34, 2, 1463, 34, '2022-12-19', 'Promovido', 'Misma IE', NULL, NULL, '1', '0'),
	(35, 2, 1464, 35, '2022-12-19', 'Promovido', 'Misma IE', NULL, NULL, '1', '0'),
	(36, 2, 1465, 36, '2022-12-19', 'Promovido', 'Misma IE', NULL, NULL, '1', '0'),
	(37, 2, 1466, 37, '2022-12-19', 'Promovido', 'Misma IE', NULL, NULL, '1', '0'),
	(38, 2, 1467, 38, '2022-12-19', 'Promovido', 'Misma IE', NULL, NULL, '1', '0'),
	(39, 2, 1468, 39, '2022-12-19', 'Promovido', 'Misma IE', NULL, NULL, '1', '0'),
	(40, 2, 1469, 40, '2022-12-19', 'Promovido', 'Misma IE', NULL, NULL, '1', '0'),
	(41, 2, 1470, 41, '2022-12-19', 'Promovido', 'Misma IE', NULL, NULL, '1', '0'),
	(42, 2, 1471, 42, '2022-12-19', 'Promovido', 'Misma IE', NULL, NULL, '1', '0'),
	(43, 2, 1472, 43, '2022-12-19', 'Promovido', 'Misma IE', NULL, NULL, '1', '0'),
	(44, 2, 1473, 44, '2022-12-19', 'Promovido', 'Misma IE', NULL, NULL, '1', '0'),
	(45, 2, 1474, 45, '2022-12-19', 'Promovido', 'Misma IE', NULL, NULL, '1', '0'),
	(46, 2, 1475, 46, '2022-12-19', 'Promovido', 'Misma IE', NULL, NULL, '1', '0'),
	(47, 2, 1476, 47, '2022-12-19', 'Promovido', 'Misma IE', NULL, NULL, '1', '0'),
	(48, 2, 1477, 48, '2022-12-19', 'Promovido', 'Misma IE', NULL, NULL, '1', '0'),
	(49, 2, 1478, 49, '2022-12-19', 'Promovido', 'Misma IE', NULL, NULL, '1', '0'),
	(50, 2, 1479, 50, '2022-12-19', 'Promovido', 'Misma IE', NULL, NULL, '1', '0'),
	(51, 2, 1480, 51, '2022-12-19', 'Promovido', 'Misma IE', NULL, NULL, '1', '0'),
	(52, 2, 1481, 52, '2022-12-19', 'Promovido', 'Misma IE', NULL, NULL, '1', '0'),
	(53, 2, 1482, 53, '2022-12-19', 'Promovido', 'Misma IE', NULL, NULL, '1', '0'),
	(54, 2, 1483, 54, '2022-12-19', 'Promovido', 'Misma IE', NULL, NULL, '1', '0'),
	(55, 2, 1484, 55, '2022-12-19', 'Promovido', 'Misma IE', NULL, NULL, '1', '0'),
	(56, 2, 1485, 56, '2022-12-19', 'Promovido', 'Misma IE', NULL, NULL, '1', '0'),
	(57, 2, 1486, 57, '2022-12-19', 'Promovido', 'Misma IE', NULL, NULL, '1', '0'),
	(58, 2, 1487, 58, '2022-12-19', 'Promovido', 'Misma IE', NULL, NULL, '1', '0'),
	(59, 2, 1488, 59, '2022-12-19', 'Promovido', 'Misma IE', NULL, NULL, '1', '0'),
	(60, 2, 1489, 60, '2022-12-19', 'Promovido', 'Misma IE', NULL, NULL, '1', '0'),
	(61, 2, 1490, 61, '2022-12-19', 'Promovido', 'Misma IE', NULL, NULL, '1', '0'),
	(62, 2, 1491, 62, '2022-12-19', 'Promovido', 'Misma IE', NULL, NULL, '1', '0'),
	(63, 2, 1492, 63, '2022-12-19', 'Promovido', 'Misma IE', NULL, NULL, '1', '0'),
	(64, 2, 1493, 64, '2022-12-19', 'Promovido', 'Misma IE', NULL, NULL, '1', '0'),
	(65, 2, 1494, 65, '2022-12-19', 'Promovido', 'Misma IE', NULL, NULL, '1', '0'),
	(66, 2, 1495, 66, '2022-12-19', 'Promovido', 'Misma IE', NULL, NULL, '1', '0'),
	(67, 2, 1496, 67, '2022-12-19', 'Promovido', 'Misma IE', NULL, NULL, '1', '0'),
	(68, 2, 1497, 68, '2022-12-19', 'Promovido', 'Misma IE', NULL, NULL, '1', '0'),
	(69, 2, 1498, 69, '2022-12-19', 'Promovido', 'Misma IE', NULL, NULL, '1', '0'),
	(70, 2, 1499, 70, '2022-12-19', 'Promovido', 'Misma IE', NULL, NULL, '1', '0'),
	(71, 2, 1500, 71, '2022-12-19', 'Promovido', 'Misma IE', NULL, NULL, '1', '0'),
	(72, 2, 1501, 72, '2022-12-19', 'Promovido', 'Misma IE', NULL, NULL, '1', '0'),
	(73, 2, 1502, 73, '2022-12-19', 'Promovido', 'Misma IE', NULL, NULL, '1', '0'),
	(74, 2, 1503, 74, '2022-12-19', 'Promovido', 'Misma IE', NULL, NULL, '1', '0'),
	(75, 2, 1504, 75, '2022-12-19', 'Promovido', 'Misma IE', NULL, NULL, '1', '0'),
	(76, 2, 1505, 76, '2022-12-19', 'Promovido', 'Misma IE', NULL, NULL, '1', '0'),
	(77, 2, 1506, 77, '2022-12-19', 'Promovido', 'Misma IE', NULL, NULL, '1', '0'),
	(78, 2, 1507, 78, '2022-12-19', 'Promovido', 'Misma IE', NULL, NULL, '1', '0'),
	(79, 2, 1508, 79, '2022-12-19', 'Promovido', 'Misma IE', NULL, NULL, '1', '0'),
	(80, 2, 1509, 80, '2022-12-19', 'Promovido', 'Misma IE', NULL, NULL, '1', '0'),
	(81, 2, 1510, 81, '2022-12-19', 'Promovido', 'Misma IE', NULL, NULL, '1', '0'),
	(82, 2, 1511, 82, '2022-12-19', 'Promovido', 'Misma IE', NULL, NULL, '1', '0'),
	(83, 2, 1512, 83, '2022-12-19', 'Promovido', 'Misma IE', NULL, NULL, '1', '0'),
	(84, 2, 1513, 84, '2022-12-19', 'Promovido', 'Misma IE', NULL, NULL, '1', '0'),
	(85, 2, 1514, 85, '2022-12-19', 'Promovido', 'Misma IE', NULL, NULL, '1', '0'),
	(86, 2, 1515, 86, '2022-12-19', 'Promovido', 'Misma IE', NULL, NULL, '1', '0'),
	(87, 2, 1516, 87, '2022-12-19', 'Promovido', 'Misma IE', NULL, NULL, '1', '0'),
	(88, 2, 1517, 88, '2022-12-19', 'Promovido', 'Misma IE', NULL, NULL, '1', '0'),
	(89, 2, 1518, 89, '2022-12-19', 'Promovido', 'Misma IE', NULL, NULL, '1', '0'),
	(90, 2, 1519, 90, '2022-12-19', 'Promovido', 'Misma IE', NULL, NULL, '1', '0'),
	(91, 2, 1520, 91, '2022-12-19', 'Promovido', 'Misma IE', NULL, NULL, '1', '0'),
	(92, 2, 1521, 92, '2022-12-19', 'Promovido', 'Misma IE', NULL, NULL, '1', '0'),
	(93, 2, 1522, 93, '2022-12-19', 'Promovido', 'Misma IE', NULL, NULL, '1', '0'),
	(94, 2, 1523, 94, '2022-12-19', 'Promovido', 'Misma IE', NULL, NULL, '1', '0'),
	(95, 2, 1524, 95, '2022-12-19', 'Promovido', 'Misma IE', NULL, NULL, '1', '0'),
	(96, 2, 1525, 96, '2022-12-19', 'Promovido', 'Misma IE', NULL, NULL, '1', '0'),
	(97, 2, 1526, 97, '2022-12-19', 'Promovido', 'Misma IE', NULL, NULL, '1', '0'),
	(98, 2, 1527, 98, '2022-12-19', 'Promovido', 'Misma IE', NULL, NULL, '1', '0'),
	(99, 2, 1528, 99, '2022-12-19', 'Promovido', 'Misma IE', NULL, NULL, '1', '0'),
	(100, 2, 1529, 100, '2022-12-19', 'Promovido', 'Misma IE', NULL, NULL, '1', '0'),
	(101, 2, 1530, 101, '2022-12-19', 'Promovido', 'Misma IE', NULL, NULL, '1', '0'),
	(102, 2, 1531, 102, '2022-12-19', 'Promovido', 'Misma IE', NULL, NULL, '1', '0'),
	(103, 2, 1532, 103, '2022-12-19', 'Promovido', 'Misma IE', NULL, NULL, '1', '0'),
	(104, 2, 1533, 104, '2022-12-19', 'Promovido', 'Misma IE', NULL, NULL, '1', '0'),
	(105, 2, 1534, 105, '2022-12-19', 'Promovido', 'Misma IE', NULL, NULL, '1', '0'),
	(106, 2, 1535, 106, '2022-12-19', 'Promovido', 'Misma IE', NULL, NULL, '1', '0'),
	(107, 2, 1536, 107, '2022-12-19', 'Promovido', 'Misma IE', NULL, NULL, '1', '0'),
	(108, 2, 1537, 108, '2022-12-19', 'Promovido', 'Misma IE', NULL, NULL, '1', '0'),
	(109, 2, 1538, 109, '2022-12-19', 'Promovido', 'Misma IE', NULL, NULL, '1', '0'),
	(110, 2, 1539, 110, '2022-12-19', 'Promovido', 'Misma IE', NULL, NULL, '1', '0'),
	(111, 2, 1540, 111, '2022-12-19', 'Promovido', 'Misma IE', NULL, NULL, '1', '0'),
	(112, 2, 1541, 112, '2022-12-19', 'Promovido', 'Misma IE', NULL, NULL, '1', '0'),
	(113, 2, 1542, 113, '2022-12-19', 'Promovido', 'Misma IE', NULL, NULL, '1', '0'),
	(114, 2, 1543, 114, '2022-12-19', 'Promovido', 'Misma IE', NULL, NULL, '1', '0'),
	(115, 2, 1544, 115, '2022-12-19', 'Promovido', 'Misma IE', NULL, NULL, '1', '0'),
	(116, 2, 1545, 116, '2022-12-19', 'Promovido', 'Misma IE', NULL, NULL, '1', '0'),
	(117, 2, 1546, 117, '2022-12-19', 'Promovido', 'Misma IE', NULL, NULL, '1', '0'),
	(118, 2, 1547, 118, '2022-12-19', 'Promovido', 'Misma IE', NULL, NULL, '1', '0'),
	(119, 2, 1548, 119, '2022-12-19', 'Promovido', 'Misma IE', NULL, NULL, '1', '0'),
	(120, 2, 1549, 120, '2022-12-19', 'Promovido', 'Misma IE', NULL, NULL, '1', '0'),
	(121, 2, 1550, 121, '2022-12-19', 'Promovido', 'Misma IE', NULL, NULL, '1', '0'),
	(122, 2, 1551, 122, '2022-12-19', 'Promovido', 'Misma IE', NULL, NULL, '1', '0'),
	(123, 2, 1552, 123, '2022-12-19', 'Promovido', 'Misma IE', NULL, NULL, '1', '0'),
	(124, 2, 1553, 124, '2022-12-19', 'Promovido', 'Misma IE', NULL, NULL, '1', '0'),
	(125, 2, 1554, 125, '2022-12-19', 'Promovido', 'Misma IE', NULL, NULL, '1', '0'),
	(126, 2, 1555, 126, '2022-12-19', 'Promovido', 'Misma IE', NULL, NULL, '1', '0'),
	(127, 2, 1556, 127, '2022-12-19', 'Promovido', 'Misma IE', NULL, NULL, '1', '0'),
	(128, 2, 1557, 128, '2022-12-19', 'Promovido', 'Misma IE', NULL, NULL, '1', '0'),
	(129, 2, 1558, 129, '2022-12-19', 'Promovido', 'Misma IE', NULL, NULL, '1', '0'),
	(130, 2, 1559, 130, '2022-12-19', 'Promovido', 'Misma IE', NULL, NULL, '1', '0'),
	(131, 2, 1560, 131, '2022-12-19', 'Promovido', 'Misma IE', NULL, NULL, '1', '0'),
	(132, 2, 1561, 132, '2022-12-19', 'Promovido', 'Misma IE', NULL, NULL, '1', '0'),
	(133, 2, 1562, 133, '2022-12-19', 'Promovido', 'Misma IE', NULL, NULL, '1', '0'),
	(134, 2, 1563, 134, '2022-12-19', 'Promovido', 'Misma IE', NULL, NULL, '1', '0'),
	(135, 2, 1564, 135, '2022-12-19', 'Promovido', 'Misma IE', NULL, NULL, '1', '0'),
	(136, 2, 1565, 136, '2022-12-19', 'Promovido', 'Misma IE', NULL, NULL, '1', '0'),
	(137, 2, 1566, 137, '2022-12-19', 'Promovido', 'Misma IE', NULL, NULL, '1', '0'),
	(138, 2, 1567, 138, '2022-12-19', 'Promovido', 'Misma IE', NULL, NULL, '1', '0'),
	(139, 2, 1568, 139, '2022-12-19', 'Promovido', 'Misma IE', NULL, NULL, '1', '0'),
	(140, 2, 1569, 140, '2022-12-19', 'Promovido', 'Misma IE', NULL, NULL, '1', '0'),
	(141, 2, 1570, 141, '2022-12-19', 'Promovido', 'Misma IE', NULL, NULL, '1', '0'),
	(142, 2, 1571, 142, '2022-12-19', 'Promovido', 'Misma IE', NULL, NULL, '1', '0'),
	(143, 2, 1572, 143, '2022-12-19', 'Promovido', 'Misma IE', NULL, NULL, '1', '0'),
	(144, 2, 1573, 144, '2022-12-19', 'Promovido', 'Misma IE', NULL, NULL, '1', '0'),
	(145, 2, 1574, 145, '2022-12-19', 'Promovido', 'Misma IE', NULL, NULL, '1', '0'),
	(146, 2, 1575, 146, '2022-12-19', 'Promovido', 'Misma IE', NULL, NULL, '1', '0'),
	(147, 2, 1576, 147, '2022-12-19', 'Promovido', 'Misma IE', NULL, NULL, '1', '0'),
	(148, 2, 1577, 148, '2022-12-19', 'Promovido', 'Misma IE', NULL, NULL, '1', '0'),
	(149, 2, 1578, 149, '2022-12-19', 'Promovido', 'Misma IE', NULL, NULL, '1', '0'),
	(150, 2, 1579, 150, '2022-12-19', 'Promovido', 'Misma IE', NULL, NULL, '1', '0'),
	(151, 2, 1580, 151, '2022-12-19', 'Promovido', 'Misma IE', NULL, NULL, '1', '0'),
	(152, 2, 1581, 152, '2022-12-19', 'Promovido', 'Misma IE', NULL, NULL, '1', '0'),
	(153, 2, 1582, 153, '2022-12-19', 'Promovido', 'Misma IE', NULL, NULL, '1', '0'),
	(154, 2, 1583, 154, '2022-12-19', 'Promovido', 'Misma IE', NULL, NULL, '1', '0'),
	(155, 2, 1584, 155, '2022-12-19', 'Promovido', 'Misma IE', NULL, NULL, '1', '0'),
	(156, 2, 1585, 156, '2022-12-19', 'Promovido', 'Misma IE', NULL, NULL, '1', '0'),
	(157, 2, 1586, 157, '2022-12-19', 'Promovido', 'Misma IE', NULL, NULL, '1', '0'),
	(158, 2, 1587, 158, '2022-12-19', 'Promovido', 'Misma IE', NULL, NULL, '1', '0'),
	(159, 2, 1588, 159, '2022-12-19', 'Promovido', 'Misma IE', NULL, NULL, '1', '0'),
	(160, 2, 1589, 160, '2022-12-19', 'Promovido', 'Misma IE', NULL, NULL, '1', '0'),
	(161, 2, 1590, 161, '2022-12-19', 'Promovido', 'Misma IE', NULL, NULL, '1', '0'),
	(162, 2, 1591, 162, '2022-12-19', 'Promovido', 'Misma IE', NULL, NULL, '1', '0'),
	(163, 2, 1592, 163, '2022-12-19', 'Promovido', 'Misma IE', NULL, NULL, '1', '0'),
	(164, 2, 1593, 164, '2022-12-19', 'Promovido', 'Misma IE', NULL, NULL, '1', '0'),
	(165, 2, 1594, 165, '2022-12-19', 'Promovido', 'Misma IE', NULL, NULL, '1', '0'),
	(166, 2, 1595, 166, '2022-12-19', 'Promovido', 'Misma IE', NULL, NULL, '1', '0'),
	(167, 2, 1596, 167, '2022-12-19', 'Promovido', 'Misma IE', NULL, NULL, '1', '0'),
	(168, 2, 1597, 168, '2022-12-19', 'Promovido', 'Misma IE', NULL, NULL, '1', '0'),
	(169, 2, 1598, 169, '2022-12-19', 'Promovido', 'Misma IE', NULL, NULL, '1', '0'),
	(170, 2, 1599, 170, '2022-12-19', 'Promovido', 'Misma IE', NULL, NULL, '1', '0'),
	(171, 2, 1600, 171, '2022-12-19', 'Promovido', 'Misma IE', NULL, NULL, '1', '0'),
	(172, 2, 1601, 172, '2022-12-19', 'Promovido', 'Misma IE', NULL, NULL, '1', '0'),
	(173, 2, 1602, 173, '2022-12-19', 'Promovido', 'Misma IE', NULL, NULL, '1', '0'),
	(174, 2, 1603, 174, '2022-12-19', 'Promovido', 'Misma IE', NULL, NULL, '1', '0'),
	(175, 2, 1604, 175, '2022-12-19', 'Promovido', 'Misma IE', NULL, NULL, '1', '0'),
	(176, 2, 1605, 176, '2022-12-19', 'Promovido', 'Misma IE', NULL, NULL, '1', '0'),
	(177, 2, 1606, 177, '2022-12-19', 'Promovido', 'Misma IE', NULL, NULL, '1', '0'),
	(178, 2, 1607, 178, '2022-12-19', 'Promovido', 'Misma IE', NULL, NULL, '1', '0'),
	(179, 2, 1608, 179, '2022-12-19', 'Promovido', 'Misma IE', NULL, NULL, '1', '0'),
	(180, 2, 1609, 180, '2022-12-19', 'Promovido', 'Misma IE', NULL, NULL, '1', '0'),
	(181, 2, 1610, 181, '2022-12-19', 'Promovido', 'Misma IE', NULL, NULL, '1', '0'),
	(182, 2, 1611, 182, '2022-12-19', 'Promovido', 'Misma IE', NULL, NULL, '1', '0'),
	(183, 2, 1612, 183, '2022-12-19', 'Promovido', 'Misma IE', NULL, NULL, '1', '0'),
	(184, 2, 1613, 184, '2022-12-19', 'Promovido', 'Misma IE', NULL, NULL, '1', '0'),
	(185, 2, 1614, 185, '2022-12-19', 'Promovido', 'Misma IE', NULL, NULL, '1', '0'),
	(186, 2, 1615, 186, '2022-12-19', 'Promovido', 'Misma IE', NULL, NULL, '1', '0'),
	(187, 2, 1616, 187, '2022-12-19', 'Promovido', 'Misma IE', NULL, NULL, '1', '0'),
	(188, 2, 1617, 188, '2022-12-19', 'Promovido', 'Misma IE', NULL, NULL, '1', '0'),
	(189, 2, 1618, 189, '2022-12-19', 'Promovido', 'Misma IE', NULL, NULL, '1', '0'),
	(190, 2, 1619, 190, '2022-12-19', 'Promovido', 'Misma IE', NULL, NULL, '1', '0'),
	(191, 2, 1620, 191, '2022-12-19', 'Promovido', 'Misma IE', NULL, NULL, '1', '0'),
	(192, 2, 1621, 192, '2022-12-19', 'Promovido', 'Misma IE', NULL, NULL, '1', '0'),
	(193, 2, 1622, 193, '2022-12-19', 'Promovido', 'Misma IE', NULL, NULL, '1', '0'),
	(194, 2, 1623, 194, '2022-12-19', 'Promovido', 'Misma IE', NULL, NULL, '1', '0'),
	(195, 2, 1624, 195, '2022-12-19', 'Promovido', 'Misma IE', NULL, NULL, '1', '0'),
	(196, 2, 1625, 196, '2022-12-19', 'Promovido', 'Misma IE', NULL, NULL, '1', '0'),
	(197, 2, 1626, 197, '2022-12-19', 'Promovido', 'Misma IE', NULL, NULL, '1', '0'),
	(198, 2, 1627, 198, '2022-12-19', 'Promovido', 'Misma IE', NULL, NULL, '1', '0'),
	(199, 2, 1628, 199, '2022-12-19', 'Promovido', 'Misma IE', NULL, NULL, '1', '0'),
	(200, 2, 1629, 200, '2022-12-19', 'Promovido', 'Misma IE', NULL, NULL, '1', '0'),
	(201, 2, 1630, 201, '2022-12-19', 'Promovido', 'Misma IE', NULL, NULL, '1', '0'),
	(202, 2, 1631, 202, '2022-12-19', 'Promovido', 'Misma IE', NULL, NULL, '1', '0'),
	(203, 2, 1632, 203, '2022-12-19', 'Promovido', 'Misma IE', NULL, NULL, '1', '0'),
	(204, 2, 1633, 204, '2022-12-19', 'Promovido', 'Misma IE', NULL, NULL, '1', '0'),
	(205, 2, 1634, 205, '2022-12-19', 'Promovido', 'Misma IE', NULL, NULL, '1', '0'),
	(206, 2, 1635, 206, '2022-12-19', 'Promovido', 'Misma IE', NULL, NULL, '1', '0'),
	(207, 2, 1636, 207, '2022-12-19', 'Promovido', 'Misma IE', NULL, NULL, '1', '0'),
	(208, 2, 1637, 208, '2022-12-19', 'Promovido', 'Misma IE', NULL, NULL, '1', '0'),
	(209, 2, 1638, 209, '2022-12-19', 'Promovido', 'Misma IE', NULL, NULL, '1', '0'),
	(210, 2, 1639, 210, '2022-12-19', 'Promovido', 'Misma IE', NULL, NULL, '1', '0'),
	(211, 2, 1640, 211, '2022-12-19', 'Promovido', 'Misma IE', NULL, NULL, '1', '0'),
	(212, 2, 1641, 212, '2022-12-19', 'Promovido', 'Misma IE', NULL, NULL, '1', '0'),
	(213, 2, 1642, 213, '2022-12-19', 'Promovido', 'Misma IE', NULL, NULL, '1', '0'),
	(214, 2, 1643, 214, '2022-12-19', 'Promovido', 'Misma IE', NULL, NULL, '1', '0'),
	(215, 2, 1644, 215, '2022-12-19', 'Promovido', 'Misma IE', NULL, NULL, '1', '0'),
	(216, 2, 1645, 216, '2022-12-19', 'Promovido', 'Misma IE', NULL, NULL, '1', '0'),
	(217, 2, 1646, 217, '2022-12-19', 'Promovido', 'Misma IE', NULL, NULL, '1', '0'),
	(218, 2, 1647, 218, '2022-12-19', 'Promovido', 'Misma IE', NULL, NULL, '1', '0'),
	(219, 2, 1648, 219, '2022-12-19', 'Promovido', 'Misma IE', NULL, NULL, '1', '0'),
	(220, 2, 1649, 220, '2022-12-19', 'Promovido', 'Misma IE', NULL, NULL, '1', '0'),
	(221, 2, 1650, 221, '2022-12-19', 'Promovido', 'Misma IE', NULL, NULL, '1', '0'),
	(222, 2, 1651, 222, '2022-12-19', 'Promovido', 'Misma IE', NULL, NULL, '1', '0'),
	(223, 2, 1652, 223, '2022-12-19', 'Promovido', 'Misma IE', NULL, NULL, '1', '0'),
	(224, 2, 1653, 224, '2022-12-19', 'Promovido', 'Misma IE', NULL, NULL, '1', '0'),
	(225, 2, 1654, 225, '2022-12-19', 'Promovido', 'Misma IE', NULL, NULL, '1', '0'),
	(226, 2, 1655, 226, '2022-12-19', 'Promovido', 'Misma IE', NULL, NULL, '1', '0'),
	(227, 2, 1656, 227, '2022-12-19', 'Promovido', 'Misma IE', NULL, NULL, '1', '0'),
	(228, 2, 1657, 228, '2022-12-19', 'Promovido', 'Misma IE', NULL, NULL, '1', '0'),
	(229, 2, 1658, 229, '2022-12-19', 'Promovido', 'Misma IE', NULL, NULL, '1', '0'),
	(230, 2, 1659, 230, '2022-12-19', 'Promovido', 'Misma IE', NULL, NULL, '1', '0'),
	(231, 2, 1660, 231, '2022-12-19', 'Promovido', 'Misma IE', NULL, NULL, '1', '0'),
	(232, 2, 1661, 232, '2022-12-19', 'Promovido', 'Misma IE', NULL, NULL, '1', '0'),
	(233, 2, 1662, 233, '2022-12-19', 'Promovido', 'Misma IE', NULL, NULL, '1', '0'),
	(234, 2, 1663, 234, '2022-12-19', 'Promovido', 'Misma IE', NULL, NULL, '1', '0'),
	(235, 2, 1664, 235, '2022-12-19', 'Promovido', 'Misma IE', NULL, NULL, '1', '0'),
	(236, 2, 1665, 236, '2022-12-19', 'Promovido', 'Misma IE', NULL, NULL, '1', '0'),
	(237, 2, 1666, 237, '2022-12-19', 'Promovido', 'Misma IE', NULL, NULL, '1', '0'),
	(238, 2, 1667, 238, '2022-12-19', 'Promovido', 'Misma IE', NULL, NULL, '1', '0'),
	(239, 2, 1668, 239, '2022-12-19', 'Promovido', 'Misma IE', NULL, NULL, '1', '0'),
	(240, 2, 1669, 240, '2022-12-19', 'Promovido', 'Misma IE', NULL, NULL, '1', '0'),
	(241, 2, 1670, 241, '2022-12-19', 'Promovido', 'Misma IE', NULL, NULL, '1', '0'),
	(242, 2, 1671, 242, '2022-12-19', 'Promovido', 'Misma IE', NULL, NULL, '1', '0'),
	(243, 2, 1672, 243, '2022-12-19', 'Promovido', 'Misma IE', NULL, NULL, '1', '0'),
	(244, 2, 1673, 244, '2022-12-19', 'Promovido', 'Misma IE', NULL, NULL, '1', '0'),
	(245, 2, 1674, 245, '2022-12-19', 'Promovido', 'Misma IE', NULL, NULL, '1', '0'),
	(246, 2, 1675, 246, '2022-12-19', 'Promovido', 'Misma IE', NULL, NULL, '1', '0'),
	(247, 2, 1676, 247, '2022-12-19', 'Promovido', 'Misma IE', NULL, NULL, '1', '0'),
	(248, 2, 1677, 248, '2022-12-19', 'Promovido', 'Misma IE', NULL, NULL, '1', '0'),
	(249, 2, 1678, 249, '2022-12-19', 'Promovido', 'Misma IE', NULL, NULL, '1', '0'),
	(250, 2, 1679, 250, '2022-12-19', 'Promovido', 'Misma IE', NULL, NULL, '1', '0'),
	(251, 2, 1680, 251, '2022-12-19', 'Promovido', 'Misma IE', NULL, NULL, '1', '0'),
	(252, 2, 1681, 252, '2022-12-19', 'Promovido', 'Misma IE', NULL, NULL, '1', '0'),
	(253, 2, 1682, 253, '2022-12-19', 'Promovido', 'Misma IE', NULL, NULL, '1', '0'),
	(254, 2, 1683, 254, '2022-12-19', 'Promovido', 'Misma IE', NULL, NULL, '1', '0'),
	(255, 2, 1684, 255, '2022-12-19', 'Promovido', 'Misma IE', NULL, NULL, '1', '0'),
	(256, 2, 1685, 256, '2022-12-19', 'Promovido', 'Misma IE', NULL, NULL, '1', '0'),
	(257, 2, 1686, 257, '2022-12-19', 'Promovido', 'Misma IE', NULL, NULL, '1', '0'),
	(258, 2, 1687, 258, '2022-12-19', 'Promovido', 'Misma IE', NULL, NULL, '1', '0'),
	(259, 2, 1688, 259, '2022-12-19', 'Promovido', 'Misma IE', NULL, NULL, '1', '0'),
	(260, 2, 1689, 260, '2022-12-19', 'Promovido', 'Misma IE', NULL, NULL, '1', '0'),
	(261, 2, 1690, 261, '2022-12-19', 'Promovido', 'Misma IE', NULL, NULL, '1', '0'),
	(262, 2, 1691, 262, '2022-12-19', 'Promovido', 'Misma IE', NULL, NULL, '1', '0'),
	(263, 2, 1692, 263, '2022-12-19', 'Promovido', 'Misma IE', NULL, NULL, '1', '0'),
	(264, 2, 1693, 264, '2022-12-19', 'Promovido', 'Misma IE', NULL, NULL, '1', '0'),
	(265, 2, 1694, 265, '2022-12-19', 'Promovido', 'Misma IE', NULL, NULL, '1', '0'),
	(266, 2, 1695, 266, '2022-12-19', 'Promovido', 'Misma IE', NULL, NULL, '1', '0'),
	(267, 2, 1696, 267, '2022-12-19', 'Promovido', 'Misma IE', NULL, NULL, '1', '0'),
	(268, 2, 1697, 268, '2022-12-19', 'Promovido', 'Misma IE', NULL, NULL, '1', '0'),
	(269, 2, 1698, 269, '2022-12-19', 'Promovido', 'Misma IE', NULL, NULL, '1', '0'),
	(270, 2, 1699, 270, '2022-12-19', 'Promovido', 'Misma IE', NULL, NULL, '1', '0'),
	(271, 2, 1700, 271, '2022-12-19', 'Promovido', 'Misma IE', NULL, NULL, '1', '0'),
	(272, 2, 1701, 272, '2022-12-19', 'Promovido', 'Misma IE', NULL, NULL, '1', '0'),
	(273, 2, 1702, 273, '2022-12-19', 'Promovido', 'Misma IE', NULL, NULL, '1', '0'),
	(274, 2, 1703, 274, '2022-12-19', 'Promovido', 'Misma IE', NULL, NULL, '1', '0'),
	(275, 2, 1704, 275, '2022-12-19', 'Promovido', 'Misma IE', NULL, NULL, '1', '0'),
	(276, 2, 1705, 276, '2022-12-19', 'Promovido', 'Misma IE', NULL, NULL, '1', '0'),
	(277, 2, 1706, 277, '2022-12-19', 'Promovido', 'Misma IE', NULL, NULL, '1', '0'),
	(278, 2, 1707, 278, '2022-12-19', 'Promovido', 'Misma IE', NULL, NULL, '1', '0'),
	(279, 2, 1708, 279, '2022-12-19', 'Promovido', 'Misma IE', NULL, NULL, '1', '0'),
	(280, 2, 1709, 280, '2022-12-19', 'Promovido', 'Misma IE', NULL, NULL, '1', '0'),
	(281, 2, 1710, 281, '2022-12-19', 'Promovido', 'Misma IE', NULL, NULL, '1', '0'),
	(282, 2, 1711, 282, '2022-12-19', 'Promovido', 'Misma IE', NULL, NULL, '1', '0'),
	(283, 2, 1712, 283, '2022-12-19', 'Promovido', 'Misma IE', NULL, NULL, '1', '0'),
	(284, 2, 1713, 284, '2022-12-19', 'Promovido', 'Misma IE', NULL, NULL, '1', '0'),
	(285, 2, 1714, 285, '2022-12-19', 'Promovido', 'Misma IE', NULL, NULL, '1', '0'),
	(286, 2, 1715, 286, '2022-12-19', 'Promovido', 'Misma IE', NULL, NULL, '1', '0'),
	(287, 2, 1716, 287, '2022-12-19', 'Promovido', 'Misma IE', NULL, NULL, '1', '0'),
	(288, 2, 1717, 288, '2022-12-19', 'Promovido', 'Misma IE', NULL, NULL, '1', '0'),
	(289, 2, 1718, 289, '2022-12-19', 'Promovido', 'Misma IE', NULL, NULL, '1', '0'),
	(290, 2, 1719, 290, '2022-12-19', 'Promovido', 'Misma IE', NULL, NULL, '1', '0'),
	(291, 2, 1720, 291, '2022-12-19', 'Promovido', 'Misma IE', NULL, NULL, '1', '0'),
	(292, 2, 1721, 292, '2022-12-19', 'Promovido', 'Misma IE', NULL, NULL, '1', '0'),
	(293, 2, 1722, 293, '2022-12-19', 'Promovido', 'Misma IE', NULL, NULL, '1', '0'),
	(294, 2, 1723, 294, '2022-12-19', 'Promovido', 'Misma IE', NULL, NULL, '1', '0'),
	(295, 2, 1724, 295, '2022-12-19', 'Promovido', 'Misma IE', NULL, NULL, '1', '0'),
	(296, 2, 1725, 296, '2022-12-19', 'Promovido', 'Misma IE', NULL, NULL, '1', '0'),
	(297, 2, 1726, 297, '2022-12-19', 'Promovido', 'Misma IE', NULL, NULL, '1', '0'),
	(298, 2, 1727, 298, '2022-12-19', 'Promovido', 'Misma IE', NULL, NULL, '1', '0'),
	(299, 2, 1728, 299, '2022-12-19', 'Promovido', 'Misma IE', NULL, NULL, '1', '0'),
	(300, 2, 1729, 300, '2022-12-19', 'Promovido', 'Misma IE', NULL, NULL, '1', '0'),
	(301, 2, 1730, 301, '2022-12-19', 'Promovido', 'Misma IE', NULL, NULL, '1', '0'),
	(302, 2, 1731, 302, '2022-12-19', 'Promovido', 'Misma IE', NULL, NULL, '1', '0'),
	(303, 2, 1732, 303, '2022-12-19', 'Promovido', 'Misma IE', NULL, NULL, '1', '0'),
	(304, 2, 1733, 304, '2022-12-19', 'Promovido', 'Misma IE', NULL, NULL, '1', '0'),
	(305, 2, 1734, 305, '2022-12-19', 'Promovido', 'Misma IE', NULL, NULL, '1', '0'),
	(306, 2, 1735, 306, '2022-12-19', 'Promovido', 'Misma IE', NULL, NULL, '1', '0'),
	(307, 2, 1736, 307, '2022-12-19', 'Promovido', 'Misma IE', NULL, NULL, '1', '0'),
	(308, 2, 1737, 308, '2022-12-19', 'Promovido', 'Misma IE', NULL, NULL, '1', '0'),
	(309, 2, 1738, 309, '2022-12-19', 'Promovido', 'Misma IE', NULL, NULL, '1', '0'),
	(310, 2, 1739, 310, '2022-12-19', 'Promovido', 'Misma IE', NULL, NULL, '1', '0'),
	(311, 2, 1740, 311, '2022-12-19', 'Promovido', 'Misma IE', NULL, NULL, '1', '0'),
	(312, 2, 1741, 312, '2022-12-19', 'Promovido', 'Misma IE', NULL, NULL, '1', '0'),
	(313, 2, 1742, 313, '2022-12-19', 'Promovido', 'Misma IE', NULL, NULL, '1', '0'),
	(314, 2, 1743, 314, '2022-12-19', 'Promovido', 'Misma IE', NULL, NULL, '1', '0'),
	(315, 2, 1744, 315, '2022-12-19', 'Promovido', 'Misma IE', NULL, NULL, '1', '0'),
	(316, 2, 1745, 316, '2022-12-19', 'Promovido', 'Misma IE', NULL, NULL, '1', '0'),
	(317, 2, 1746, 317, '2022-12-19', 'Promovido', 'Misma IE', NULL, NULL, '1', '0'),
	(318, 2, 1747, 318, '2022-12-19', 'Promovido', 'Misma IE', NULL, NULL, '1', '0'),
	(319, 2, 1748, 319, '2022-12-19', 'Promovido', 'Misma IE', NULL, NULL, '1', '0'),
	(320, 2, 1749, 320, '2022-12-19', 'Promovido', 'Misma IE', NULL, NULL, '1', '0'),
	(321, 2, 1750, 321, '2022-12-19', 'Promovido', 'Misma IE', NULL, NULL, '1', '0'),
	(322, 2, 1751, 322, '2022-12-19', 'Promovido', 'Misma IE', NULL, NULL, '1', '0'),
	(323, 2, 1752, 323, '2022-12-19', 'Promovido', 'Misma IE', NULL, NULL, '1', '0'),
	(324, 2, 1753, 324, '2022-12-19', 'Promovido', 'Misma IE', NULL, NULL, '1', '0'),
	(325, 2, 1754, 325, '2022-12-19', 'Promovido', 'Misma IE', NULL, NULL, '1', '0'),
	(326, 2, 1755, 326, '2022-12-19', 'Promovido', 'Misma IE', NULL, NULL, '1', '0'),
	(327, 2, 1756, 327, '2022-12-19', 'Promovido', 'Misma IE', NULL, NULL, '1', '0'),
	(328, 2, 1757, 328, '2022-12-19', 'Promovido', 'Misma IE', NULL, NULL, '1', '0'),
	(329, 2, 1758, 329, '2022-12-19', 'Promovido', 'Misma IE', NULL, NULL, '1', '0'),
	(330, 2, 1759, 330, '2022-12-19', 'Promovido', 'Misma IE', NULL, NULL, '1', '0'),
	(331, 2, 1760, 331, '2022-12-19', 'Promovido', 'Misma IE', NULL, NULL, '1', '0'),
	(332, 2, 1761, 332, '2022-12-19', 'Promovido', 'Misma IE', NULL, NULL, '1', '0'),
	(333, 2, 1762, 333, '2022-12-19', 'Promovido', 'Misma IE', NULL, NULL, '1', '0'),
	(334, 2, 1763, 334, '2022-12-19', 'Promovido', 'Misma IE', NULL, NULL, '1', '0'),
	(335, 2, 1764, 335, '2022-12-19', 'Promovido', 'Misma IE', NULL, NULL, '1', '0'),
	(336, 2, 1765, 336, '2022-12-19', 'Promovido', 'Misma IE', NULL, NULL, '1', '0'),
	(337, 2, 1766, 337, '2022-12-19', 'Promovido', 'Misma IE', NULL, NULL, '1', '0'),
	(338, 2, 1767, 338, '2022-12-19', 'Promovido', 'Misma IE', NULL, NULL, '1', '0'),
	(339, 2, 1768, 339, '2022-12-19', 'Promovido', 'Misma IE', NULL, NULL, '1', '0'),
	(340, 2, 1769, 340, '2022-12-19', 'Promovido', 'Misma IE', NULL, NULL, '1', '0'),
	(341, 2, 1770, 341, '2022-12-19', 'Promovido', 'Misma IE', NULL, NULL, '1', '0'),
	(342, 2, 1771, 342, '2022-12-19', 'Promovido', 'Misma IE', NULL, NULL, '1', '0'),
	(343, 2, 1772, 343, '2022-12-19', 'Promovido', 'Misma IE', NULL, NULL, '1', '0'),
	(344, 2, 1773, 344, '2022-12-19', 'Promovido', 'Misma IE', NULL, NULL, '1', '0'),
	(345, 2, 1774, 345, '2022-12-19', 'Promovido', 'Misma IE', NULL, NULL, '1', '0'),
	(346, 2, 1775, 346, '2022-12-19', 'Promovido', 'Misma IE', NULL, NULL, '1', '0'),
	(347, 2, 1776, 347, '2022-12-19', 'Promovido', 'Misma IE', NULL, NULL, '1', '0'),
	(348, 2, 1777, 348, '2022-12-19', 'Promovido', 'Misma IE', NULL, NULL, '1', '0'),
	(349, 2, 1778, 349, '2022-12-19', 'Promovido', 'Misma IE', NULL, NULL, '1', '0'),
	(350, 2, 1779, 350, '2022-12-19', 'Promovido', 'Misma IE', NULL, NULL, '1', '0'),
	(351, 2, 1780, 351, '2022-12-19', 'Promovido', 'Misma IE', NULL, NULL, '1', '0'),
	(352, 2, 1781, 352, '2022-12-19', 'Promovido', 'Misma IE', NULL, NULL, '1', '0'),
	(353, 2, 1782, 353, '2022-12-19', 'Promovido', 'Misma IE', NULL, NULL, '1', '0'),
	(354, 2, 1783, 354, '2022-12-19', 'Promovido', 'Misma IE', NULL, NULL, '1', '0'),
	(355, 2, 1784, 355, '2022-12-19', 'Promovido', 'Misma IE', NULL, NULL, '1', '0'),
	(356, 2, 1785, 356, '2022-12-19', 'Promovido', 'Misma IE', NULL, NULL, '1', '0'),
	(357, 2, 1786, 357, '2022-12-19', 'Promovido', 'Misma IE', NULL, NULL, '1', '0'),
	(358, 2, 1787, 358, '2022-12-19', 'Promovido', 'Misma IE', NULL, NULL, '1', '0'),
	(359, 2, 1788, 359, '2022-12-19', 'Promovido', 'Misma IE', NULL, NULL, '1', '0'),
	(360, 2, 1789, 360, '2022-12-19', 'Promovido', 'Misma IE', NULL, NULL, '1', '0'),
	(361, 2, 1790, 361, '2022-12-19', 'Promovido', 'Misma IE', NULL, NULL, '1', '0'),
	(362, 2, 1791, 362, '2022-12-19', 'Promovido', 'Misma IE', NULL, NULL, '1', '0'),
	(363, 2, 1792, 363, '2022-12-19', 'Promovido', 'Misma IE', NULL, NULL, '1', '0'),
	(364, 2, 1793, 364, '2022-12-19', 'Promovido', 'Misma IE', NULL, NULL, '1', '0'),
	(365, 2, 1794, 365, '2022-12-19', 'Promovido', 'Misma IE', NULL, NULL, '1', '0'),
	(366, 2, 1795, 366, '2022-12-19', 'Promovido', 'Misma IE', NULL, NULL, '1', '0'),
	(367, 2, 1796, 367, '2022-12-19', 'Promovido', 'Misma IE', NULL, NULL, '1', '0'),
	(368, 2, 1797, 368, '2022-12-19', 'Promovido', 'Misma IE', NULL, NULL, '1', '0'),
	(369, 2, 1798, 369, '2022-12-19', 'Promovido', 'Misma IE', NULL, NULL, '1', '0'),
	(370, 2, 1799, 370, '2022-12-19', 'Promovido', 'Misma IE', NULL, NULL, '1', '0'),
	(371, 2, 1800, 371, '2022-12-19', 'Promovido', 'Misma IE', NULL, NULL, '1', '0'),
	(372, 2, 1801, 372, '2022-12-19', 'Promovido', 'Misma IE', NULL, NULL, '1', '0'),
	(373, 2, 1802, 373, '2022-12-19', 'Promovido', 'Misma IE', NULL, NULL, '1', '0'),
	(374, 2, 1803, 374, '2022-12-19', 'Promovido', 'Misma IE', NULL, NULL, '1', '0'),
	(375, 2, 1804, 375, '2022-12-19', 'Promovido', 'Misma IE', NULL, NULL, '1', '0'),
	(376, 2, 1805, 376, '2022-12-19', 'Promovido', 'Misma IE', NULL, NULL, '1', '0'),
	(377, 2, 1806, 377, '2022-12-19', 'Promovido', 'Misma IE', NULL, NULL, '1', '0'),
	(378, 2, 1807, 378, '2022-12-19', 'Promovido', 'Misma IE', NULL, NULL, '1', '0'),
	(379, 2, 1808, 379, '2022-12-19', 'Promovido', 'Misma IE', NULL, NULL, '1', '0'),
	(380, 2, 1809, 380, '2022-12-19', 'Promovido', 'Misma IE', NULL, NULL, '1', '0'),
	(381, 2, 1810, 381, '2022-12-19', 'Promovido', 'Misma IE', NULL, NULL, '1', '0'),
	(382, 2, 1811, 382, '2022-12-19', 'Promovido', 'Misma IE', NULL, NULL, '1', '0'),
	(383, 2, 1812, 383, '2022-12-19', 'Promovido', 'Misma IE', NULL, NULL, '1', '0'),
	(384, 2, 1813, 384, '2022-12-19', 'Promovido', 'Misma IE', NULL, NULL, '1', '0'),
	(385, 2, 1814, 385, '2022-12-19', 'Promovido', 'Misma IE', NULL, NULL, '1', '0'),
	(386, 2, 1815, 386, '2022-12-19', 'Promovido', 'Misma IE', NULL, NULL, '1', '0'),
	(387, 2, 1816, 387, '2022-12-19', 'Promovido', 'Misma IE', NULL, NULL, '1', '0'),
	(388, 2, 1817, 388, '2022-12-19', 'Promovido', 'Misma IE', NULL, NULL, '1', '0'),
	(389, 2, 1818, 389, '2022-12-19', 'Promovido', 'Misma IE', NULL, NULL, '1', '0'),
	(390, 2, 1819, 390, '2022-12-19', 'Promovido', 'Misma IE', NULL, NULL, '1', '0'),
	(391, 2, 1820, 391, '2022-12-19', 'Promovido', 'Misma IE', NULL, NULL, '1', '0'),
	(392, 2, 1821, 392, '2022-12-19', 'Promovido', 'Misma IE', NULL, NULL, '1', '0'),
	(393, 2, 1822, 393, '2022-12-19', 'Promovido', 'Misma IE', NULL, NULL, '1', '0'),
	(394, 2, 1823, 394, '2022-12-19', 'Promovido', 'Misma IE', NULL, NULL, '1', '0'),
	(395, 2, 1824, 395, '2022-12-19', 'Promovido', 'Misma IE', NULL, NULL, '1', '0'),
	(396, 2, 1825, 396, '2022-12-19', 'Promovido', 'Misma IE', NULL, NULL, '1', '0'),
	(397, 2, 1826, 397, '2022-12-19', 'Promovido', 'Misma IE', NULL, NULL, '1', '0'),
	(398, 2, 1827, 398, '2022-12-19', 'Promovido', 'Misma IE', NULL, NULL, '1', '0'),
	(399, 2, 1828, 399, '2022-12-19', 'Promovido', 'Misma IE', NULL, NULL, '1', '0'),
	(400, 2, 1829, 400, '2022-12-19', 'Promovido', 'Misma IE', NULL, NULL, '1', '0'),
	(401, 2, 1830, 401, '2022-12-19', 'Promovido', 'Misma IE', NULL, NULL, '1', '0'),
	(402, 2, 1831, 402, '2022-12-19', 'Promovido', 'Misma IE', NULL, NULL, '1', '0'),
	(403, 2, 1832, 403, '2022-12-19', 'Promovido', 'Misma IE', NULL, NULL, '1', '0'),
	(404, 2, 1833, 404, '2022-12-19', 'Promovido', 'Misma IE', NULL, NULL, '1', '0'),
	(405, 2, 1834, 405, '2022-12-19', 'Promovido', 'Misma IE', NULL, NULL, '1', '0'),
	(406, 2, 1835, 406, '2022-12-19', 'Promovido', 'Misma IE', NULL, NULL, '1', '0'),
	(407, 2, 1836, 407, '2022-12-19', 'Promovido', 'Misma IE', NULL, NULL, '1', '0'),
	(408, 2, 1837, 408, '2022-12-19', 'Promovido', 'Misma IE', NULL, NULL, '1', '0'),
	(409, 2, 1838, 409, '2022-12-19', 'Promovido', 'Misma IE', NULL, NULL, '1', '0'),
	(410, 2, 1839, 410, '2022-12-19', 'Promovido', 'Misma IE', NULL, NULL, '1', '0'),
	(411, 2, 1840, 411, '2022-12-19', 'Promovido', 'Misma IE', NULL, NULL, '1', '0'),
	(412, 2, 1841, 412, '2022-12-19', 'Promovido', 'Misma IE', NULL, NULL, '1', '0'),
	(413, 2, 1842, 413, '2022-12-19', 'Promovido', 'Misma IE', NULL, NULL, '1', '0'),
	(414, 2, 1843, 414, '2022-12-19', 'Promovido', 'Misma IE', NULL, NULL, '1', '0'),
	(415, 2, 1844, 415, '2022-12-19', 'Promovido', 'Misma IE', NULL, NULL, '1', '0'),
	(416, 2, 1845, 416, '2022-12-19', 'Promovido', 'Misma IE', NULL, NULL, '1', '0'),
	(417, 2, 1846, 417, '2022-12-19', 'Promovido', 'Misma IE', NULL, NULL, '1', '0'),
	(418, 2, 1847, 418, '2022-12-19', 'Promovido', 'Misma IE', NULL, NULL, '1', '0'),
	(419, 2, 1848, 419, '2022-12-19', 'Promovido', 'Misma IE', NULL, NULL, '1', '0'),
	(420, 2, 1849, 420, '2022-12-19', 'Promovido', 'Misma IE', NULL, NULL, '1', '0'),
	(421, 2, 1850, 421, '2022-12-19', 'Promovido', 'Misma IE', NULL, NULL, '1', '0'),
	(422, 2, 1851, 422, '2022-12-19', 'Promovido', 'Misma IE', NULL, NULL, '1', '0'),
	(423, 2, 1852, 423, '2022-12-19', 'Promovido', 'Misma IE', NULL, NULL, '1', '0'),
	(424, 2, 1853, 424, '2022-12-19', 'Promovido', 'Misma IE', NULL, NULL, '1', '0'),
	(425, 2, 1854, 425, '2022-12-19', 'Promovido', 'Misma IE', NULL, NULL, '1', '0'),
	(426, 2, 1855, 426, '2022-12-19', 'Promovido', 'Misma IE', NULL, NULL, '1', '0'),
	(427, 2, 1856, 427, '2022-12-19', 'Promovido', 'Misma IE', NULL, NULL, '1', '0'),
	(428, 2, 1857, 428, '2022-12-19', 'Promovido', 'Misma IE', NULL, NULL, '1', '0'),
	(429, 2, 1858, 429, '2022-12-19', 'Promovido', 'Misma IE', NULL, NULL, '1', '0'),
	(430, 2, 1859, 430, '2022-12-19', 'Promovido', 'Misma IE', NULL, NULL, '1', '0'),
	(431, 2, 1860, 431, '2022-12-19', 'Promovido', 'Misma IE', NULL, NULL, '1', '0'),
	(432, 2, 1861, 432, '2022-12-19', 'Promovido', 'Misma IE', NULL, NULL, '1', '0'),
	(433, 2, 1862, 433, '2022-12-19', 'Promovido', 'Misma IE', NULL, NULL, '1', '0'),
	(434, 2, 1863, 434, '2022-12-19', 'Promovido', 'Misma IE', NULL, NULL, '1', '0'),
	(435, 2, 1864, 435, '2022-12-19', 'Promovido', 'Misma IE', NULL, NULL, '1', '0'),
	(436, 2, 1865, 436, '2022-12-19', 'Promovido', 'Misma IE', NULL, NULL, '1', '0'),
	(437, 2, 1866, 437, '2022-12-19', 'Promovido', 'Misma IE', NULL, NULL, '1', '0'),
	(438, 2, 1867, 438, '2022-12-19', 'Promovido', 'Misma IE', NULL, NULL, '1', '0'),
	(439, 2, 1868, 439, '2022-12-19', 'Promovido', 'Misma IE', NULL, NULL, '1', '0'),
	(440, 2, 1869, 440, '2022-12-19', 'Promovido', 'Misma IE', NULL, NULL, '1', '0'),
	(441, 2, 1870, 441, '2022-12-19', 'Promovido', 'Misma IE', NULL, NULL, '1', '0'),
	(442, 2, 1871, 442, '2022-12-19', 'Promovido', 'Misma IE', NULL, NULL, '1', '0'),
	(443, 2, 1872, 443, '2022-12-19', 'Promovido', 'Misma IE', NULL, NULL, '1', '0'),
	(444, 2, 1873, 444, '2022-12-19', 'Promovido', 'Misma IE', NULL, NULL, '1', '0'),
	(445, 2, 1874, 445, '2022-12-19', 'Promovido', 'Misma IE', NULL, NULL, '1', '0'),
	(446, 2, 1875, 446, '2022-12-19', 'Promovido', 'Misma IE', NULL, NULL, '1', '0'),
	(447, 2, 1876, 447, '2022-12-19', 'Promovido', 'Misma IE', NULL, NULL, '1', '0'),
	(448, 2, 1877, 448, '2022-12-19', 'Promovido', 'Misma IE', NULL, NULL, '1', '0'),
	(449, 2, 1878, 449, '2022-12-19', 'Promovido', 'Misma IE', NULL, NULL, '1', '0'),
	(450, 2, 1879, 450, '2022-12-19', 'Promovido', 'Misma IE', NULL, NULL, '1', '0'),
	(451, 2, 1880, 451, '2022-12-19', 'Promovido', 'Misma IE', NULL, NULL, '1', '0'),
	(452, 2, 1881, 452, '2022-12-19', 'Promovido', 'Misma IE', NULL, NULL, '1', '0'),
	(453, 2, 1882, 453, '2022-12-19', 'Promovido', 'Misma IE', NULL, NULL, '1', '0'),
	(454, 2, 1883, 454, '2022-12-19', 'Promovido', 'Misma IE', NULL, NULL, '1', '0'),
	(455, 2, 1884, 455, '2022-12-19', 'Promovido', 'Misma IE', NULL, NULL, '1', '0'),
	(456, 2, 1885, 456, '2022-12-19', 'Promovido', 'Misma IE', NULL, NULL, '1', '0'),
	(457, 2, 1886, 457, '2022-12-19', 'Promovido', 'Misma IE', NULL, NULL, '1', '0'),
	(458, 2, 1887, 458, '2022-12-19', 'Promovido', 'Misma IE', NULL, NULL, '1', '0'),
	(459, 2, 1888, 459, '2022-12-19', 'Promovido', 'Misma IE', NULL, NULL, '1', '0'),
	(460, 2, 1889, 460, '2022-12-19', 'Promovido', 'Misma IE', NULL, NULL, '1', '0'),
	(461, 2, 1890, 461, '2022-12-19', 'Promovido', 'Misma IE', NULL, NULL, '1', '0'),
	(462, 2, 1891, 462, '2022-12-19', 'Promovido', 'Misma IE', NULL, NULL, '1', '0'),
	(463, 2, 1892, 463, '2022-12-19', 'Promovido', 'Misma IE', NULL, NULL, '1', '0'),
	(464, 2, 1893, 464, '2022-12-19', 'Promovido', 'Misma IE', NULL, NULL, '1', '0'),
	(465, 2, 1894, 465, '2022-12-19', 'Promovido', 'Misma IE', NULL, NULL, '1', '0'),
	(466, 2, 1895, 466, '2022-12-19', 'Promovido', 'Misma IE', NULL, NULL, '1', '0'),
	(467, 2, 1896, 467, '2022-12-19', 'Promovido', 'Misma IE', NULL, NULL, '1', '0'),
	(468, 2, 1897, 468, '2022-12-19', 'Promovido', 'Misma IE', NULL, NULL, '1', '0'),
	(469, 2, 1898, 469, '2022-12-19', 'Promovido', 'Misma IE', NULL, NULL, '1', '0'),
	(470, 2, 1899, 470, '2022-12-19', 'Promovido', 'Misma IE', NULL, NULL, '1', '0'),
	(471, 2, 1900, 471, '2022-12-19', 'Promovido', 'Misma IE', NULL, NULL, '1', '0'),
	(472, 2, 1901, 472, '2022-12-19', 'Promovido', 'Misma IE', NULL, NULL, '1', '0'),
	(473, 2, 1902, 473, '2022-12-19', 'Promovido', 'Misma IE', NULL, NULL, '1', '0'),
	(474, 2, 1903, 474, '2022-12-19', 'Promovido', 'Misma IE', NULL, NULL, '1', '0'),
	(475, 2, 1904, 475, '2022-12-19', 'Promovido', 'Misma IE', NULL, NULL, '1', '0'),
	(476, 2, 1905, 476, '2022-12-19', 'Promovido', 'Misma IE', NULL, NULL, '1', '0'),
	(477, 2, 1906, 477, '2022-12-19', 'Promovido', 'Misma IE', NULL, NULL, '1', '0'),
	(478, 2, 1907, 478, '2022-12-19', 'Promovido', 'Misma IE', NULL, NULL, '1', '0'),
	(479, 2, 1908, 479, '2022-12-19', 'Promovido', 'Misma IE', NULL, NULL, '1', '0'),
	(480, 2, 1909, 480, '2022-12-19', 'Promovido', 'Misma IE', NULL, NULL, '1', '0'),
	(481, 2, 1910, 481, '2022-12-19', 'Promovido', 'Misma IE', NULL, NULL, '1', '0'),
	(482, 2, 1911, 482, '2022-12-19', 'Promovido', 'Misma IE', NULL, NULL, '1', '0'),
	(483, 2, 1912, 483, '2022-12-19', 'Promovido', 'Misma IE', NULL, NULL, '1', '0'),
	(484, 2, 1913, 484, '2022-12-19', 'Promovido', 'Misma IE', NULL, NULL, '1', '0'),
	(485, 2, 1914, 485, '2022-12-19', 'Promovido', 'Misma IE', NULL, NULL, '1', '0'),
	(486, 2, 1915, 486, '2022-12-19', 'Promovido', 'Misma IE', NULL, NULL, '1', '0'),
	(487, 2, 1916, 487, '2022-12-19', 'Promovido', 'Misma IE', NULL, NULL, '1', '0'),
	(488, 2, 1917, 488, '2022-12-19', 'Promovido', 'Misma IE', NULL, NULL, '1', '0'),
	(489, 2, 1918, 489, '2022-12-19', 'Promovido', 'Misma IE', NULL, NULL, '1', '0'),
	(490, 2, 1919, 490, '2022-12-19', 'Promovido', 'Misma IE', NULL, NULL, '1', '0'),
	(491, 2, 1920, 491, '2022-12-19', 'Promovido', 'Misma IE', NULL, NULL, '1', '0'),
	(492, 2, 1921, 492, '2022-12-19', 'Promovido', 'Misma IE', NULL, NULL, '1', '0'),
	(493, 2, 1922, 493, '2022-12-19', 'Promovido', 'Misma IE', NULL, NULL, '1', '0'),
	(494, 2, 1923, 494, '2022-12-19', 'Promovido', 'Misma IE', NULL, NULL, '1', '0'),
	(495, 2, 1924, 495, '2022-12-19', 'Promovido', 'Misma IE', NULL, NULL, '1', '0'),
	(496, 2, 1925, 496, '2022-12-19', 'Promovido', 'Misma IE', NULL, NULL, '1', '0'),
	(497, 2, 1926, 497, '2022-12-19', 'Promovido', 'Misma IE', NULL, NULL, '1', '0'),
	(498, 2, 1927, 498, '2022-12-19', 'Promovido', 'Misma IE', NULL, NULL, '1', '0'),
	(499, 2, 1928, 499, '2022-12-19', 'Promovido', 'Misma IE', NULL, NULL, '1', '0'),
	(500, 2, 1929, 500, '2022-12-19', 'Promovido', 'Misma IE', NULL, NULL, '1', '0'),
	(501, 2, 1930, 501, '2022-12-19', 'Promovido', 'Misma IE', NULL, NULL, '1', '0'),
	(502, 2, 1931, 502, '2022-12-19', 'Promovido', 'Misma IE', NULL, NULL, '1', '0'),
	(503, 2, 1932, 503, '2022-12-19', 'Promovido', 'Misma IE', NULL, NULL, '1', '0'),
	(504, 2, 1933, 504, '2022-12-19', 'Promovido', 'Misma IE', NULL, NULL, '1', '0'),
	(505, 2, 1934, 505, '2022-12-19', 'Promovido', 'Misma IE', NULL, NULL, '1', '0'),
	(506, 2, 1935, 506, '2022-12-19', 'Promovido', 'Misma IE', NULL, NULL, '1', '0'),
	(507, 2, 1936, 507, '2022-12-19', 'Promovido', 'Misma IE', NULL, NULL, '1', '0'),
	(508, 2, 1937, 508, '2022-12-19', 'Promovido', 'Misma IE', NULL, NULL, '1', '0'),
	(509, 2, 1938, 509, '2022-12-19', 'Promovido', 'Misma IE', NULL, NULL, '1', '0'),
	(510, 2, 1939, 510, '2022-12-19', 'Promovido', 'Misma IE', NULL, NULL, '1', '0'),
	(511, 2, 1940, 511, '2022-12-19', 'Promovido', 'Misma IE', NULL, NULL, '1', '0'),
	(512, 2, 1941, 512, '2022-12-19', 'Promovido', 'Misma IE', NULL, NULL, '1', '0'),
	(513, 2, 1942, 513, '2022-12-19', 'Promovido', 'Misma IE', NULL, NULL, '1', '0'),
	(514, 2, 1943, 514, '2022-12-19', 'Promovido', 'Misma IE', NULL, NULL, '1', '0'),
	(515, 2, 1944, 515, '2022-12-19', 'Promovido', 'Misma IE', NULL, NULL, '1', '0'),
	(516, 2, 1945, 516, '2022-12-19', 'Promovido', 'Misma IE', NULL, NULL, '1', '0'),
	(517, 2, 1946, 517, '2022-12-19', 'Promovido', 'Misma IE', NULL, NULL, '1', '0'),
	(518, 2, 1947, 518, '2022-12-19', 'Promovido', 'Misma IE', NULL, NULL, '1', '0'),
	(519, 2, 1948, 519, '2022-12-19', 'Promovido', 'Misma IE', NULL, NULL, '1', '0'),
	(520, 2, 1949, 520, '2022-12-19', 'Promovido', 'Misma IE', NULL, NULL, '1', '0'),
	(521, 2, 1950, 521, '2022-12-19', 'Promovido', 'Misma IE', NULL, NULL, '1', '0'),
	(522, 2, 1951, 522, '2022-12-19', 'Promovido', 'Misma IE', NULL, NULL, '1', '0'),
	(523, 2, 1952, 523, '2022-12-19', 'Promovido', 'Misma IE', NULL, NULL, '1', '0'),
	(524, 2, 1953, 524, '2022-12-19', 'Promovido', 'Misma IE', NULL, NULL, '1', '0'),
	(525, 2, 1954, 525, '2022-12-19', 'Promovido', 'Misma IE', NULL, NULL, '1', '0'),
	(526, 2, 1955, 526, '2022-12-19', 'Promovido', 'Misma IE', NULL, NULL, '1', '0'),
	(527, 2, 1956, 527, '2022-12-19', 'Promovido', 'Misma IE', NULL, NULL, '1', '0'),
	(528, 2, 1957, 528, '2022-12-19', 'Promovido', 'Misma IE', NULL, NULL, '1', '0'),
	(529, 2, 1958, 529, '2022-12-19', 'Promovido', 'Misma IE', NULL, NULL, '1', '0'),
	(530, 2, 1959, 530, '2022-12-19', 'Promovido', 'Misma IE', NULL, NULL, '1', '0'),
	(531, 2, 1960, 531, '2022-12-19', 'Promovido', 'Misma IE', NULL, NULL, '1', '0'),
	(532, 2, 1961, 532, '2022-12-19', 'Promovido', 'Misma IE', NULL, NULL, '1', '0'),
	(533, 2, 1962, 533, '2022-12-19', 'Promovido', 'Misma IE', NULL, NULL, '1', '0'),
	(534, 2, 1963, 534, '2022-12-19', 'Promovido', 'Misma IE', NULL, NULL, '1', '0'),
	(535, 2, 1964, 535, '2022-12-19', 'Promovido', 'Misma IE', NULL, NULL, '1', '0'),
	(536, 2, 1965, 536, '2022-12-19', 'Promovido', 'Misma IE', NULL, NULL, '1', '0'),
	(537, 2, 1966, 537, '2022-12-19', 'Promovido', 'Misma IE', NULL, NULL, '1', '0'),
	(538, 2, 1967, 538, '2022-12-19', 'Promovido', 'Misma IE', NULL, NULL, '1', '0'),
	(539, 2, 1968, 539, '2022-12-19', 'Promovido', 'Misma IE', NULL, NULL, '1', '0'),
	(540, 2, 1969, 540, '2022-12-19', 'Promovido', 'Misma IE', NULL, NULL, '1', '0'),
	(541, 2, 1970, 541, '2022-12-19', 'Promovido', 'Misma IE', NULL, NULL, '1', '0'),
	(542, 2, 1971, 542, '2022-12-19', 'Promovido', 'Misma IE', NULL, NULL, '1', '0'),
	(543, 2, 1972, 543, '2022-12-19', 'Promovido', 'Misma IE', NULL, NULL, '1', '0'),
	(544, 2, 1973, 544, '2022-12-19', 'Promovido', 'Misma IE', NULL, NULL, '1', '0'),
	(545, 2, 1974, 545, '2022-12-19', 'Promovido', 'Misma IE', NULL, NULL, '1', '0'),
	(546, 2, 1975, 546, '2022-12-19', 'Promovido', 'Misma IE', NULL, NULL, '1', '0'),
	(547, 2, 1976, 547, '2022-12-19', 'Promovido', 'Misma IE', NULL, NULL, '1', '0'),
	(548, 2, 1977, 548, '2022-12-19', 'Promovido', 'Misma IE', NULL, NULL, '1', '0'),
	(549, 2, 1978, 549, '2022-12-19', 'Promovido', 'Misma IE', NULL, NULL, '1', '0'),
	(550, 2, 1979, 550, '2022-12-19', 'Promovido', 'Misma IE', NULL, NULL, '1', '0'),
	(551, 2, 1980, 551, '2022-12-19', 'Promovido', 'Misma IE', NULL, NULL, '1', '0'),
	(552, 2, 1981, 552, '2022-12-19', 'Promovido', 'Misma IE', NULL, NULL, '1', '0'),
	(553, 2, 1982, 553, '2022-12-19', 'Promovido', 'Misma IE', NULL, NULL, '1', '0'),
	(554, 2, 1983, 554, '2022-12-19', 'Promovido', 'Misma IE', NULL, NULL, '1', '0'),
	(555, 2, 1984, 555, '2022-12-19', 'Promovido', 'Misma IE', NULL, NULL, '1', '0'),
	(556, 2, 1985, 556, '2022-12-19', 'Promovido', 'Misma IE', NULL, NULL, '1', '0'),
	(557, 2, 1986, 557, '2022-12-19', 'Promovido', 'Misma IE', NULL, NULL, '1', '0'),
	(558, 2, 1987, 558, '2022-12-19', 'Promovido', 'Misma IE', NULL, NULL, '1', '0'),
	(559, 2, 1988, 559, '2022-12-19', 'Promovido', 'Misma IE', NULL, NULL, '1', '0'),
	(560, 2, 1989, 560, '2022-12-19', 'Promovido', 'Misma IE', NULL, NULL, '1', '0'),
	(561, 2, 1990, 561, '2022-12-19', 'Promovido', 'Misma IE', NULL, NULL, '1', '0'),
	(562, 2, 1991, 562, '2022-12-19', 'Promovido', 'Misma IE', NULL, NULL, '1', '0'),
	(563, 2, 1992, 563, '2022-12-19', 'Promovido', 'Misma IE', NULL, NULL, '1', '0'),
	(564, 2, 1993, 564, '2022-12-19', 'Promovido', 'Misma IE', NULL, NULL, '1', '0'),
	(565, 2, 1994, 565, '2022-12-19', 'Promovido', 'Misma IE', NULL, NULL, '1', '0'),
	(566, 2, 1995, 566, '2022-12-19', 'Promovido', 'Misma IE', NULL, NULL, '1', '0'),
	(567, 2, 1996, 567, '2022-12-19', 'Promovido', 'Misma IE', NULL, NULL, '1', '0'),
	(568, 2, 1997, 568, '2022-12-19', 'Promovido', 'Misma IE', NULL, NULL, '1', '0'),
	(569, 2, 1998, 569, '2022-12-19', 'Promovido', 'Misma IE', NULL, NULL, '1', '0'),
	(570, 2, 1999, 570, '2022-12-19', 'Promovido', 'Misma IE', NULL, NULL, '1', '0'),
	(571, 2, 2000, 571, '2022-12-19', 'Promovido', 'Misma IE', NULL, NULL, '1', '0'),
	(572, 2, 2001, 572, '2022-12-19', 'Promovido', 'Misma IE', NULL, NULL, '1', '0'),
	(573, 2, 2002, 573, '2022-12-19', 'Promovido', 'Misma IE', NULL, NULL, '1', '0'),
	(574, 2, 2003, 574, '2022-12-19', 'Promovido', 'Misma IE', NULL, NULL, '1', '0'),
	(575, 2, 2004, 575, '2022-12-19', 'Promovido', 'Misma IE', NULL, NULL, '1', '0'),
	(576, 2, 2005, 576, '2022-12-19', 'Promovido', 'Misma IE', NULL, NULL, '1', '0'),
	(577, 2, 2006, 577, '2022-12-19', 'Promovido', 'Misma IE', NULL, NULL, '1', '0'),
	(578, 2, 2007, 578, '2022-12-19', 'Promovido', 'Misma IE', NULL, NULL, '1', '0'),
	(579, 2, 2008, 579, '2022-12-19', 'Promovido', 'Misma IE', NULL, NULL, '1', '0'),
	(580, 2, 2009, 580, '2022-12-19', 'Promovido', 'Misma IE', NULL, NULL, '1', '0'),
	(581, 2, 2010, 581, '2022-12-19', 'Promovido', 'Misma IE', NULL, NULL, '1', '0'),
	(582, 2, 2011, 582, '2022-12-19', 'Promovido', 'Misma IE', NULL, NULL, '1', '0'),
	(583, 2, 2012, 583, '2022-12-19', 'Promovido', 'Misma IE', NULL, NULL, '1', '0'),
	(584, 2, 2013, 584, '2022-12-19', 'Promovido', 'Misma IE', NULL, NULL, '1', '0'),
	(585, 2, 2014, 585, '2022-12-19', 'Promovido', 'Misma IE', NULL, NULL, '1', '0'),
	(586, 2, 2015, 586, '2022-12-19', 'Promovido', 'Misma IE', NULL, NULL, '1', '0'),
	(587, 2, 2016, 587, '2022-12-19', 'Promovido', 'Misma IE', NULL, NULL, '1', '0'),
	(588, 2, 2017, 588, '2022-12-19', 'Promovido', 'Misma IE', NULL, NULL, '1', '0'),
	(589, 2, 2018, 589, '2022-12-19', 'Promovido', 'Misma IE', NULL, NULL, '1', '0'),
	(590, 2, 2019, 590, '2022-12-19', 'Promovido', 'Misma IE', NULL, NULL, '1', '0'),
	(591, 2, 2020, 591, '2022-12-19', 'Promovido', 'Misma IE', NULL, NULL, '1', '0'),
	(592, 2, 2021, 592, '2022-12-19', 'Promovido', 'Misma IE', NULL, NULL, '1', '0'),
	(593, 2, 2022, 593, '2022-12-19', 'Promovido', 'Misma IE', NULL, NULL, '1', '0'),
	(594, 2, 2023, 594, '2022-12-19', 'Promovido', 'Misma IE', NULL, NULL, '1', '0'),
	(595, 2, 2024, 595, '2022-12-19', 'Promovido', 'Misma IE', NULL, NULL, '1', '0'),
	(596, 2, 2025, 596, '2022-12-19', 'Promovido', 'Misma IE', NULL, NULL, '1', '0'),
	(597, 2, 2026, 597, '2022-12-19', 'Promovido', 'Misma IE', NULL, NULL, '1', '0'),
	(598, 2, 2027, 598, '2022-12-19', 'Promovido', 'Misma IE', NULL, NULL, '1', '0'),
	(599, 2, 2028, 599, '2022-12-19', 'Promovido', 'Misma IE', NULL, NULL, '1', '0'),
	(600, 2, 2029, 600, '2022-12-19', 'Promovido', 'Misma IE', NULL, NULL, '1', '0'),
	(601, 2, 2030, 601, '2022-12-19', 'Promovido', 'Misma IE', NULL, NULL, '1', '0'),
	(602, 2, 2031, 602, '2022-12-19', 'Promovido', 'Misma IE', NULL, NULL, '1', '0'),
	(603, 2, 2032, 603, '2022-12-19', 'Promovido', 'Misma IE', NULL, NULL, '1', '0'),
	(604, 2, 2033, 604, '2022-12-19', 'Promovido', 'Misma IE', NULL, NULL, '1', '0'),
	(605, 2, 2034, 605, '2022-12-19', 'Promovido', 'Misma IE', NULL, NULL, '1', '0'),
	(606, 2, 2035, 606, '2022-12-19', 'Promovido', 'Misma IE', NULL, NULL, '1', '0'),
	(607, 2, 2036, 607, '2022-12-19', 'Promovido', 'Misma IE', NULL, NULL, '1', '0'),
	(608, 2, 2037, 608, '2022-12-19', 'Promovido', 'Misma IE', NULL, NULL, '1', '0'),
	(609, 2, 2038, 609, '2022-12-19', 'Promovido', 'Misma IE', NULL, NULL, '1', '0'),
	(610, 2, 2039, 610, '2022-12-19', 'Promovido', 'Misma IE', NULL, NULL, '1', '0'),
	(611, 2, 2040, 611, '2022-12-19', 'Promovido', 'Misma IE', NULL, NULL, '1', '0'),
	(612, 2, 2041, 612, '2022-12-19', 'Promovido', 'Misma IE', NULL, NULL, '1', '0'),
	(613, 2, 2042, 613, '2022-12-19', 'Promovido', 'Misma IE', NULL, NULL, '1', '0'),
	(614, 2, 2043, 614, '2022-12-19', 'Promovido', 'Misma IE', NULL, NULL, '1', '0'),
	(615, 2, 2044, 615, '2022-12-19', 'Promovido', 'Misma IE', NULL, NULL, '1', '0'),
	(616, 2, 2045, 616, '2022-12-19', 'Promovido', 'Misma IE', NULL, NULL, '1', '0'),
	(617, 2, 2046, 617, '2022-12-19', 'Promovido', 'Misma IE', NULL, NULL, '1', '0'),
	(618, 2, 2047, 618, '2022-12-19', 'Promovido', 'Misma IE', NULL, NULL, '1', '0'),
	(619, 2, 2048, 619, '2022-12-19', 'Promovido', 'Misma IE', NULL, NULL, '1', '0'),
	(620, 2, 2049, 620, '2022-12-19', 'Promovido', 'Misma IE', NULL, NULL, '1', '0'),
	(621, 2, 2050, 621, '2022-12-19', 'Promovido', 'Misma IE', NULL, NULL, '1', '0'),
	(622, 2, 2051, 622, '2022-12-19', 'Promovido', 'Misma IE', NULL, NULL, '1', '0'),
	(623, 2, 2052, 623, '2022-12-19', 'Promovido', 'Misma IE', NULL, NULL, '1', '0'),
	(624, 2, 2053, 624, '2022-12-19', 'Promovido', 'Misma IE', NULL, NULL, '1', '0'),
	(625, 2, 2054, 625, '2022-12-19', 'Promovido', 'Misma IE', NULL, NULL, '1', '0'),
	(626, 2, 2055, 626, '2022-12-19', 'Promovido', 'Misma IE', NULL, NULL, '1', '0'),
	(627, 2, 2056, 627, '2022-12-19', 'Promovido', 'Misma IE', NULL, NULL, '1', '0'),
	(628, 2, 2057, 628, '2022-12-19', 'Promovido', 'Misma IE', NULL, NULL, '1', '0'),
	(629, 2, 2058, 629, '2022-12-19', 'Promovido', 'Misma IE', NULL, NULL, '1', '0'),
	(630, 2, 2059, 630, '2022-12-19', 'Promovido', 'Misma IE', NULL, NULL, '1', '0'),
	(631, 2, 2060, 631, '2022-12-19', 'Promovido', 'Misma IE', NULL, NULL, '1', '0'),
	(632, 2, 2061, 632, '2022-12-19', 'Promovido', 'Misma IE', NULL, NULL, '1', '0'),
	(633, 2, 2062, 633, '2022-12-19', 'Promovido', 'Misma IE', NULL, NULL, '1', '0'),
	(634, 2, 2063, 634, '2022-12-19', 'Promovido', 'Misma IE', NULL, NULL, '1', '0'),
	(635, 2, 2064, 635, '2022-12-19', 'Promovido', 'Misma IE', NULL, NULL, '1', '0'),
	(636, 2, 2065, 636, '2022-12-19', 'Promovido', 'Misma IE', NULL, NULL, '1', '0'),
	(637, 2, 2066, 637, '2022-12-19', 'Promovido', 'Misma IE', NULL, NULL, '1', '0'),
	(638, 2, 2067, 638, '2022-12-19', 'Promovido', 'Misma IE', NULL, NULL, '1', '0'),
	(639, 2, 2068, 639, '2022-12-19', 'Promovido', 'Misma IE', NULL, NULL, '1', '0'),
	(640, 2, 2069, 640, '2022-12-19', 'Promovido', 'Misma IE', NULL, NULL, '1', '0'),
	(641, 2, 2070, 641, '2022-12-19', 'Promovido', 'Misma IE', NULL, NULL, '1', '0'),
	(642, 2, 2071, 642, '2022-12-19', 'Promovido', 'Misma IE', NULL, NULL, '1', '0'),
	(643, 2, 2072, 643, '2022-12-19', 'Promovido', 'Misma IE', NULL, NULL, '1', '0'),
	(644, 2, 2073, 644, '2022-12-19', 'Promovido', 'Misma IE', NULL, NULL, '1', '0'),
	(645, 2, 2074, 645, '2022-12-19', 'Promovido', 'Misma IE', NULL, NULL, '1', '0'),
	(646, 2, 2075, 646, '2022-12-19', 'Promovido', 'Misma IE', NULL, NULL, '1', '0'),
	(647, 2, 2076, 647, '2022-12-19', 'Promovido', 'Misma IE', NULL, NULL, '1', '0'),
	(648, 2, 2077, 648, '2022-12-19', 'Promovido', 'Misma IE', NULL, NULL, '1', '0'),
	(649, 2, 2078, 649, '2022-12-19', 'Promovido', 'Misma IE', NULL, NULL, '1', '0'),
	(650, 2, 2079, 650, '2022-12-19', 'Promovido', 'Misma IE', NULL, NULL, '1', '0'),
	(651, 2, 2080, 651, '2022-12-19', 'Promovido', 'Misma IE', NULL, NULL, '1', '0'),
	(652, 2, 2081, 652, '2022-12-19', 'Promovido', 'Misma IE', NULL, NULL, '1', '0'),
	(653, 2, 2082, 653, '2022-12-19', 'Promovido', 'Misma IE', NULL, NULL, '1', '0'),
	(654, 2, 2083, 654, '2022-12-19', 'Promovido', 'Misma IE', NULL, NULL, '1', '0'),
	(655, 2, 2084, 655, '2022-12-19', 'Promovido', 'Misma IE', NULL, NULL, '1', '0'),
	(656, 2, 2085, 656, '2022-12-19', 'Promovido', 'Misma IE', NULL, NULL, '1', '0'),
	(657, 2, 2086, 657, '2022-12-19', 'Promovido', 'Misma IE', NULL, NULL, '1', '0'),
	(658, 2, 2087, 658, '2022-12-19', 'Promovido', 'Misma IE', NULL, NULL, '1', '0'),
	(659, 2, 2088, 659, '2022-12-19', 'Promovido', 'Misma IE', NULL, NULL, '1', '0'),
	(660, 2, 2089, 660, '2022-12-19', 'Promovido', 'Misma IE', NULL, NULL, '1', '0'),
	(661, 2, 2090, 661, '2022-12-19', 'Promovido', 'Misma IE', NULL, NULL, '1', '0'),
	(662, 2, 2091, 662, '2022-12-19', 'Promovido', 'Misma IE', NULL, NULL, '1', '0'),
	(663, 2, 2092, 663, '2022-12-19', 'Promovido', 'Misma IE', NULL, NULL, '1', '0'),
	(664, 2, 2093, 664, '2022-12-19', 'Promovido', 'Misma IE', NULL, NULL, '1', '0'),
	(665, 2, 2094, 665, '2022-12-19', 'Promovido', 'Misma IE', NULL, NULL, '1', '0'),
	(666, 2, 2095, 666, '2022-12-19', 'Promovido', 'Misma IE', NULL, NULL, '1', '0'),
	(667, 2, 2096, 667, '2022-12-19', 'Promovido', 'Misma IE', NULL, NULL, '1', '0'),
	(668, 2, 2097, 668, '2022-12-19', 'Promovido', 'Misma IE', NULL, NULL, '1', '0'),
	(669, 2, 2098, 669, '2022-12-19', 'Promovido', 'Misma IE', NULL, NULL, '1', '0'),
	(670, 2, 2099, 670, '2022-12-19', 'Promovido', 'Misma IE', NULL, NULL, '1', '0'),
	(671, 2, 2100, 671, '2022-12-19', 'Promovido', 'Misma IE', NULL, NULL, '1', '0'),
	(672, 2, 2101, 672, '2022-12-19', 'Promovido', 'Misma IE', NULL, NULL, '1', '0'),
	(673, 2, 2102, 673, '2022-12-19', 'Promovido', 'Misma IE', NULL, NULL, '1', '0'),
	(674, 2, 2103, 674, '2022-12-19', 'Promovido', 'Misma IE', NULL, NULL, '1', '0'),
	(675, 2, 2104, 675, '2022-12-19', 'Promovido', 'Misma IE', NULL, NULL, '1', '0'),
	(676, 2, 2105, 676, '2022-12-19', 'Promovido', 'Misma IE', NULL, NULL, '1', '0'),
	(677, 2, 2106, 677, '2022-12-19', 'Promovido', 'Misma IE', NULL, NULL, '1', '0'),
	(678, 2, 2107, 678, '2022-12-19', 'Promovido', 'Misma IE', NULL, NULL, '1', '0'),
	(679, 2, 2108, 679, '2022-12-19', 'Promovido', 'Misma IE', NULL, NULL, '1', '0'),
	(680, 2, 2109, 680, '2022-12-19', 'Promovido', 'Misma IE', NULL, NULL, '1', '0'),
	(681, 2, 2110, 681, '2022-12-19', 'Promovido', 'Misma IE', NULL, NULL, '1', '0'),
	(682, 2, 2111, 682, '2022-12-19', 'Promovido', 'Misma IE', NULL, NULL, '1', '0'),
	(683, 2, 2112, 683, '2022-12-19', 'Promovido', 'Misma IE', NULL, NULL, '1', '0'),
	(684, 2, 2113, 684, '2022-12-19', 'Promovido', 'Misma IE', NULL, NULL, '1', '0'),
	(685, 2, 2114, 685, '2022-12-19', 'Promovido', 'Misma IE', NULL, NULL, '1', '0'),
	(686, 2, 2115, 686, '2022-12-19', 'Promovido', 'Misma IE', NULL, NULL, '1', '0'),
	(687, 2, 2116, 687, '2022-12-19', 'Promovido', 'Misma IE', NULL, NULL, '1', '0'),
	(688, 2, 2117, 688, '2022-12-19', 'Promovido', 'Misma IE', NULL, NULL, '1', '0'),
	(689, 2, 2118, 689, '2022-12-19', 'Promovido', 'Misma IE', NULL, NULL, '1', '0'),
	(690, 2, 2119, 690, '2022-12-19', 'Promovido', 'Misma IE', NULL, NULL, '1', '0'),
	(691, 2, 2120, 691, '2022-12-19', 'Promovido', 'Misma IE', NULL, NULL, '1', '0'),
	(692, 2, 2121, 692, '2022-12-19', 'Promovido', 'Misma IE', NULL, NULL, '1', '0'),
	(693, 2, 2122, 693, '2022-12-19', 'Promovido', 'Misma IE', NULL, NULL, '1', '0'),
	(694, 2, 2123, 694, '2022-12-19', 'Promovido', 'Misma IE', NULL, NULL, '1', '0'),
	(695, 2, 2124, 695, '2022-12-19', 'Promovido', 'Misma IE', NULL, NULL, '1', '0'),
	(696, 2, 2125, 696, '2022-12-19', 'Promovido', 'Misma IE', NULL, NULL, '1', '0'),
	(697, 2, 2126, 697, '2022-12-19', 'Promovido', 'Misma IE', NULL, NULL, '1', '0'),
	(698, 2, 2127, 698, '2022-12-19', 'Promovido', 'Misma IE', NULL, NULL, '1', '0'),
	(699, 2, 2128, 699, '2022-12-19', 'Promovido', 'Misma IE', NULL, NULL, '1', '0'),
	(700, 2, 2129, 700, '2022-12-19', 'Promovido', 'Misma IE', NULL, NULL, '1', '0'),
	(701, 2, 2130, 701, '2022-12-19', 'Promovido', 'Misma IE', NULL, NULL, '1', '0'),
	(702, 2, 2131, 702, '2022-12-19', 'Promovido', 'Misma IE', NULL, NULL, '1', '0'),
	(703, 2, 2132, 703, '2022-12-19', 'Promovido', 'Misma IE', NULL, NULL, '1', '0'),
	(704, 2, 2133, 704, '2022-12-19', 'Promovido', 'Misma IE', NULL, NULL, '1', '0'),
	(705, 2, 2134, 705, '2022-12-19', 'Promovido', 'Misma IE', NULL, NULL, '1', '0'),
	(706, 2, 2135, 706, '2022-12-19', 'Promovido', 'Misma IE', NULL, NULL, '1', '0'),
	(707, 2, 2136, 707, '2022-12-19', 'Promovido', 'Misma IE', NULL, NULL, '1', '0'),
	(708, 2, 2137, 708, '2022-12-19', 'Promovido', 'Misma IE', NULL, NULL, '1', '0'),
	(709, 2, 2138, 709, '2022-12-19', 'Promovido', 'Misma IE', NULL, NULL, '1', '0'),
	(710, 2, 2139, 710, '2022-12-19', 'Promovido', 'Misma IE', NULL, NULL, '1', '0'),
	(711, 2, 2140, 711, '2022-12-19', 'Promovido', 'Misma IE', NULL, NULL, '1', '0'),
	(712, 2, 2141, 712, '2022-12-19', 'Promovido', 'Misma IE', NULL, NULL, '1', '0'),
	(713, 2, 2142, 713, '2022-12-29', 'Ingresante', 'Misma IE', NULL, NULL, '1', '1');

-- Volcando estructura para tabla db_academico.nd_operacion
CREATE TABLE IF NOT EXISTS `nd_operacion` (
  `us_id` bigint(20) NOT NULL,
  `nd_id` int(11) NOT NULL,
  PRIMARY KEY (`us_id`,`nd_id`),
  KEY `nd_operacion_ibfk_2` (`nd_id`)
) ENGINE=InnoDB DEFAULT CHARSET=latin1;

-- Volcando datos para la tabla db_academico.nd_operacion: ~0 rows (aproximadamente)

-- Volcando estructura para tabla db_academico.nivel
CREATE TABLE IF NOT EXISTS `nivel` (
  `niv_id` int(11) NOT NULL AUTO_INCREMENT,
  `niv_descripcion` varchar(255) DEFAULT NULL,
  PRIMARY KEY (`niv_id`)
) ENGINE=InnoDB AUTO_INCREMENT=3 DEFAULT CHARSET=latin1;

-- Volcando datos para la tabla db_academico.nivel: ~2 rows (aproximadamente)
INSERT INTO `nivel` (`niv_id`, `niv_descripcion`) VALUES
	(1, 'Primaria'),
	(2, 'Secundaria');

-- Volcando estructura para tabla db_academico.nota
CREATE TABLE IF NOT EXISTS `nota` (
  `nt_id` int(11) NOT NULL AUTO_INCREMENT,
  `per_id` int(11) DEFAULT NULL,
  `alu_id` int(11) DEFAULT NULL,
  `pa_id` int(11) DEFAULT NULL,
  `ags_id` int(11) DEFAULT NULL,
  `nt_bimestre` int(11) DEFAULT NULL,
  `nt_nota` char(18) DEFAULT NULL,
  `nt_is_deleted` char(1) DEFAULT '0' COMMENT '1: Eliminado; 0:No Eliminado',
  PRIMARY KEY (`nt_id`) USING BTREE,
  KEY `R_30` (`alu_id`),
  KEY `R_54` (`ags_id`),
  KEY `FK_nota_personal_academico` (`pa_id`),
  KEY `FK_nota_año` (`per_id`) USING BTREE,
  CONSTRAINT `FK_nota_alumno` FOREIGN KEY (`alu_id`) REFERENCES `alumno` (`alu_id`) ON DELETE NO ACTION ON UPDATE NO ACTION,
  CONSTRAINT `FK_nota_gsa` FOREIGN KEY (`ags_id`) REFERENCES `gsa` (`ags_id`) ON DELETE NO ACTION ON UPDATE NO ACTION,
  CONSTRAINT `FK_nota_periodo` FOREIGN KEY (`per_id`) REFERENCES `periodo` (`per_id`) ON DELETE NO ACTION ON UPDATE NO ACTION,
  CONSTRAINT `FK_nota_personal_academico` FOREIGN KEY (`pa_id`) REFERENCES `personal_academico` (`pa_id`) ON DELETE NO ACTION ON UPDATE NO ACTION
) ENGINE=InnoDB AUTO_INCREMENT=549 DEFAULT CHARSET=latin1;

-- Volcando datos para la tabla db_academico.nota: ~497 rows (aproximadamente)
INSERT INTO `nota` (`nt_id`, `per_id`, `alu_id`, `pa_id`, `ags_id`, `nt_bimestre`, `nt_nota`, `nt_is_deleted`) VALUES
	(51, 2, 1986, 8, 557, 1, '3', '0'),
	(52, 2, 1987, 8, 558, 1, '10', '0'),
	(53, 2, 1988, 8, 559, 1, '11', '0'),
	(54, 2, 1989, 8, 560, 1, '11', '0'),
	(55, 2, 1990, 8, 561, 1, '12', '0'),
	(56, 2, 1991, 8, 562, 1, '16', '0'),
	(57, 2, 1992, 8, 563, 1, '16', '0'),
	(58, 2, 1993, 8, 564, 1, '12', '0'),
	(59, 2, 1994, 8, 565, 1, '13', '0'),
	(60, 2, 1995, 8, 566, 1, '12', '0'),
	(61, 2, 1996, 8, 567, 1, '10', '0'),
	(62, 2, 1997, 8, 568, 1, '13', '0'),
	(63, 2, 1998, 8, 569, 1, '10', '0'),
	(64, 2, 1999, 8, 570, 1, '16', '0'),
	(65, 2, 2000, 8, 571, 1, '16', '0'),
	(66, 2, 2001, 8, 572, 1, '9', '0'),
	(67, 2, 2002, 8, 573, 1, '13', '0'),
	(68, 2, 2003, 8, 574, 1, '17', '0'),
	(69, 2, 2004, 8, 575, 1, '13', '0'),
	(70, 2, 2005, 8, 576, 1, '13', '0'),
	(71, 2, 2006, 8, 577, 1, '17', '0'),
	(72, 2, 2007, 8, 578, 1, '12', '0'),
	(73, 2, 2008, 8, 579, 1, '11', '0'),
	(74, 2, 2009, 8, 580, 1, '15', '0'),
	(75, 2, 2010, 8, 581, 1, '18', '0'),
	(76, 2, 2011, 8, 582, 1, '18', '0'),
	(77, 2, 2012, 8, 583, 1, '0', '0'),
	(78, 2, 2013, 8, 584, 1, '17', '0'),
	(79, 2, 2014, 8, 585, 1, '18', '0'),
	(80, 2, 2015, 8, 586, 1, '9', '0'),
	(81, 2, 2016, 8, 587, 1, '18', '0'),
	(82, 2, 1986, 8, 557, 2, '0', '0'),
	(83, 2, 1987, 8, 558, 2, '9', '0'),
	(84, 2, 1988, 8, 559, 2, '14', '0'),
	(85, 2, 1989, 8, 560, 2, '17', '0'),
	(86, 2, 1990, 8, 561, 2, '14', '0'),
	(87, 2, 1991, 8, 562, 2, '18', '0'),
	(88, 2, 1992, 8, 563, 2, '17', '0'),
	(89, 2, 1993, 8, 564, 2, '14', '0'),
	(90, 2, 1994, 8, 565, 2, '12', '0'),
	(91, 2, 1995, 8, 566, 2, '8', '0'),
	(92, 2, 1996, 8, 567, 2, '14', '0'),
	(93, 2, 1997, 8, 568, 2, '18', '0'),
	(94, 2, 1998, 8, 569, 2, '0', '0'),
	(95, 2, 1999, 8, 570, 2, '18', '0'),
	(96, 2, 2000, 8, 571, 2, '18', '0'),
	(97, 2, 2001, 8, 572, 2, '13', '0'),
	(98, 2, 2002, 8, 573, 2, '13', '0'),
	(99, 2, 2003, 8, 574, 2, '18', '0'),
	(100, 2, 2004, 8, 575, 2, '14', '0'),
	(101, 2, 2005, 8, 576, 2, '15', '0'),
	(102, 2, 2006, 8, 577, 2, '12', '0'),
	(103, 2, 2007, 8, 578, 2, '18', '0'),
	(104, 2, 2008, 8, 579, 2, '7', '0'),
	(105, 2, 2009, 8, 580, 2, '17', '0'),
	(106, 2, 2010, 8, 581, 2, '18', '0'),
	(107, 2, 2011, 8, 582, 2, '17', '0'),
	(108, 2, 2012, 8, 583, 2, '0', '0'),
	(109, 2, 2013, 8, 584, 2, '14', '0'),
	(110, 2, 2014, 8, 585, 2, '18', '0'),
	(111, 2, 2015, 8, 586, 2, '15', '0'),
	(112, 2, 2016, 8, 587, 2, '18', '0'),
	(113, 2, 1986, 8, 557, 3, '0', '0'),
	(114, 2, 1987, 8, 558, 3, '12', '0'),
	(115, 2, 1988, 8, 559, 3, '12', '0'),
	(116, 2, 1989, 8, 560, 3, '14', '0'),
	(117, 2, 1990, 8, 561, 3, '18', '0'),
	(118, 2, 1991, 8, 562, 3, '18', '0'),
	(119, 2, 1992, 8, 563, 3, '14', '0'),
	(120, 2, 1993, 8, 564, 3, '15', '0'),
	(121, 2, 1994, 8, 565, 3, '15', '0'),
	(122, 2, 1995, 8, 566, 3, '13', '0'),
	(123, 2, 1996, 8, 567, 3, '0', '0'),
	(124, 2, 1997, 8, 568, 3, '18', '0'),
	(125, 2, 1998, 8, 569, 3, '12', '0'),
	(126, 2, 1999, 8, 570, 3, '13', '0'),
	(127, 2, 2000, 8, 571, 3, '15', '0'),
	(128, 2, 2001, 8, 572, 3, '15', '0'),
	(129, 2, 2002, 8, 573, 3, '15', '0'),
	(130, 2, 2003, 8, 574, 3, '18', '0'),
	(131, 2, 2004, 8, 575, 3, '10', '0'),
	(132, 2, 2005, 8, 576, 3, '14', '0'),
	(133, 2, 2006, 8, 577, 3, '12', '0'),
	(134, 2, 2007, 8, 578, 3, '17', '0'),
	(135, 2, 2008, 8, 579, 3, '7', '0'),
	(136, 2, 2009, 8, 580, 3, '0', '0'),
	(137, 2, 2010, 8, 581, 3, '18', '0'),
	(138, 2, 2011, 8, 582, 3, '18', '0'),
	(139, 2, 2012, 8, 583, 3, '0', '0'),
	(140, 2, 2013, 8, 584, 3, '18', '0'),
	(141, 2, 2014, 8, 585, 3, '18', '0'),
	(142, 2, 2015, 8, 586, 3, '8', '0'),
	(143, 2, 2016, 8, 587, 3, '18', '0'),
	(144, 2, 1986, 8, 557, 4, '15', '0'),
	(145, 2, 1987, 8, 558, 4, '15', '0'),
	(146, 2, 1988, 8, 559, 4, '15', '0'),
	(147, 2, 1989, 8, 560, 4, '15', '0'),
	(148, 2, 1990, 8, 561, 4, '15', '0'),
	(149, 2, 1991, 8, 562, 4, '15', '0'),
	(150, 2, 1992, 8, 563, 4, '15', '0'),
	(151, 2, 1993, 8, 564, 4, '15', '0'),
	(152, 2, 1994, 8, 565, 4, '15', '0'),
	(153, 2, 1995, 8, 566, 4, '15', '0'),
	(154, 2, 1996, 8, 567, 4, '15', '0'),
	(155, 2, 1997, 8, 568, 4, '15', '0'),
	(156, 2, 1998, 8, 569, 4, '15', '0'),
	(157, 2, 1999, 8, 570, 4, '15', '0'),
	(158, 2, 2000, 8, 571, 4, '15', '0'),
	(159, 2, 2001, 8, 572, 4, '15', '0'),
	(160, 2, 2002, 8, 573, 4, '15', '0'),
	(161, 2, 2003, 8, 574, 4, '15', '0'),
	(162, 2, 2004, 8, 575, 4, '15', '0'),
	(163, 2, 2005, 8, 576, 4, '15', '0'),
	(164, 2, 2006, 8, 577, 4, '15', '0'),
	(165, 2, 2007, 8, 578, 4, '15', '0'),
	(166, 2, 2008, 8, 579, 4, '15', '0'),
	(167, 2, 2009, 8, 580, 4, '15', '0'),
	(168, 2, 2010, 8, 581, 4, '15', '0'),
	(169, 2, 2011, 8, 582, 4, '15', '0'),
	(170, 2, 2012, 8, 583, 4, '15', '0'),
	(171, 2, 2013, 8, 584, 4, '15', '0'),
	(172, 2, 2014, 8, 585, 4, '15', '0'),
	(173, 2, 2015, 8, 586, 4, '15', '0'),
	(174, 2, 2016, 8, 587, 4, '15', '0'),
	(175, 2, 1986, 37, 557, 1, '13', '0'),
	(176, 2, 1987, 37, 558, 1, '14', '0'),
	(177, 2, 1988, 37, 559, 1, '14', '0'),
	(178, 2, 1989, 37, 560, 1, '13', '0'),
	(179, 2, 1990, 37, 561, 1, '13', '0'),
	(180, 2, 1991, 37, 562, 1, '14', '0'),
	(181, 2, 1992, 37, 563, 1, '14', '0'),
	(182, 2, 1993, 37, 564, 1, '13', '0'),
	(183, 2, 1994, 37, 565, 1, '13', '0'),
	(184, 2, 1995, 37, 566, 1, '15', '0'),
	(185, 2, 1996, 37, 567, 1, '13', '0'),
	(186, 2, 1997, 37, 568, 1, '14', '0'),
	(187, 2, 1998, 37, 569, 1, '13', '0'),
	(188, 2, 1999, 37, 570, 1, '14', '0'),
	(189, 2, 2000, 37, 571, 1, '14', '0'),
	(190, 2, 2001, 37, 572, 1, '12', '0'),
	(191, 2, 2002, 37, 573, 1, '13', '0'),
	(192, 2, 2003, 37, 574, 1, '14', '0'),
	(193, 2, 2004, 37, 575, 1, '14', '0'),
	(194, 2, 2005, 37, 576, 1, '13', '0'),
	(195, 2, 2006, 37, 577, 1, '14', '0'),
	(196, 2, 2007, 37, 578, 1, '14', '0'),
	(197, 2, 2008, 37, 579, 1, '13', '0'),
	(198, 2, 2009, 37, 580, 1, '12', '0'),
	(199, 2, 2010, 37, 581, 1, '13', '0'),
	(200, 2, 2011, 37, 582, 1, '16', '0'),
	(201, 2, 2012, 37, 583, 1, '10', '0'),
	(202, 2, 2013, 37, 584, 1, '14', '0'),
	(203, 2, 2014, 37, 585, 1, '14', '0'),
	(204, 2, 2015, 37, 586, 1, '10', '0'),
	(205, 2, 2016, 37, 587, 1, '16', '0'),
	(206, 2, 1986, 37, 557, 2, '12', '0'),
	(207, 2, 1986, 37, 557, 3, '15', '0'),
	(208, 2, 1986, 37, 557, 4, '15', '0'),
	(209, 2, 1987, 37, 558, 2, '14', '0'),
	(210, 2, 1987, 37, 558, 3, '18', '0'),
	(211, 2, 1987, 37, 558, 4, '15', '0'),
	(212, 2, 1988, 37, 559, 2, '14', '0'),
	(213, 2, 1988, 37, 559, 3, '14', '0'),
	(214, 2, 1988, 37, 559, 4, '15', '0'),
	(215, 2, 1989, 37, 560, 2, '14', '0'),
	(216, 2, 1989, 37, 560, 3, '14', '0'),
	(217, 2, 1989, 37, 560, 4, '15', '0'),
	(218, 2, 1990, 37, 561, 2, '14', '0'),
	(219, 2, 1990, 37, 561, 3, '15', '0'),
	(220, 2, 1990, 37, 561, 4, '15', '0'),
	(221, 2, 1991, 37, 562, 2, '14', '0'),
	(222, 2, 1991, 37, 562, 3, '17', '0'),
	(223, 2, 1991, 37, 562, 4, '15', '0'),
	(224, 2, 1992, 37, 563, 2, '13', '0'),
	(225, 2, 1992, 37, 563, 3, '15', '0'),
	(226, 2, 1992, 37, 563, 4, '15', '0'),
	(227, 2, 1993, 37, 564, 2, '13', '0'),
	(228, 2, 1993, 37, 564, 3, '15', '0'),
	(229, 2, 1993, 37, 564, 4, '15', '0'),
	(230, 2, 1994, 37, 565, 2, '12', '0'),
	(231, 2, 1994, 37, 565, 3, '16', '0'),
	(232, 2, 1994, 37, 565, 4, '15', '0'),
	(233, 2, 1995, 37, 566, 2, '14', '0'),
	(234, 2, 1995, 37, 566, 3, '13', '0'),
	(235, 2, 1995, 37, 566, 4, '15', '0'),
	(236, 2, 1996, 37, 567, 2, '14', '0'),
	(237, 2, 1996, 37, 567, 3, '17', '0'),
	(238, 2, 1996, 37, 567, 4, '17', '0'),
	(239, 2, 1997, 37, 568, 2, '13', '0'),
	(240, 2, 1997, 37, 568, 3, '15', '0'),
	(241, 2, 1997, 37, 568, 4, '15', '0'),
	(242, 2, 1998, 37, 569, 2, '12', '0'),
	(243, 2, 1998, 37, 569, 3, '15', '0'),
	(244, 2, 1998, 37, 569, 4, '15', '0'),
	(245, 2, 1999, 37, 570, 2, '14', '0'),
	(246, 2, 1999, 37, 570, 3, '16', '0'),
	(247, 2, 1999, 37, 570, 4, '15', '0'),
	(248, 2, 2000, 37, 571, 2, '17', '0'),
	(249, 2, 2000, 37, 571, 3, '18', '0'),
	(250, 2, 2000, 37, 571, 4, '15', '0'),
	(251, 2, 2001, 37, 572, 2, '12', '0'),
	(252, 2, 2001, 37, 572, 3, '15', '0'),
	(253, 2, 2001, 37, 572, 4, '15', '0'),
	(254, 2, 2002, 37, 573, 2, '12', '0'),
	(255, 2, 2002, 37, 573, 3, '13', '0'),
	(256, 2, 2002, 37, 573, 4, '15', '0'),
	(257, 2, 2003, 37, 574, 2, '13', '0'),
	(258, 2, 2003, 37, 574, 3, '17', '0'),
	(259, 2, 2003, 37, 574, 4, '15', '0'),
	(260, 2, 2004, 37, 575, 2, '14', '0'),
	(261, 2, 2004, 37, 575, 3, '14', '0'),
	(262, 2, 2004, 37, 575, 4, '15', '0'),
	(263, 2, 2005, 37, 576, 2, '13', '0'),
	(264, 2, 2005, 37, 576, 3, '14', '0'),
	(265, 2, 2005, 37, 576, 4, '15', '0'),
	(266, 2, 2006, 37, 577, 2, '15', '0'),
	(267, 2, 2006, 37, 577, 3, '15', '0'),
	(268, 2, 2006, 37, 577, 4, '15', '0'),
	(269, 2, 2007, 37, 578, 2, '14', '0'),
	(270, 2, 2007, 37, 578, 3, '15', '0'),
	(271, 2, 2007, 37, 578, 4, '15', '0'),
	(272, 2, 2008, 37, 579, 2, '12', '0'),
	(273, 2, 2008, 37, 579, 3, '15', '0'),
	(274, 2, 2008, 37, 579, 4, '15', '0'),
	(275, 2, 2009, 37, 580, 2, '15', '0'),
	(276, 2, 2009, 37, 580, 3, '14', '0'),
	(277, 2, 2009, 37, 580, 4, '15', '0'),
	(278, 2, 2010, 37, 581, 2, '16', '0'),
	(279, 2, 2010, 37, 581, 3, '16', '0'),
	(280, 2, 2010, 37, 581, 4, '15', '0'),
	(281, 2, 2011, 37, 582, 2, '18', '0'),
	(282, 2, 2011, 37, 582, 3, '18', '0'),
	(283, 2, 2011, 37, 582, 4, '15', '0'),
	(284, 2, 2012, 37, 583, 2, '0', '0'),
	(285, 2, 2012, 37, 583, 3, '0', '0'),
	(286, 2, 2012, 37, 583, 4, '15', '0'),
	(287, 2, 2013, 37, 584, 2, '14', '0'),
	(288, 2, 2013, 37, 584, 3, '16', '0'),
	(289, 2, 2013, 37, 584, 4, '15', '0'),
	(290, 2, 2014, 37, 585, 2, '15', '0'),
	(291, 2, 2014, 37, 585, 3, '18', '0'),
	(292, 2, 2014, 37, 585, 4, '15', '0'),
	(293, 2, 2015, 37, 586, 2, '11', '0'),
	(294, 2, 2015, 37, 586, 3, '10', '0'),
	(295, 2, 2015, 37, 586, 4, '15', '0'),
	(296, 2, 2016, 37, 587, 2, '19', '0'),
	(297, 2, 2016, 37, 587, 3, '17', '0'),
	(298, 2, 2016, 37, 587, 4, '15', '0'),
	(299, 2, 1986, 5, 557, 1, '14', '0'),
	(300, 2, 1987, 5, 558, 1, '15', '0'),
	(301, 2, 1988, 5, 559, 1, '15', '0'),
	(302, 2, 1989, 5, 560, 1, '15', '0'),
	(303, 2, 1990, 5, 561, 1, '13', '0'),
	(304, 2, 1991, 5, 562, 1, '17', '0'),
	(305, 2, 1992, 5, 563, 1, '16', '0'),
	(306, 2, 1993, 5, 564, 1, '15', '0'),
	(307, 2, 1994, 5, 565, 1, '14', '0'),
	(308, 2, 1995, 5, 566, 1, '15', '0'),
	(309, 2, 1996, 5, 567, 1, '16', '0'),
	(310, 2, 1997, 5, 568, 1, '14', '0'),
	(311, 2, 1998, 5, 569, 1, '13', '0'),
	(312, 2, 1999, 5, 570, 1, '15', '0'),
	(313, 2, 2000, 5, 571, 1, '16', '0'),
	(314, 2, 2001, 5, 572, 1, '15', '0'),
	(315, 2, 2002, 5, 573, 1, '16', '0'),
	(316, 2, 2003, 5, 574, 1, '15', '0'),
	(317, 2, 2004, 5, 575, 1, '15', '0'),
	(318, 2, 2005, 5, 576, 1, '15', '0'),
	(319, 2, 2006, 5, 577, 1, '15', '0'),
	(320, 2, 2007, 5, 578, 1, '15', '0'),
	(321, 2, 2008, 5, 579, 1, '14', '0'),
	(322, 2, 2009, 5, 580, 1, '13', '0'),
	(323, 2, 2010, 5, 581, 1, '15', '0'),
	(324, 2, 2011, 5, 582, 1, '16', '0'),
	(325, 2, 2012, 5, 583, 1, '5', '0'),
	(326, 2, 2013, 5, 584, 1, '15', '0'),
	(327, 2, 2014, 5, 585, 1, '17', '0'),
	(328, 2, 2015, 5, 586, 1, '9', '0'),
	(329, 2, 2016, 5, 587, 1, '17', '0'),
	(330, 2, 1986, 5, 557, 2, '14', '0'),
	(331, 2, 1986, 5, 557, 3, '14', '0'),
	(332, 2, 1986, 5, 557, 4, '15', '0'),
	(333, 2, 1987, 5, 558, 2, '15', '0'),
	(334, 2, 1987, 5, 558, 3, '15', '0'),
	(335, 2, 1987, 5, 558, 4, '15', '0'),
	(336, 2, 1988, 5, 559, 2, '16', '0'),
	(337, 2, 1988, 5, 559, 3, '15', '0'),
	(338, 2, 1988, 5, 559, 4, '15', '0'),
	(339, 2, 1989, 5, 560, 2, '15', '0'),
	(340, 2, 1989, 5, 560, 3, '15', '0'),
	(341, 2, 1989, 5, 560, 4, '15', '0'),
	(342, 2, 1990, 5, 561, 2, '16', '0'),
	(343, 2, 1990, 5, 561, 3, '15', '0'),
	(344, 2, 1990, 5, 561, 4, '15', '0'),
	(345, 2, 1991, 5, 562, 2, '17', '0'),
	(346, 2, 1991, 5, 562, 3, '17', '0'),
	(347, 2, 1991, 5, 562, 4, '15', '0'),
	(348, 2, 1992, 5, 563, 2, '16', '0'),
	(349, 2, 1992, 5, 563, 3, '16', '0'),
	(350, 2, 1992, 5, 563, 4, '15', '0'),
	(351, 2, 1993, 5, 564, 2, '16', '0'),
	(352, 2, 1993, 5, 564, 3, '15', '0'),
	(353, 2, 1993, 5, 564, 4, '15', '0'),
	(354, 2, 1994, 5, 565, 2, '14', '0'),
	(355, 2, 1994, 5, 565, 3, '14', '0'),
	(356, 2, 1994, 5, 565, 4, '15', '0'),
	(357, 2, 1995, 5, 566, 2, '16', '0'),
	(358, 2, 1995, 5, 566, 3, '16', '0'),
	(359, 2, 1995, 5, 566, 4, '15', '0'),
	(360, 2, 1996, 5, 567, 2, '16', '0'),
	(361, 2, 1996, 5, 567, 3, '16', '0'),
	(362, 2, 1996, 5, 567, 4, '15', '0'),
	(363, 2, 1997, 5, 568, 2, '16', '0'),
	(364, 2, 1997, 5, 568, 3, '16', '0'),
	(365, 2, 1997, 5, 568, 4, '15', '0'),
	(366, 2, 1998, 5, 569, 2, '14', '0'),
	(367, 2, 1998, 5, 569, 3, '15', '0'),
	(368, 2, 1998, 5, 569, 4, '15', '0'),
	(369, 2, 1999, 5, 570, 2, '16', '0'),
	(370, 2, 1999, 5, 570, 3, '16', '0'),
	(371, 2, 1999, 5, 570, 4, '15', '0'),
	(372, 2, 2000, 5, 571, 2, '17', '0'),
	(373, 2, 2000, 5, 571, 3, '17', '0'),
	(374, 2, 2000, 5, 571, 4, '15', '0'),
	(375, 2, 2001, 5, 572, 2, '15', '0'),
	(376, 2, 2001, 5, 572, 3, '15', '0'),
	(377, 2, 2001, 5, 572, 4, '15', '0'),
	(378, 2, 2002, 5, 573, 2, '16', '0'),
	(379, 2, 2002, 5, 573, 3, '16', '0'),
	(380, 2, 2002, 5, 573, 4, '15', '0'),
	(381, 2, 2003, 5, 574, 2, '16', '0'),
	(382, 2, 2003, 5, 574, 3, '15', '0'),
	(383, 2, 2003, 5, 574, 4, '15', '0'),
	(384, 2, 2004, 5, 575, 2, '16', '0'),
	(385, 2, 2004, 5, 575, 3, '16', '0'),
	(386, 2, 2004, 5, 575, 4, '15', '0'),
	(387, 2, 2005, 5, 576, 2, '15', '0'),
	(388, 2, 2005, 5, 576, 3, '15', '0'),
	(389, 2, 2005, 5, 576, 4, '15', '0'),
	(390, 2, 2006, 5, 577, 2, '16', '0'),
	(391, 2, 2006, 5, 577, 3, '15', '0'),
	(392, 2, 2006, 5, 577, 4, '15', '0'),
	(393, 2, 2007, 5, 578, 2, '16', '0'),
	(394, 2, 2007, 5, 578, 3, '15', '0'),
	(395, 2, 2007, 5, 578, 4, '15', '0'),
	(396, 2, 2008, 5, 579, 2, '13', '0'),
	(397, 2, 2008, 5, 579, 3, '14', '0'),
	(398, 2, 2008, 5, 579, 4, '15', '0'),
	(399, 2, 2009, 5, 580, 2, '14', '0'),
	(400, 2, 2009, 5, 580, 3, '14', '0'),
	(401, 2, 2009, 5, 580, 4, '15', '0'),
	(402, 2, 2010, 5, 581, 2, '16', '0'),
	(403, 2, 2010, 5, 581, 3, '16', '0'),
	(404, 2, 2010, 5, 581, 4, '15', '0'),
	(405, 2, 2011, 5, 582, 2, '17', '0'),
	(406, 2, 2011, 5, 582, 3, '17', '0'),
	(407, 2, 2011, 5, 582, 4, '15', '0'),
	(408, 2, 2012, 5, 583, 2, '0', '0'),
	(409, 2, 2012, 5, 583, 3, '0', '0'),
	(410, 2, 2012, 5, 583, 4, '15', '0'),
	(411, 2, 2013, 5, 584, 2, '16', '0'),
	(412, 2, 2013, 5, 584, 3, '16', '0'),
	(413, 2, 2013, 5, 584, 4, '15', '0'),
	(414, 2, 2014, 5, 585, 2, '17', '0'),
	(415, 2, 2014, 5, 585, 3, '17', '0'),
	(416, 2, 2014, 5, 585, 4, '15', '0'),
	(417, 2, 2015, 5, 586, 2, '0', '0'),
	(418, 2, 2015, 5, 586, 3, '13', '0'),
	(419, 2, 2015, 5, 586, 4, '15', '0'),
	(420, 2, 2016, 5, 587, 2, '17', '0'),
	(421, 2, 2016, 5, 587, 3, '17', '0'),
	(422, 2, 2016, 5, 587, 4, '15', '0'),
	(423, 2, 1986, 25, 557, 1, '6', '0'),
	(424, 2, 1987, 25, 558, 1, '10', '0'),
	(425, 2, 1988, 25, 559, 1, '8', '0'),
	(426, 2, 1989, 25, 560, 1, '16', '0'),
	(427, 2, 1990, 25, 561, 1, '11', '0'),
	(428, 2, 1991, 25, 562, 1, '18', '0'),
	(429, 2, 1992, 25, 563, 1, '18', '0'),
	(430, 2, 1993, 25, 564, 1, '7', '0'),
	(431, 2, 1994, 25, 565, 1, '8', '0'),
	(432, 2, 1995, 25, 566, 1, '11', '0'),
	(433, 2, 1996, 25, 567, 1, '9', '0'),
	(434, 2, 1997, 25, 568, 1, '16', '0'),
	(435, 2, 1998, 25, 569, 1, '0', '0'),
	(436, 2, 1999, 25, 570, 1, '14', '0'),
	(437, 2, 2000, 25, 571, 1, '16', '0'),
	(438, 2, 2001, 25, 572, 1, '7', '0'),
	(439, 2, 2002, 25, 573, 1, '13', '0'),
	(440, 2, 2003, 25, 574, 1, '17', '0'),
	(441, 2, 2004, 25, 575, 1, '15', '0'),
	(442, 2, 2005, 25, 576, 1, '5', '0'),
	(443, 2, 2006, 25, 577, 1, '4', '0'),
	(444, 2, 2007, 25, 578, 1, '10', '0'),
	(445, 2, 2008, 25, 579, 1, '0', '0'),
	(446, 2, 2009, 25, 580, 1, '6', '0'),
	(447, 2, 2010, 25, 581, 1, '18', '0'),
	(448, 2, 2011, 25, 582, 1, '19', '0'),
	(449, 2, 2012, 25, 583, 1, '0', '0'),
	(450, 2, 2013, 25, 584, 1, '16', '0'),
	(451, 2, 2014, 25, 585, 1, '14', '0'),
	(452, 2, 2015, 25, 586, 1, '0', '0'),
	(453, 2, 2016, 25, 587, 1, '20', '0'),
	(454, 2, 1986, 25, 557, 2, '0', '0'),
	(455, 2, 1986, 25, 557, 3, '8', '0'),
	(456, 2, 1986, 25, 557, 4, '15', '0'),
	(457, 2, 1987, 25, 558, 2, '0', '0'),
	(458, 2, 1987, 25, 558, 3, '14', '0'),
	(459, 2, 1987, 25, 558, 4, '15', '0'),
	(460, 2, 1988, 25, 559, 2, '15', '0'),
	(461, 2, 1988, 25, 559, 3, '8', '0'),
	(462, 2, 1988, 25, 559, 4, '15', '0'),
	(463, 2, 1989, 25, 560, 2, '18', '0'),
	(464, 2, 1989, 25, 560, 3, '9', '0'),
	(465, 2, 1989, 25, 560, 4, '15', '0'),
	(466, 2, 1990, 25, 561, 2, '17', '0'),
	(467, 2, 1990, 25, 561, 3, '9', '0'),
	(468, 2, 1990, 25, 561, 4, '15', '0'),
	(469, 2, 1991, 25, 562, 2, '17', '0'),
	(470, 2, 1991, 25, 562, 3, '13', '0'),
	(471, 2, 1991, 25, 562, 4, '15', '0'),
	(472, 2, 1992, 25, 563, 2, '19', '0'),
	(473, 2, 1992, 25, 563, 3, '13', '0'),
	(474, 2, 1992, 25, 563, 4, '15', '0'),
	(475, 2, 1993, 25, 564, 2, '17', '0'),
	(476, 2, 1993, 25, 564, 3, '9', '0'),
	(477, 2, 1993, 25, 564, 4, '15', '0'),
	(478, 2, 1994, 25, 565, 2, '7', '0'),
	(479, 2, 1994, 25, 565, 3, '12', '0'),
	(480, 2, 1994, 25, 565, 4, '15', '0'),
	(481, 2, 1995, 25, 566, 2, '8', '0'),
	(482, 2, 1995, 25, 566, 3, '14', '0'),
	(483, 2, 1995, 25, 566, 4, '15', '0'),
	(484, 2, 1996, 25, 567, 2, '0', '0'),
	(485, 2, 1996, 25, 567, 3, '12', '0'),
	(486, 2, 1996, 25, 567, 4, '15', '0'),
	(487, 2, 1997, 25, 568, 2, '14', '0'),
	(488, 2, 1997, 25, 568, 3, '9', '0'),
	(489, 2, 1997, 25, 568, 4, '15', '0'),
	(490, 2, 1998, 25, 569, 2, '0', '0'),
	(491, 2, 1998, 25, 569, 3, '9', '0'),
	(492, 2, 1998, 25, 569, 4, '15', '0'),
	(493, 2, 1999, 25, 570, 2, '17', '0'),
	(494, 2, 1999, 25, 570, 3, '17', '0'),
	(495, 2, 1999, 25, 570, 4, '15', '0'),
	(496, 2, 2000, 25, 571, 2, '19', '0'),
	(497, 2, 2000, 25, 571, 3, '14', '0'),
	(498, 2, 2000, 25, 571, 4, '15', '0'),
	(499, 2, 2001, 25, 572, 2, '0', '0'),
	(500, 2, 2001, 25, 572, 3, '18', '0'),
	(501, 2, 2001, 25, 572, 4, '15', '0'),
	(502, 2, 2002, 25, 573, 2, '5', '0'),
	(503, 2, 2002, 25, 573, 3, '12', '0'),
	(504, 2, 2002, 25, 573, 4, '15', '0'),
	(505, 2, 2003, 25, 574, 2, '19', '0'),
	(506, 2, 2004, 25, 575, 2, '13', '0'),
	(507, 2, 2003, 25, 574, 3, '8', '0'),
	(508, 2, 2003, 25, 574, 4, '15', '0'),
	(509, 2, 2005, 25, 576, 2, '13', '0'),
	(510, 2, 2004, 25, 575, 3, '8', '0'),
	(511, 2, 2004, 25, 575, 4, '15', '0'),
	(512, 2, 2005, 25, 576, 3, '8', '0'),
	(513, 2, 2005, 25, 576, 4, '15', '0'),
	(514, 2, 2006, 25, 577, 2, '9', '0'),
	(515, 2, 2006, 25, 577, 3, '18', '0'),
	(516, 2, 2006, 25, 577, 4, '15', '0'),
	(517, 2, 2007, 25, 578, 2, '19', '0'),
	(518, 2, 2007, 25, 578, 3, '11', '0'),
	(519, 2, 2007, 25, 578, 4, '15', '0'),
	(520, 2, 2008, 25, 579, 2, '0', '0'),
	(521, 2, 2008, 25, 579, 3, '9', '0'),
	(522, 2, 2008, 25, 579, 4, '15', '0'),
	(523, 2, 2009, 25, 580, 2, '12', '0'),
	(524, 2, 2009, 25, 580, 3, '12', '0'),
	(525, 2, 2009, 25, 580, 4, '15', '0'),
	(526, 2, 2010, 25, 581, 2, '18', '0'),
	(527, 2, 2010, 25, 581, 3, '15', '0'),
	(528, 2, 2010, 25, 581, 4, '15', '0'),
	(529, 2, 2011, 25, 582, 2, '19', '0'),
	(530, 2, 2011, 25, 582, 3, '14', '0'),
	(531, 2, 2011, 25, 582, 4, '15', '0'),
	(532, 2, 2012, 25, 583, 2, '0', '0'),
	(533, 2, 2012, 25, 583, 3, '5', '0'),
	(534, 2, 2012, 25, 583, 4, '15', '0'),
	(535, 2, 2013, 25, 584, 2, '17', '0'),
	(536, 2, 2013, 25, 584, 3, '17', '0'),
	(537, 2, 2013, 25, 584, 4, '15', '0'),
	(538, 2, 2014, 25, 585, 2, '20', '0'),
	(539, 2, 2014, 25, 585, 3, '19', '0'),
	(540, 2, 2014, 25, 585, 4, '15', '0'),
	(541, 2, 2015, 25, 586, 2, '11', '0'),
	(542, 2, 2015, 25, 586, 3, '13', '0'),
	(543, 2, 2015, 25, 586, 4, '15', '0'),
	(544, 2, 2016, 25, 587, 2, '20', '0'),
	(545, 2, 2016, 25, 587, 3, '18', '0'),
	(546, 2, 2016, 25, 587, 4, '15', '0'),
	(547, 2, 2048, 5, 619, 1, '15', '0'),
	(548, 2, 2048, 5, 619, 2, '15', '0');

-- Volcando estructura para tabla db_academico.nota_capacidad
CREATE TABLE IF NOT EXISTS `nota_capacidad` (
  `nc_id` int(11) NOT NULL AUTO_INCREMENT,
  `nc_descripcion` char(18) DEFAULT NULL,
  `nc_nota` int(11) DEFAULT NULL,
  `nt_id` int(11) DEFAULT NULL,
  `nc_is_deleted` char(1) DEFAULT '0' COMMENT '1: Eliminado; 0:No Eliminado',
  PRIMARY KEY (`nc_id`) USING BTREE,
  KEY `FK_nota_capacidad_nota` (`nt_id`),
  CONSTRAINT `FK_nota_capacidad_nota` FOREIGN KEY (`nt_id`) REFERENCES `nota` (`nt_id`) ON DELETE NO ACTION ON UPDATE NO ACTION
) ENGINE=InnoDB AUTO_INCREMENT=1508 DEFAULT CHARSET=latin1;

-- Volcando datos para la tabla db_academico.nota_capacidad: ~1,282 rows (aproximadamente)
INSERT INTO `nota_capacidad` (`nc_id`, `nc_descripcion`, `nc_nota`, `nt_id`, `nc_is_deleted`) VALUES
	(134, 'C1', 5, 51, '0'),
	(135, 'C2', 0, 51, '0'),
	(136, 'C1', 14, 52, '0'),
	(137, 'C2', 5, 52, '0'),
	(138, 'C1', 14, 53, '0'),
	(139, 'C2', 8, 53, '0'),
	(140, 'C1', 14, 54, '0'),
	(141, 'C2', 8, 54, '0'),
	(142, 'C1', 14, 55, '0'),
	(143, 'C2', 10, 55, '0'),
	(144, 'C1', 14, 56, '0'),
	(145, 'C2', 18, 56, '0'),
	(146, 'C1', 14, 57, '0'),
	(147, 'C2', 18, 57, '0'),
	(148, 'C1', 12, 58, '0'),
	(149, 'C2', 12, 58, '0'),
	(150, 'C1', 14, 59, '0'),
	(151, 'C2', 11, 59, '0'),
	(152, 'C1', 14, 60, '0'),
	(153, 'C2', 10, 60, '0'),
	(154, 'C1', 14, 61, '0'),
	(155, 'C2', 5, 61, '0'),
	(156, 'C1', 14, 62, '0'),
	(157, 'C2', 11, 62, '0'),
	(158, 'C1', 14, 63, '0'),
	(159, 'C2', 5, 63, '0'),
	(160, 'C1', 14, 64, '0'),
	(161, 'C2', 18, 64, '0'),
	(162, 'C1', 14, 65, '0'),
	(163, 'C2', 17, 65, '0'),
	(164, 'C1', 14, 66, '0'),
	(165, 'C2', 3, 66, '0'),
	(166, 'C1', 14, 67, '0'),
	(167, 'C2', 11, 67, '0'),
	(168, 'C1', 17, 68, '0'),
	(169, 'C2', 16, 68, '0'),
	(170, 'C1', 14, 69, '0'),
	(171, 'C2', 12, 69, '0'),
	(172, 'C1', 14, 70, '0'),
	(173, 'C2', 11, 70, '0'),
	(174, 'C1', 15, 71, '0'),
	(175, 'C2', 18, 71, '0'),
	(176, 'C1', 14, 72, '0'),
	(177, 'C2', 10, 72, '0'),
	(178, 'C1', 14, 73, '0'),
	(179, 'C2', 7, 73, '0'),
	(180, 'C1', 17, 74, '0'),
	(181, 'C2', 12, 74, '0'),
	(182, 'C1', 17, 75, '0'),
	(183, 'C2', 18, 75, '0'),
	(184, 'C1', 17, 76, '0'),
	(185, 'C2', 18, 76, '0'),
	(186, 'C1', 0, 77, '0'),
	(187, 'C2', 0, 77, '0'),
	(188, 'C1', 16, 78, '0'),
	(189, 'C2', 18, 78, '0'),
	(190, 'C1', 17, 79, '0'),
	(191, 'C2', 18, 79, '0'),
	(192, 'C1', 14, 80, '0'),
	(193, 'C2', 4, 80, '0'),
	(194, 'C1', 17, 81, '0'),
	(195, 'C2', 18, 81, '0'),
	(196, 'C1', 0, 82, '0'),
	(197, 'C2', 0, 82, '0'),
	(198, 'C1', 8, 83, '0'),
	(199, 'C2', 10, 83, '0'),
	(200, 'C1', 13, 84, '0'),
	(201, 'C2', 14, 84, '0'),
	(202, 'C1', 18, 85, '0'),
	(203, 'C2', 16, 85, '0'),
	(204, 'C1', 16, 86, '0'),
	(205, 'C2', 11, 86, '0'),
	(206, 'C1', 18, 87, '0'),
	(207, 'C2', 18, 87, '0'),
	(208, 'C1', 18, 88, '0'),
	(209, 'C2', 16, 88, '0'),
	(210, 'C1', 16, 89, '0'),
	(211, 'C2', 12, 89, '0'),
	(212, 'C1', 16, 90, '0'),
	(213, 'C2', 8, 90, '0'),
	(214, 'C1', 8, 91, '0'),
	(215, 'C2', 8, 91, '0'),
	(216, 'C1', 16, 92, '0'),
	(217, 'C2', 12, 92, '0'),
	(218, 'C1', 18, 93, '0'),
	(219, 'C2', 18, 93, '0'),
	(220, 'C1', 0, 94, '0'),
	(221, 'C2', 0, 94, '0'),
	(222, 'C1', 18, 95, '0'),
	(223, 'C2', 18, 95, '0'),
	(224, 'C1', 18, 96, '0'),
	(225, 'C2', 18, 96, '0'),
	(226, 'C1', 18, 97, '0'),
	(227, 'C2', 8, 97, '0'),
	(228, 'C1', 13, 98, '0'),
	(229, 'C2', 12, 98, '0'),
	(230, 'C1', 18, 99, '0'),
	(231, 'C2', 18, 99, '0'),
	(232, 'C1', 16, 100, '0'),
	(233, 'C2', 11, 100, '0'),
	(234, 'C1', 18, 101, '0'),
	(235, 'C2', 12, 101, '0'),
	(236, 'C1', 16, 102, '0'),
	(237, 'C2', 8, 102, '0'),
	(238, 'C1', 18, 103, '0'),
	(239, 'C2', 18, 103, '0'),
	(240, 'C1', 5, 104, '0'),
	(241, 'C2', 8, 104, '0'),
	(242, 'C1', 18, 105, '0'),
	(243, 'C2', 16, 105, '0'),
	(244, 'C1', 18, 106, '0'),
	(245, 'C2', 18, 106, '0'),
	(246, 'C1', 18, 107, '0'),
	(247, 'C2', 16, 107, '0'),
	(248, 'C1', 0, 108, '0'),
	(249, 'C2', 0, 108, '0'),
	(250, 'C1', 16, 109, '0'),
	(251, 'C2', 12, 109, '0'),
	(252, 'C1', 18, 110, '0'),
	(253, 'C2', 18, 110, '0'),
	(254, 'C1', 18, 111, '0'),
	(255, 'C2', 11, 111, '0'),
	(256, 'C1', 18, 112, '0'),
	(257, 'C2', 18, 112, '0'),
	(258, 'C1', 0, 113, '0'),
	(259, 'C2', 0, 113, '0'),
	(260, 'C1', 11, 114, '0'),
	(261, 'C2', 12, 114, '0'),
	(262, 'C1', 15, 115, '0'),
	(263, 'C2', 8, 115, '0'),
	(264, 'C1', 15, 116, '0'),
	(265, 'C2', 12, 116, '0'),
	(266, 'C1', 18, 117, '0'),
	(267, 'C2', 18, 117, '0'),
	(268, 'C1', 18, 118, '0'),
	(269, 'C2', 18, 118, '0'),
	(270, 'C1', 15, 119, '0'),
	(271, 'C2', 12, 119, '0'),
	(272, 'C1', 18, 120, '0'),
	(273, 'C2', 12, 120, '0'),
	(274, 'C1', 18, 121, '0'),
	(275, 'C2', 12, 121, '0'),
	(276, 'C1', 18, 122, '0'),
	(277, 'C2', 8, 122, '0'),
	(278, 'C1', 0, 123, '0'),
	(279, 'C2', 0, 123, '0'),
	(280, 'C1', 18, 124, '0'),
	(281, 'C2', 18, 124, '0'),
	(282, 'C1', 18, 125, '0'),
	(283, 'C2', 5, 125, '0'),
	(284, 'C1', 18, 126, '0'),
	(285, 'C2', 8, 126, '0'),
	(286, 'C1', 18, 127, '0'),
	(287, 'C2', 12, 127, '0'),
	(288, 'C1', 18, 128, '0'),
	(289, 'C2', 12, 128, '0'),
	(290, 'C1', 18, 129, '0'),
	(291, 'C2', 12, 129, '0'),
	(292, 'C1', 18, 130, '0'),
	(293, 'C2', 18, 130, '0'),
	(294, 'C1', 11, 131, '0'),
	(295, 'C2', 8, 131, '0'),
	(296, 'C1', 15, 132, '0'),
	(297, 'C2', 12, 132, '0'),
	(298, 'C1', 18, 133, '0'),
	(299, 'C2', 5, 133, '0'),
	(300, 'C1', 15, 134, '0'),
	(301, 'C2', 18, 134, '0'),
	(302, 'C1', 5, 135, '0'),
	(303, 'C2', 8, 135, '0'),
	(304, 'C1', 0, 136, '0'),
	(305, 'C2', 0, 136, '0'),
	(306, 'C1', 18, 137, '0'),
	(307, 'C2', 18, 137, '0'),
	(308, 'C1', 18, 138, '0'),
	(309, 'C2', 18, 138, '0'),
	(310, 'C1', 0, 139, '0'),
	(311, 'C2', 0, 139, '0'),
	(312, 'C1', 18, 140, '0'),
	(313, 'C2', 18, 140, '0'),
	(314, 'C1', 18, 141, '0'),
	(315, 'C2', 18, 141, '0'),
	(316, 'C1', 11, 142, '0'),
	(317, 'C2', 5, 142, '0'),
	(318, 'C1', 18, 143, '0'),
	(319, 'C2', 18, 143, '0'),
	(320, 'C1', 15, 144, '0'),
	(321, 'C2', 15, 144, '0'),
	(322, 'C1', 15, 145, '0'),
	(323, 'C2', 15, 145, '0'),
	(324, 'C1', 15, 146, '0'),
	(325, 'C2', 15, 146, '0'),
	(326, 'C1', 15, 147, '0'),
	(327, 'C2', 15, 147, '0'),
	(328, 'C1', 15, 148, '0'),
	(329, 'C2', 15, 148, '0'),
	(330, 'C1', 15, 149, '0'),
	(331, 'C2', 15, 149, '0'),
	(332, 'C1', 15, 150, '0'),
	(333, 'C2', 15, 150, '0'),
	(334, 'C1', 15, 151, '0'),
	(335, 'C2', 15, 151, '0'),
	(336, 'C1', 15, 152, '0'),
	(337, 'C2', 15, 152, '0'),
	(338, 'C1', 15, 153, '0'),
	(339, 'C2', 15, 153, '0'),
	(340, 'C1', 15, 154, '0'),
	(341, 'C2', 15, 154, '0'),
	(342, 'C1', 15, 155, '0'),
	(343, 'C2', 15, 155, '0'),
	(344, 'C1', 15, 156, '0'),
	(345, 'C2', 15, 156, '0'),
	(346, 'C1', 15, 157, '0'),
	(347, 'C2', 15, 157, '0'),
	(348, 'C1', 15, 158, '0'),
	(349, 'C2', 15, 158, '0'),
	(350, 'C1', 15, 159, '0'),
	(351, 'C2', 15, 159, '0'),
	(352, 'C1', 15, 160, '0'),
	(353, 'C2', 15, 160, '0'),
	(354, 'C1', 15, 161, '0'),
	(355, 'C2', 15, 161, '0'),
	(356, 'C1', 15, 162, '0'),
	(357, 'C2', 15, 162, '0'),
	(358, 'C1', 15, 163, '0'),
	(359, 'C2', 15, 163, '0'),
	(360, 'C1', 15, 164, '0'),
	(361, 'C2', 15, 164, '0'),
	(362, 'C1', 15, 165, '0'),
	(363, 'C2', 15, 165, '0'),
	(364, 'C1', 15, 166, '0'),
	(365, 'C2', 15, 166, '0'),
	(366, 'C1', 15, 167, '0'),
	(367, 'C2', 15, 167, '0'),
	(368, 'C1', 15, 168, '0'),
	(369, 'C2', 15, 168, '0'),
	(370, 'C1', 15, 169, '0'),
	(371, 'C2', 15, 169, '0'),
	(372, 'C1', 15, 170, '0'),
	(373, 'C2', 15, 170, '0'),
	(374, 'C1', 15, 171, '0'),
	(375, 'C2', 15, 171, '0'),
	(376, 'C1', 15, 172, '0'),
	(377, 'C2', 15, 172, '0'),
	(378, 'C1', 15, 173, '0'),
	(379, 'C2', 15, 173, '0'),
	(380, 'C1', 15, 174, '0'),
	(381, 'C2', 15, 174, '0'),
	(382, 'C1', 12, 175, '0'),
	(383, 'C2', 13, 175, '0'),
	(384, 'C3', 13, 175, '0'),
	(385, 'C1', 14, 176, '0'),
	(386, 'C2', 14, 176, '0'),
	(387, 'C3', 15, 176, '0'),
	(388, 'C1', 14, 177, '0'),
	(389, 'C2', 13, 177, '0'),
	(390, 'C3', 15, 177, '0'),
	(391, 'C1', 12, 178, '0'),
	(392, 'C2', 14, 178, '0'),
	(393, 'C3', 13, 178, '0'),
	(394, 'C1', 12, 179, '0'),
	(395, 'C2', 13, 179, '0'),
	(396, 'C3', 13, 179, '0'),
	(397, 'C1', 12, 180, '0'),
	(398, 'C2', 14, 180, '0'),
	(399, 'C3', 15, 180, '0'),
	(400, 'C1', 12, 181, '0'),
	(401, 'C2', 14, 181, '0'),
	(402, 'C3', 16, 181, '0'),
	(403, 'C1', 12, 182, '0'),
	(404, 'C2', 13, 182, '0'),
	(405, 'C3', 14, 182, '0'),
	(406, 'C1', 12, 183, '0'),
	(407, 'C2', 13, 183, '0'),
	(408, 'C3', 14, 183, '0'),
	(409, 'C1', 15, 184, '0'),
	(410, 'C2', 15, 184, '0'),
	(411, 'C3', 16, 184, '0'),
	(412, 'C1', 13, 185, '0'),
	(413, 'C2', 13, 185, '0'),
	(414, 'C3', 14, 185, '0'),
	(415, 'C1', 13, 186, '0'),
	(416, 'C2', 14, 186, '0'),
	(417, 'C3', 14, 186, '0'),
	(418, 'C1', 13, 187, '0'),
	(419, 'C2', 13, 187, '0'),
	(420, 'C3', 13, 187, '0'),
	(421, 'C1', 13, 188, '0'),
	(422, 'C2', 13, 188, '0'),
	(423, 'C3', 15, 188, '0'),
	(424, 'C1', 14, 189, '0'),
	(425, 'C2', 14, 189, '0'),
	(426, 'C3', 15, 189, '0'),
	(427, 'C1', 12, 190, '0'),
	(428, 'C2', 10, 190, '0'),
	(429, 'C3', 15, 190, '0'),
	(430, 'C1', 12, 191, '0'),
	(431, 'C2', 12, 191, '0'),
	(432, 'C3', 14, 191, '0'),
	(433, 'C1', 13, 192, '0'),
	(434, 'C2', 13, 192, '0'),
	(435, 'C3', 15, 192, '0'),
	(436, 'C1', 13, 193, '0'),
	(437, 'C2', 13, 193, '0'),
	(438, 'C3', 15, 193, '0'),
	(439, 'C1', 13, 194, '0'),
	(440, 'C2', 13, 194, '0'),
	(441, 'C3', 14, 194, '0'),
	(442, 'C1', 14, 195, '0'),
	(443, 'C2', 14, 195, '0'),
	(444, 'C3', 14, 195, '0'),
	(445, 'C1', 13, 196, '0'),
	(446, 'C2', 14, 196, '0'),
	(447, 'C3', 14, 196, '0'),
	(448, 'C1', 12, 197, '0'),
	(449, 'C2', 13, 197, '0'),
	(450, 'C3', 13, 197, '0'),
	(451, 'C1', 12, 198, '0'),
	(452, 'C2', 13, 198, '0'),
	(453, 'C3', 12, 198, '0'),
	(454, 'C1', 13, 199, '0'),
	(455, 'C2', 11, 199, '0'),
	(456, 'C3', 15, 199, '0'),
	(457, 'C1', 16, 200, '0'),
	(458, 'C2', 17, 200, '0'),
	(459, 'C3', 16, 200, '0'),
	(460, 'C1', 10, 201, '0'),
	(461, 'C2', 10, 201, '0'),
	(462, 'C3', 10, 201, '0'),
	(463, 'C1', 14, 202, '0'),
	(464, 'C2', 13, 202, '0'),
	(465, 'C3', 14, 202, '0'),
	(466, 'C1', 14, 203, '0'),
	(467, 'C2', 14, 203, '0'),
	(468, 'C3', 15, 203, '0'),
	(469, 'C1', 10, 204, '0'),
	(470, 'C2', 10, 204, '0'),
	(471, 'C3', 10, 204, '0'),
	(472, 'C1', 15, 205, '0'),
	(473, 'C2', 17, 205, '0'),
	(474, 'C3', 16, 205, '0'),
	(475, 'C1', 13, 206, '0'),
	(476, 'C2', 14, 206, '0'),
	(477, 'C3', 10, 206, '0'),
	(478, 'C1', 14, 207, '0'),
	(479, 'C2', 18, 207, '0'),
	(480, 'C3', 13, 207, '0'),
	(481, 'C1', 15, 208, '0'),
	(482, 'C2', 15, 208, '0'),
	(483, 'C3', 15, 208, '0'),
	(484, 'C1', 14, 209, '0'),
	(485, 'C2', 14, 209, '0'),
	(486, 'C3', 15, 209, '0'),
	(487, 'C1', 17, 210, '0'),
	(488, 'C2', 18, 210, '0'),
	(489, 'C3', 18, 210, '0'),
	(490, 'C1', 15, 211, '0'),
	(491, 'C2', 15, 211, '0'),
	(492, 'C3', 15, 211, '0'),
	(493, 'C1', 13, 212, '0'),
	(494, 'C2', 13, 212, '0'),
	(495, 'C3', 16, 212, '0'),
	(496, 'C1', 10, 213, '0'),
	(497, 'C2', 19, 213, '0'),
	(498, 'C3', 14, 213, '0'),
	(499, 'C1', 15, 214, '0'),
	(500, 'C2', 15, 214, '0'),
	(501, 'C3', 15, 214, '0'),
	(502, 'C1', 13, 215, '0'),
	(503, 'C2', 13, 215, '0'),
	(504, 'C3', 16, 215, '0'),
	(505, 'C1', 11, 216, '0'),
	(506, 'C2', 18, 216, '0'),
	(507, 'C3', 12, 216, '0'),
	(508, 'C1', 15, 217, '0'),
	(509, 'C2', 15, 217, '0'),
	(510, 'C3', 15, 217, '0'),
	(511, 'C1', 14, 218, '0'),
	(512, 'C2', 14, 218, '0'),
	(513, 'C3', 14, 218, '0'),
	(514, 'C1', 11, 219, '0'),
	(515, 'C2', 19, 219, '0'),
	(516, 'C3', 16, 219, '0'),
	(517, 'C1', 15, 220, '0'),
	(518, 'C2', 15, 220, '0'),
	(519, 'C3', 15, 220, '0'),
	(520, 'C1', 14, 221, '0'),
	(521, 'C2', 14, 221, '0'),
	(522, 'C3', 14, 221, '0'),
	(523, 'C1', 17, 222, '0'),
	(524, 'C2', 19, 222, '0'),
	(525, 'C3', 15, 222, '0'),
	(526, 'C1', 15, 223, '0'),
	(527, 'C2', 15, 223, '0'),
	(528, 'C3', 15, 223, '0'),
	(529, 'C1', 13, 224, '0'),
	(530, 'C2', 13, 224, '0'),
	(531, 'C3', 14, 224, '0'),
	(532, 'C1', 13, 225, '0'),
	(533, 'C2', 19, 225, '0'),
	(534, 'C3', 13, 225, '0'),
	(535, 'C1', 15, 226, '0'),
	(536, 'C2', 15, 226, '0'),
	(537, 'C3', 15, 226, '0'),
	(538, 'C1', 13, 227, '0'),
	(539, 'C2', 13, 227, '0'),
	(540, 'C3', 14, 227, '0'),
	(541, 'C1', 13, 228, '0'),
	(542, 'C2', 17, 228, '0'),
	(543, 'C3', 15, 228, '0'),
	(544, 'C1', 15, 229, '0'),
	(545, 'C2', 15, 229, '0'),
	(546, 'C3', 15, 229, '0'),
	(547, 'C1', 13, 230, '0'),
	(548, 'C2', 13, 230, '0'),
	(549, 'C3', 10, 230, '0'),
	(550, 'C1', 16, 231, '0'),
	(551, 'C2', 19, 231, '0'),
	(552, 'C3', 12, 231, '0'),
	(553, 'C1', 15, 232, '0'),
	(554, 'C2', 15, 232, '0'),
	(555, 'C3', 15, 232, '0'),
	(556, 'C1', 13, 233, '0'),
	(557, 'C2', 13, 233, '0'),
	(558, 'C3', 16, 233, '0'),
	(559, 'C1', 13, 234, '0'),
	(560, 'C2', 13, 234, '0'),
	(561, 'C3', 12, 234, '0'),
	(562, 'C1', 15, 235, '0'),
	(563, 'C2', 15, 235, '0'),
	(564, 'C3', 15, 235, '0'),
	(565, 'C1', 14, 236, '0'),
	(566, 'C2', 14, 236, '0'),
	(567, 'C3', 14, 236, '0'),
	(568, 'C1', 16, 237, '0'),
	(569, 'C2', 16, 237, '0'),
	(570, 'C3', 18, 237, '0'),
	(571, 'C1', 16, 238, '0'),
	(572, 'C2', 16, 238, '0'),
	(573, 'C3', 18, 238, '0'),
	(574, 'C1', 14, 239, '0'),
	(575, 'C2', 13, 239, '0'),
	(576, 'C3', 11, 239, '0'),
	(577, 'C1', 11, 240, '0'),
	(578, 'C2', 19, 240, '0'),
	(579, 'C3', 14, 240, '0'),
	(580, 'C1', 15, 241, '0'),
	(581, 'C2', 15, 241, '0'),
	(582, 'C3', 15, 241, '0'),
	(583, 'C1', 12, 242, '0'),
	(584, 'C2', 12, 242, '0'),
	(585, 'C3', 11, 242, '0'),
	(586, 'C1', 14, 243, '0'),
	(587, 'C2', 17, 243, '0'),
	(588, 'C3', 14, 243, '0'),
	(589, 'C1', 15, 244, '0'),
	(590, 'C2', 15, 244, '0'),
	(591, 'C3', 15, 244, '0'),
	(592, 'C1', 15, 245, '0'),
	(593, 'C2', 14, 245, '0'),
	(594, 'C3', 14, 245, '0'),
	(595, 'C1', 14, 246, '0'),
	(596, 'C2', 17, 246, '0'),
	(597, 'C3', 16, 246, '0'),
	(598, 'C1', 15, 247, '0'),
	(599, 'C2', 15, 247, '0'),
	(600, 'C3', 15, 247, '0'),
	(601, 'C1', 17, 248, '0'),
	(602, 'C2', 17, 248, '0'),
	(603, 'C3', 17, 248, '0'),
	(604, 'C1', 16, 249, '0'),
	(605, 'C2', 19, 249, '0'),
	(606, 'C3', 19, 249, '0'),
	(607, 'C1', 15, 250, '0'),
	(608, 'C2', 15, 250, '0'),
	(609, 'C3', 15, 250, '0'),
	(610, 'C1', 13, 251, '0'),
	(611, 'C2', 13, 251, '0'),
	(612, 'C3', 10, 251, '0'),
	(613, 'C1', 16, 252, '0'),
	(614, 'C2', 17, 252, '0'),
	(615, 'C3', 12, 252, '0'),
	(616, 'C1', 15, 253, '0'),
	(617, 'C2', 15, 253, '0'),
	(618, 'C3', 15, 253, '0'),
	(619, 'C1', 13, 254, '0'),
	(620, 'C2', 11, 254, '0'),
	(621, 'C3', 11, 254, '0'),
	(622, 'C1', 11, 255, '0'),
	(623, 'C2', 19, 255, '0'),
	(624, 'C3', 10, 255, '0'),
	(625, 'C1', 15, 256, '0'),
	(626, 'C2', 15, 256, '0'),
	(627, 'C3', 15, 256, '0'),
	(628, 'C1', 13, 257, '0'),
	(629, 'C2', 13, 257, '0'),
	(630, 'C3', 14, 257, '0'),
	(631, 'C1', 16, 258, '0'),
	(632, 'C2', 19, 258, '0'),
	(633, 'C3', 17, 258, '0'),
	(634, 'C1', 15, 259, '0'),
	(635, 'C2', 15, 259, '0'),
	(636, 'C3', 15, 259, '0'),
	(637, 'C1', 13, 260, '0'),
	(638, 'C2', 13, 260, '0'),
	(639, 'C3', 16, 260, '0'),
	(640, 'C1', 11, 261, '0'),
	(641, 'C2', 17, 261, '0'),
	(642, 'C3', 15, 261, '0'),
	(643, 'C1', 15, 262, '0'),
	(644, 'C2', 15, 262, '0'),
	(645, 'C3', 15, 262, '0'),
	(646, 'C1', 13, 263, '0'),
	(647, 'C2', 12, 263, '0'),
	(648, 'C3', 15, 263, '0'),
	(649, 'C1', 13, 264, '0'),
	(650, 'C2', 14, 264, '0'),
	(651, 'C3', 15, 264, '0'),
	(652, 'C1', 15, 265, '0'),
	(653, 'C2', 15, 265, '0'),
	(654, 'C3', 15, 265, '0'),
	(655, 'C1', 14, 266, '0'),
	(656, 'C2', 14, 266, '0'),
	(657, 'C3', 16, 266, '0'),
	(658, 'C1', 13, 267, '0'),
	(659, 'C2', 19, 267, '0'),
	(660, 'C3', 14, 267, '0'),
	(661, 'C1', 15, 268, '0'),
	(662, 'C2', 15, 268, '0'),
	(663, 'C3', 15, 268, '0'),
	(664, 'C1', 13, 269, '0'),
	(665, 'C2', 13, 269, '0'),
	(666, 'C3', 17, 269, '0'),
	(667, 'C1', 11, 270, '0'),
	(668, 'C2', 19, 270, '0'),
	(669, 'C3', 14, 270, '0'),
	(670, 'C1', 15, 271, '0'),
	(671, 'C2', 15, 271, '0'),
	(672, 'C3', 15, 271, '0'),
	(673, 'C1', 13, 272, '0'),
	(674, 'C2', 12, 272, '0'),
	(675, 'C3', 11, 272, '0'),
	(676, 'C1', 12, 273, '0'),
	(677, 'C2', 17, 273, '0'),
	(678, 'C3', 16, 273, '0'),
	(679, 'C1', 15, 274, '0'),
	(680, 'C2', 15, 274, '0'),
	(681, 'C3', 15, 274, '0'),
	(682, 'C1', 15, 275, '0'),
	(683, 'C2', 14, 275, '0'),
	(684, 'C3', 15, 275, '0'),
	(685, 'C1', 12, 276, '0'),
	(686, 'C2', 16, 276, '0'),
	(687, 'C3', 13, 276, '0'),
	(688, 'C1', 15, 277, '0'),
	(689, 'C2', 15, 277, '0'),
	(690, 'C3', 15, 277, '0'),
	(691, 'C1', 15, 278, '0'),
	(692, 'C2', 15, 278, '0'),
	(693, 'C3', 18, 278, '0'),
	(694, 'C1', 16, 279, '0'),
	(695, 'C2', 19, 279, '0'),
	(696, 'C3', 14, 279, '0'),
	(697, 'C1', 15, 280, '0'),
	(698, 'C2', 15, 280, '0'),
	(699, 'C3', 15, 280, '0'),
	(700, 'C1', 17, 281, '0'),
	(701, 'C2', 18, 281, '0'),
	(702, 'C3', 18, 281, '0'),
	(703, 'C1', 16, 282, '0'),
	(704, 'C2', 19, 282, '0'),
	(705, 'C3', 19, 282, '0'),
	(706, 'C1', 15, 283, '0'),
	(707, 'C2', 15, 283, '0'),
	(708, 'C3', 15, 283, '0'),
	(709, 'C1', 0, 284, '0'),
	(710, 'C2', 0, 284, '0'),
	(711, 'C3', 0, 284, '0'),
	(712, 'C1', 0, 285, '0'),
	(713, 'C2', 0, 285, '0'),
	(714, 'C3', 0, 285, '0'),
	(715, 'C1', 15, 286, '0'),
	(716, 'C2', 15, 286, '0'),
	(717, 'C3', 15, 286, '0'),
	(718, 'C1', 14, 287, '0'),
	(719, 'C2', 14, 287, '0'),
	(720, 'C3', 15, 287, '0'),
	(721, 'C1', 15, 288, '0'),
	(722, 'C2', 17, 288, '0'),
	(723, 'C3', 16, 288, '0'),
	(724, 'C1', 15, 289, '0'),
	(725, 'C2', 15, 289, '0'),
	(726, 'C3', 15, 289, '0'),
	(727, 'C1', 15, 290, '0'),
	(728, 'C2', 14, 290, '0'),
	(729, 'C3', 16, 290, '0'),
	(730, 'C1', 16, 291, '0'),
	(731, 'C2', 19, 291, '0'),
	(732, 'C3', 19, 291, '0'),
	(733, 'C1', 15, 292, '0'),
	(734, 'C2', 15, 292, '0'),
	(735, 'C3', 15, 292, '0'),
	(736, 'C1', 12, 293, '0'),
	(737, 'C2', 11, 293, '0'),
	(738, 'C3', 10, 293, '0'),
	(739, 'C1', 15, 294, '0'),
	(740, 'C2', 7, 294, '0'),
	(741, 'C3', 9, 294, '0'),
	(742, 'C1', 15, 295, '0'),
	(743, 'C2', 15, 295, '0'),
	(744, 'C3', 15, 295, '0'),
	(745, 'C1', 19, 296, '0'),
	(746, 'C2', 18, 296, '0'),
	(747, 'C3', 19, 296, '0'),
	(748, 'C1', 15, 297, '0'),
	(749, 'C2', 19, 297, '0'),
	(750, 'C3', 17, 297, '0'),
	(751, 'C1', 15, 298, '0'),
	(752, 'C2', 15, 298, '0'),
	(753, 'C3', 15, 298, '0'),
	(754, 'C1', 14, 299, '0'),
	(755, 'C2', 13, 299, '0'),
	(756, 'C3', 14, 299, '0'),
	(757, 'C4', 14, 299, '0'),
	(758, 'C1', 15, 300, '0'),
	(759, 'C2', 17, 300, '0'),
	(760, 'C3', 15, 300, '0'),
	(761, 'C4', 14, 300, '0'),
	(762, 'C1', 15, 301, '0'),
	(763, 'C2', 16, 301, '0'),
	(764, 'C3', 15, 301, '0'),
	(765, 'C4', 15, 301, '0'),
	(766, 'C1', 15, 302, '0'),
	(767, 'C2', 15, 302, '0'),
	(768, 'C3', 15, 302, '0'),
	(769, 'C4', 15, 302, '0'),
	(770, 'C1', 15, 303, '0'),
	(771, 'C2', 15, 303, '0'),
	(772, 'C3', 9, 303, '0'),
	(773, 'C4', 14, 303, '0'),
	(774, 'C1', 17, 304, '0'),
	(775, 'C2', 17, 304, '0'),
	(776, 'C3', 17, 304, '0'),
	(777, 'C4', 16, 304, '0'),
	(778, 'C1', 16, 305, '0'),
	(779, 'C2', 17, 305, '0'),
	(780, 'C3', 16, 305, '0'),
	(781, 'C4', 15, 305, '0'),
	(782, 'C1', 14, 306, '0'),
	(783, 'C2', 15, 306, '0'),
	(784, 'C3', 15, 306, '0'),
	(785, 'C4', 14, 306, '0'),
	(786, 'C1', 13, 307, '0'),
	(787, 'C2', 14, 307, '0'),
	(788, 'C3', 15, 307, '0'),
	(789, 'C4', 14, 307, '0'),
	(790, 'C1', 15, 308, '0'),
	(791, 'C2', 14, 308, '0'),
	(792, 'C3', 15, 308, '0'),
	(793, 'C4', 16, 308, '0'),
	(794, 'C1', 15, 309, '0'),
	(795, 'C2', 16, 309, '0'),
	(796, 'C3', 16, 309, '0'),
	(797, 'C4', 16, 309, '0'),
	(798, 'C1', 14, 310, '0'),
	(799, 'C2', 14, 310, '0'),
	(800, 'C3', 15, 310, '0'),
	(801, 'C4', 14, 310, '0'),
	(802, 'C1', 13, 311, '0'),
	(803, 'C2', 8, 311, '0'),
	(804, 'C3', 16, 311, '0'),
	(805, 'C4', 14, 311, '0'),
	(806, 'C1', 14, 312, '0'),
	(807, 'C2', 15, 312, '0'),
	(808, 'C3', 15, 312, '0'),
	(809, 'C4', 14, 312, '0'),
	(810, 'C1', 16, 313, '0'),
	(811, 'C2', 17, 313, '0'),
	(812, 'C3', 17, 313, '0'),
	(813, 'C4', 15, 313, '0'),
	(814, 'C1', 15, 314, '0'),
	(815, 'C2', 15, 314, '0'),
	(816, 'C3', 16, 314, '0'),
	(817, 'C4', 14, 314, '0'),
	(818, 'C1', 15, 315, '0'),
	(819, 'C2', 17, 315, '0'),
	(820, 'C3', 15, 315, '0'),
	(821, 'C4', 15, 315, '0'),
	(822, 'C1', 15, 316, '0'),
	(823, 'C2', 14, 316, '0'),
	(824, 'C3', 15, 316, '0'),
	(825, 'C4', 14, 316, '0'),
	(826, 'C1', 15, 317, '0'),
	(827, 'C2', 14, 317, '0'),
	(828, 'C3', 15, 317, '0'),
	(829, 'C4', 15, 317, '0'),
	(830, 'C1', 14, 318, '0'),
	(831, 'C2', 13, 318, '0'),
	(832, 'C3', 16, 318, '0'),
	(833, 'C4', 15, 318, '0'),
	(834, 'C1', 15, 319, '0'),
	(835, 'C2', 15, 319, '0'),
	(836, 'C3', 14, 319, '0'),
	(837, 'C4', 17, 319, '0'),
	(838, 'C1', 15, 320, '0'),
	(839, 'C2', 14, 320, '0'),
	(840, 'C3', 15, 320, '0'),
	(841, 'C4', 15, 320, '0'),
	(842, 'C1', 14, 321, '0'),
	(843, 'C2', 15, 321, '0'),
	(844, 'C3', 14, 321, '0'),
	(845, 'C4', 12, 321, '0'),
	(846, 'C1', 13, 322, '0'),
	(847, 'C2', 14, 322, '0'),
	(848, 'C3', 15, 322, '0'),
	(849, 'C4', 9, 322, '0'),
	(850, 'C1', 14, 323, '0'),
	(851, 'C2', 15, 323, '0'),
	(852, 'C3', 15, 323, '0'),
	(853, 'C4', 14, 323, '0'),
	(854, 'C1', 15, 324, '0'),
	(855, 'C2', 16, 324, '0'),
	(856, 'C3', 17, 324, '0'),
	(857, 'C4', 17, 324, '0'),
	(858, 'C1', 5, 325, '0'),
	(859, 'C2', 5, 325, '0'),
	(860, 'C3', 5, 325, '0'),
	(861, 'C4', 5, 325, '0'),
	(862, 'C1', 15, 326, '0'),
	(863, 'C2', 15, 326, '0'),
	(864, 'C3', 16, 326, '0'),
	(865, 'C4', 15, 326, '0'),
	(866, 'C1', 16, 327, '0'),
	(867, 'C2', 17, 327, '0'),
	(868, 'C3', 16, 327, '0'),
	(869, 'C4', 17, 327, '0'),
	(870, 'C1', 14, 328, '0'),
	(871, 'C2', 7, 328, '0'),
	(872, 'C3', 7, 328, '0'),
	(873, 'C4', 7, 328, '0'),
	(874, 'C1', 16, 329, '0'),
	(875, 'C2', 17, 329, '0'),
	(876, 'C3', 17, 329, '0'),
	(877, 'C4', 17, 329, '0'),
	(878, 'C1', 14, 330, '0'),
	(879, 'C2', 15, 330, '0'),
	(880, 'C3', 13, 330, '0'),
	(881, 'C4', 12, 330, '0'),
	(882, 'C1', 14, 331, '0'),
	(883, 'C2', 14, 331, '0'),
	(884, 'C3', 14, 331, '0'),
	(885, 'C4', 14, 331, '0'),
	(886, 'C1', 15, 332, '0'),
	(887, 'C2', 15, 332, '0'),
	(888, 'C3', 15, 332, '0'),
	(889, 'C4', 15, 332, '0'),
	(890, 'C1', 15, 333, '0'),
	(891, 'C2', 15, 333, '0'),
	(892, 'C3', 15, 333, '0'),
	(893, 'C4', 16, 333, '0'),
	(894, 'C1', 15, 334, '0'),
	(895, 'C2', 15, 334, '0'),
	(896, 'C3', 15, 334, '0'),
	(897, 'C4', 15, 334, '0'),
	(898, 'C1', 15, 335, '0'),
	(899, 'C2', 15, 335, '0'),
	(900, 'C3', 15, 335, '0'),
	(901, 'C4', 15, 335, '0'),
	(902, 'C1', 15, 336, '0'),
	(903, 'C2', 16, 336, '0'),
	(904, 'C3', 16, 336, '0'),
	(905, 'C4', 15, 336, '0'),
	(906, 'C1', 15, 337, '0'),
	(907, 'C2', 15, 337, '0'),
	(908, 'C3', 15, 337, '0'),
	(909, 'C4', 15, 337, '0'),
	(910, 'C1', 15, 338, '0'),
	(911, 'C2', 15, 338, '0'),
	(912, 'C3', 15, 338, '0'),
	(913, 'C4', 15, 338, '0'),
	(914, 'C1', 15, 339, '0'),
	(915, 'C2', 15, 339, '0'),
	(916, 'C3', 15, 339, '0'),
	(917, 'C4', 15, 339, '0'),
	(918, 'C1', 15, 340, '0'),
	(919, 'C2', 15, 340, '0'),
	(920, 'C3', 15, 340, '0'),
	(921, 'C4', 15, 340, '0'),
	(922, 'C1', 15, 341, '0'),
	(923, 'C2', 15, 341, '0'),
	(924, 'C3', 15, 341, '0'),
	(925, 'C4', 15, 341, '0'),
	(926, 'C1', 15, 342, '0'),
	(927, 'C2', 16, 342, '0'),
	(928, 'C3', 16, 342, '0'),
	(929, 'C4', 16, 342, '0'),
	(930, 'C1', 15, 343, '0'),
	(931, 'C2', 15, 343, '0'),
	(932, 'C3', 15, 343, '0'),
	(933, 'C4', 15, 343, '0'),
	(934, 'C1', 15, 344, '0'),
	(935, 'C2', 15, 344, '0'),
	(936, 'C3', 15, 344, '0'),
	(937, 'C4', 15, 344, '0'),
	(938, 'C1', 17, 345, '0'),
	(939, 'C2', 17, 345, '0'),
	(940, 'C3', 17, 345, '0'),
	(941, 'C4', 17, 345, '0'),
	(942, 'C1', 17, 346, '0'),
	(943, 'C2', 17, 346, '0'),
	(944, 'C3', 17, 346, '0'),
	(945, 'C4', 17, 346, '0'),
	(946, 'C1', 15, 347, '0'),
	(947, 'C2', 15, 347, '0'),
	(948, 'C3', 15, 347, '0'),
	(949, 'C4', 15, 347, '0'),
	(950, 'C1', 16, 348, '0'),
	(951, 'C2', 16, 348, '0'),
	(952, 'C3', 16, 348, '0'),
	(953, 'C4', 16, 348, '0'),
	(954, 'C1', 16, 349, '0'),
	(955, 'C2', 16, 349, '0'),
	(956, 'C3', 16, 349, '0'),
	(957, 'C4', 16, 349, '0'),
	(958, 'C1', 15, 350, '0'),
	(959, 'C2', 15, 350, '0'),
	(960, 'C3', 15, 350, '0'),
	(961, 'C4', 15, 350, '0'),
	(962, 'C1', 15, 351, '0'),
	(963, 'C2', 16, 351, '0'),
	(964, 'C3', 16, 351, '0'),
	(965, 'C4', 15, 351, '0'),
	(966, 'C1', 15, 352, '0'),
	(967, 'C2', 15, 352, '0'),
	(968, 'C3', 15, 352, '0'),
	(969, 'C4', 15, 352, '0'),
	(970, 'C1', 15, 353, '0'),
	(971, 'C2', 15, 353, '0'),
	(972, 'C3', 15, 353, '0'),
	(973, 'C4', 15, 353, '0'),
	(974, 'C1', 14, 354, '0'),
	(975, 'C2', 15, 354, '0'),
	(976, 'C3', 15, 354, '0'),
	(977, 'C4', 12, 354, '0'),
	(978, 'C1', 14, 355, '0'),
	(979, 'C2', 14, 355, '0'),
	(980, 'C3', 14, 355, '0'),
	(981, 'C4', 14, 355, '0'),
	(982, 'C1', 15, 356, '0'),
	(983, 'C2', 15, 356, '0'),
	(984, 'C3', 15, 356, '0'),
	(985, 'C4', 15, 356, '0'),
	(986, 'C1', 16, 357, '0'),
	(987, 'C2', 16, 357, '0'),
	(988, 'C3', 16, 357, '0'),
	(989, 'C4', 16, 357, '0'),
	(990, 'C1', 16, 358, '0'),
	(991, 'C2', 16, 358, '0'),
	(992, 'C3', 16, 358, '0'),
	(993, 'C4', 16, 358, '0'),
	(994, 'C1', 15, 359, '0'),
	(995, 'C2', 15, 359, '0'),
	(996, 'C3', 15, 359, '0'),
	(997, 'C4', 15, 359, '0'),
	(998, 'C1', 17, 360, '0'),
	(999, 'C2', 16, 360, '0'),
	(1000, 'C3', 16, 360, '0'),
	(1001, 'C4', 16, 360, '0'),
	(1002, 'C1', 17, 361, '0'),
	(1003, 'C2', 16, 361, '0'),
	(1004, 'C3', 16, 361, '0'),
	(1005, 'C4', 16, 361, '0'),
	(1006, 'C1', 15, 362, '0'),
	(1007, 'C2', 15, 362, '0'),
	(1008, 'C3', 15, 362, '0'),
	(1009, 'C4', 15, 362, '0'),
	(1010, 'C1', 16, 363, '0'),
	(1011, 'C2', 16, 363, '0'),
	(1012, 'C3', 16, 363, '0'),
	(1013, 'C4', 16, 363, '0'),
	(1014, 'C1', 16, 364, '0'),
	(1015, 'C2', 16, 364, '0'),
	(1016, 'C3', 16, 364, '0'),
	(1017, 'C4', 16, 364, '0'),
	(1018, 'C1', 15, 365, '0'),
	(1019, 'C2', 15, 365, '0'),
	(1020, 'C3', 15, 365, '0'),
	(1021, 'C4', 15, 365, '0'),
	(1022, 'C1', 15, 366, '0'),
	(1023, 'C2', 13, 366, '0'),
	(1024, 'C3', 13, 366, '0'),
	(1025, 'C4', 13, 366, '0'),
	(1026, 'C1', 15, 367, '0'),
	(1027, 'C2', 15, 367, '0'),
	(1028, 'C3', 15, 367, '0'),
	(1029, 'C4', 15, 367, '0'),
	(1030, 'C1', 15, 368, '0'),
	(1031, 'C2', 15, 368, '0'),
	(1032, 'C3', 15, 368, '0'),
	(1033, 'C4', 15, 368, '0'),
	(1034, 'C1', 16, 369, '0'),
	(1035, 'C2', 16, 369, '0'),
	(1036, 'C3', 16, 369, '0'),
	(1037, 'C4', 16, 369, '0'),
	(1038, 'C1', 16, 370, '0'),
	(1039, 'C2', 16, 370, '0'),
	(1040, 'C3', 16, 370, '0'),
	(1041, 'C4', 16, 370, '0'),
	(1042, 'C1', 15, 371, '0'),
	(1043, 'C2', 15, 371, '0'),
	(1044, 'C3', 15, 371, '0'),
	(1045, 'C4', 15, 371, '0'),
	(1046, 'C1', 17, 372, '0'),
	(1047, 'C2', 17, 372, '0'),
	(1048, 'C3', 17, 372, '0'),
	(1049, 'C4', 17, 372, '0'),
	(1050, 'C1', 17, 373, '0'),
	(1051, 'C2', 17, 373, '0'),
	(1052, 'C3', 17, 373, '0'),
	(1053, 'C4', 17, 373, '0'),
	(1054, 'C1', 15, 374, '0'),
	(1055, 'C2', 15, 374, '0'),
	(1056, 'C3', 15, 374, '0'),
	(1057, 'C4', 15, 374, '0'),
	(1058, 'C1', 15, 375, '0'),
	(1059, 'C2', 15, 375, '0'),
	(1060, 'C3', 13, 375, '0'),
	(1061, 'C4', 15, 375, '0'),
	(1062, 'C1', 15, 376, '0'),
	(1063, 'C2', 15, 376, '0'),
	(1064, 'C3', 15, 376, '0'),
	(1065, 'C4', 15, 376, '0'),
	(1066, 'C1', 15, 377, '0'),
	(1067, 'C2', 15, 377, '0'),
	(1068, 'C3', 15, 377, '0'),
	(1069, 'C4', 15, 377, '0'),
	(1070, 'C1', 17, 378, '0'),
	(1071, 'C2', 16, 378, '0'),
	(1072, 'C3', 16, 378, '0'),
	(1073, 'C4', 16, 378, '0'),
	(1074, 'C1', 17, 379, '0'),
	(1075, 'C2', 16, 379, '0'),
	(1076, 'C3', 16, 379, '0'),
	(1077, 'C4', 16, 379, '0'),
	(1078, 'C1', 15, 380, '0'),
	(1079, 'C2', 15, 380, '0'),
	(1080, 'C3', 15, 380, '0'),
	(1081, 'C4', 15, 380, '0'),
	(1082, 'C1', 15, 381, '0'),
	(1083, 'C2', 16, 381, '0'),
	(1084, 'C3', 16, 381, '0'),
	(1085, 'C4', 15, 381, '0'),
	(1086, 'C1', 15, 382, '0'),
	(1087, 'C2', 15, 382, '0'),
	(1088, 'C3', 15, 382, '0'),
	(1089, 'C4', 15, 382, '0'),
	(1090, 'C1', 15, 383, '0'),
	(1091, 'C2', 15, 383, '0'),
	(1092, 'C3', 15, 383, '0'),
	(1093, 'C4', 15, 383, '0'),
	(1094, 'C1', 15, 384, '0'),
	(1095, 'C2', 16, 384, '0'),
	(1096, 'C3', 17, 384, '0'),
	(1097, 'C4', 15, 384, '0'),
	(1098, 'C1', 15, 385, '0'),
	(1099, 'C2', 16, 385, '0'),
	(1100, 'C3', 16, 385, '0'),
	(1101, 'C4', 16, 385, '0'),
	(1102, 'C1', 15, 386, '0'),
	(1103, 'C2', 15, 386, '0'),
	(1104, 'C3', 15, 386, '0'),
	(1105, 'C4', 15, 386, '0'),
	(1106, 'C1', 15, 387, '0'),
	(1107, 'C2', 16, 387, '0'),
	(1108, 'C3', 16, 387, '0'),
	(1109, 'C4', 13, 387, '0'),
	(1110, 'C1', 15, 388, '0'),
	(1111, 'C2', 15, 388, '0'),
	(1112, 'C3', 15, 388, '0'),
	(1113, 'C4', 15, 388, '0'),
	(1114, 'C1', 15, 389, '0'),
	(1115, 'C2', 15, 389, '0'),
	(1116, 'C3', 15, 389, '0'),
	(1117, 'C4', 15, 389, '0'),
	(1118, 'C1', 15, 390, '0'),
	(1119, 'C2', 16, 390, '0'),
	(1120, 'C3', 16, 390, '0'),
	(1121, 'C4', 15, 390, '0'),
	(1122, 'C1', 15, 391, '0'),
	(1123, 'C2', 15, 391, '0'),
	(1124, 'C3', 15, 391, '0'),
	(1125, 'C4', 15, 391, '0'),
	(1126, 'C1', 15, 392, '0'),
	(1127, 'C2', 15, 392, '0'),
	(1128, 'C3', 15, 392, '0'),
	(1129, 'C4', 15, 392, '0'),
	(1130, 'C1', 15, 393, '0'),
	(1131, 'C2', 16, 393, '0'),
	(1132, 'C3', 16, 393, '0'),
	(1133, 'C4', 15, 393, '0'),
	(1134, 'C1', 15, 394, '0'),
	(1135, 'C2', 15, 394, '0'),
	(1136, 'C3', 15, 394, '0'),
	(1137, 'C4', 15, 394, '0'),
	(1138, 'C1', 15, 395, '0'),
	(1139, 'C2', 15, 395, '0'),
	(1140, 'C3', 15, 395, '0'),
	(1141, 'C4', 15, 395, '0'),
	(1142, 'C1', 14, 396, '0'),
	(1143, 'C2', 13, 396, '0'),
	(1144, 'C3', 13, 396, '0'),
	(1145, 'C4', 12, 396, '0'),
	(1146, 'C1', 14, 397, '0'),
	(1147, 'C2', 13, 397, '0'),
	(1148, 'C3', 15, 397, '0'),
	(1149, 'C4', 15, 397, '0'),
	(1150, 'C1', 15, 398, '0'),
	(1151, 'C2', 15, 398, '0'),
	(1152, 'C3', 15, 398, '0'),
	(1153, 'C4', 15, 398, '0'),
	(1154, 'C1', 12, 399, '0'),
	(1155, 'C2', 13, 399, '0'),
	(1156, 'C3', 14, 399, '0'),
	(1157, 'C4', 15, 399, '0'),
	(1158, 'C1', 12, 400, '0'),
	(1159, 'C2', 14, 400, '0'),
	(1160, 'C3', 14, 400, '0'),
	(1161, 'C4', 14, 400, '0'),
	(1162, 'C1', 15, 401, '0'),
	(1163, 'C2', 15, 401, '0'),
	(1164, 'C3', 15, 401, '0'),
	(1165, 'C4', 15, 401, '0'),
	(1166, 'C1', 16, 402, '0'),
	(1167, 'C2', 16, 402, '0'),
	(1168, 'C3', 16, 402, '0'),
	(1169, 'C4', 16, 402, '0'),
	(1170, 'C1', 15, 403, '0'),
	(1171, 'C2', 16, 403, '0'),
	(1172, 'C3', 16, 403, '0'),
	(1173, 'C4', 16, 403, '0'),
	(1174, 'C1', 15, 404, '0'),
	(1175, 'C2', 15, 404, '0'),
	(1176, 'C3', 15, 404, '0'),
	(1177, 'C4', 15, 404, '0'),
	(1178, 'C1', 17, 405, '0'),
	(1179, 'C2', 17, 405, '0'),
	(1180, 'C3', 17, 405, '0'),
	(1181, 'C4', 17, 405, '0'),
	(1182, 'C1', 17, 406, '0'),
	(1183, 'C2', 17, 406, '0'),
	(1184, 'C3', 17, 406, '0'),
	(1185, 'C4', 17, 406, '0'),
	(1186, 'C1', 15, 407, '0'),
	(1187, 'C2', 15, 407, '0'),
	(1188, 'C3', 15, 407, '0'),
	(1189, 'C4', 15, 407, '0'),
	(1190, 'C1', 0, 408, '0'),
	(1191, 'C2', 0, 408, '0'),
	(1192, 'C3', 0, 408, '0'),
	(1193, 'C4', 0, 408, '0'),
	(1194, 'C1', 0, 409, '0'),
	(1195, 'C2', 0, 409, '0'),
	(1196, 'C3', 0, 409, '0'),
	(1197, 'C4', 0, 409, '0'),
	(1198, 'C1', 15, 410, '0'),
	(1199, 'C2', 15, 410, '0'),
	(1200, 'C3', 15, 410, '0'),
	(1201, 'C4', 15, 410, '0'),
	(1202, 'C1', 16, 411, '0'),
	(1203, 'C2', 16, 411, '0'),
	(1204, 'C3', 16, 411, '0'),
	(1205, 'C4', 16, 411, '0'),
	(1206, 'C1', 16, 412, '0'),
	(1207, 'C2', 16, 412, '0'),
	(1208, 'C3', 16, 412, '0'),
	(1209, 'C4', 16, 412, '0'),
	(1210, 'C1', 15, 413, '0'),
	(1211, 'C2', 15, 413, '0'),
	(1212, 'C3', 15, 413, '0'),
	(1213, 'C4', 15, 413, '0'),
	(1214, 'C1', 16, 414, '0'),
	(1215, 'C2', 17, 414, '0'),
	(1216, 'C3', 17, 414, '0'),
	(1217, 'C4', 17, 414, '0'),
	(1218, 'C1', 16, 415, '0'),
	(1219, 'C2', 17, 415, '0'),
	(1220, 'C3', 17, 415, '0'),
	(1221, 'C4', 17, 415, '0'),
	(1222, 'C1', 15, 416, '0'),
	(1223, 'C2', 15, 416, '0'),
	(1224, 'C3', 15, 416, '0'),
	(1225, 'C4', 15, 416, '0'),
	(1226, 'C1', 0, 417, '0'),
	(1227, 'C2', 0, 417, '0'),
	(1228, 'C3', 0, 417, '0'),
	(1229, 'C4', 0, 417, '0'),
	(1230, 'C1', 13, 418, '0'),
	(1231, 'C2', 13, 418, '0'),
	(1232, 'C3', 12, 418, '0'),
	(1233, 'C4', 13, 418, '0'),
	(1234, 'C1', 15, 419, '0'),
	(1235, 'C2', 15, 419, '0'),
	(1236, 'C3', 15, 419, '0'),
	(1237, 'C4', 15, 419, '0'),
	(1238, 'C1', 17, 420, '0'),
	(1239, 'C2', 17, 420, '0'),
	(1240, 'C3', 17, 420, '0'),
	(1241, 'C4', 17, 420, '0'),
	(1242, 'C1', 17, 421, '0'),
	(1243, 'C2', 17, 421, '0'),
	(1244, 'C3', 17, 421, '0'),
	(1245, 'C4', 17, 421, '0'),
	(1246, 'C1', 15, 422, '0'),
	(1247, 'C2', 15, 422, '0'),
	(1248, 'C3', 15, 422, '0'),
	(1249, 'C4', 15, 422, '0'),
	(1250, 'C1', 6, 423, '0'),
	(1251, 'C2', 6, 423, '0'),
	(1252, 'C1', 6, 424, '0'),
	(1253, 'C2', 14, 424, '0'),
	(1254, 'C1', 7, 425, '0'),
	(1255, 'C2', 8, 425, '0'),
	(1256, 'C1', 16, 426, '0'),
	(1257, 'C2', 16, 426, '0'),
	(1258, 'C1', 15, 427, '0'),
	(1259, 'C2', 7, 427, '0'),
	(1260, 'C1', 18, 428, '0'),
	(1261, 'C2', 18, 428, '0'),
	(1262, 'C1', 17, 429, '0'),
	(1263, 'C2', 18, 429, '0'),
	(1264, 'C1', 7, 430, '0'),
	(1265, 'C2', 6, 430, '0'),
	(1266, 'C1', 8, 431, '0'),
	(1267, 'C2', 8, 431, '0'),
	(1268, 'C1', 14, 432, '0'),
	(1269, 'C2', 8, 432, '0'),
	(1270, 'C1', 18, 433, '0'),
	(1271, 'C2', 0, 433, '0'),
	(1272, 'C1', 17, 434, '0'),
	(1273, 'C2', 15, 434, '0'),
	(1274, 'C1', 0, 435, '0'),
	(1275, 'C2', 0, 435, '0'),
	(1276, 'C1', 17, 436, '0'),
	(1277, 'C2', 10, 436, '0'),
	(1278, 'C1', 16, 437, '0'),
	(1279, 'C2', 16, 437, '0'),
	(1280, 'C1', 7, 438, '0'),
	(1281, 'C2', 6, 438, '0'),
	(1282, 'C1', 18, 439, '0'),
	(1283, 'C2', 8, 439, '0'),
	(1284, 'C1', 14, 440, '0'),
	(1285, 'C2', 19, 440, '0'),
	(1286, 'C1', 15, 441, '0'),
	(1287, 'C2', 14, 441, '0'),
	(1288, 'C1', 10, 442, '0'),
	(1289, 'C2', 0, 442, '0'),
	(1290, 'C1', 8, 443, '0'),
	(1291, 'C2', 0, 443, '0'),
	(1292, 'C1', 14, 444, '0'),
	(1293, 'C2', 6, 444, '0'),
	(1294, 'C1', 0, 445, '0'),
	(1295, 'C2', 0, 445, '0'),
	(1296, 'C1', 6, 446, '0'),
	(1297, 'C2', 6, 446, '0'),
	(1298, 'C1', 17, 447, '0'),
	(1299, 'C2', 18, 447, '0'),
	(1300, 'C1', 18, 448, '0'),
	(1301, 'C2', 19, 448, '0'),
	(1302, 'C1', 0, 449, '0'),
	(1303, 'C2', 0, 449, '0'),
	(1304, 'C1', 16, 450, '0'),
	(1305, 'C2', 16, 450, '0'),
	(1306, 'C1', 19, 451, '0'),
	(1307, 'C2', 9, 451, '0'),
	(1308, 'C1', 0, 452, '0'),
	(1309, 'C2', 0, 452, '0'),
	(1310, 'C1', 20, 453, '0'),
	(1311, 'C2', 19, 453, '0'),
	(1312, 'C1', 0, 454, '0'),
	(1313, 'C2', 0, 454, '0'),
	(1314, 'C1', 5, 455, '0'),
	(1315, 'C2', 10, 455, '0'),
	(1316, 'C1', 15, 456, '0'),
	(1317, 'C2', 15, 456, '0'),
	(1318, 'C1', 0, 457, '0'),
	(1319, 'C2', 0, 457, '0'),
	(1320, 'C1', 9, 458, '0'),
	(1321, 'C2', 18, 458, '0'),
	(1322, 'C1', 15, 459, '0'),
	(1323, 'C2', 15, 459, '0'),
	(1324, 'C1', 16, 460, '0'),
	(1325, 'C2', 14, 460, '0'),
	(1326, 'C1', 5, 461, '0'),
	(1327, 'C2', 10, 461, '0'),
	(1328, 'C1', 15, 462, '0'),
	(1329, 'C2', 15, 462, '0'),
	(1330, 'C1', 17, 463, '0'),
	(1331, 'C2', 18, 463, '0'),
	(1332, 'C1', 8, 464, '0'),
	(1333, 'C2', 9, 464, '0'),
	(1334, 'C1', 15, 465, '0'),
	(1335, 'C2', 15, 465, '0'),
	(1336, 'C1', 18, 466, '0'),
	(1337, 'C2', 15, 466, '0'),
	(1338, 'C1', 5, 467, '0'),
	(1339, 'C2', 12, 467, '0'),
	(1340, 'C1', 15, 468, '0'),
	(1341, 'C2', 15, 468, '0'),
	(1342, 'C1', 19, 469, '0'),
	(1343, 'C2', 15, 469, '0'),
	(1344, 'C1', 10, 470, '0'),
	(1345, 'C2', 16, 470, '0'),
	(1346, 'C1', 15, 471, '0'),
	(1347, 'C2', 15, 471, '0'),
	(1348, 'C1', 19, 472, '0'),
	(1349, 'C2', 19, 472, '0'),
	(1350, 'C1', 9, 473, '0'),
	(1351, 'C2', 17, 473, '0'),
	(1352, 'C1', 15, 474, '0'),
	(1353, 'C2', 15, 474, '0'),
	(1354, 'C1', 17, 475, '0'),
	(1355, 'C2', 17, 475, '0'),
	(1356, 'C1', 5, 476, '0'),
	(1357, 'C2', 12, 476, '0'),
	(1358, 'C1', 15, 477, '0'),
	(1359, 'C2', 15, 477, '0'),
	(1360, 'C1', 7, 478, '0'),
	(1361, 'C2', 7, 478, '0'),
	(1362, 'C1', 12, 479, '0'),
	(1363, 'C2', 17, 479, '0'),
	(1366, 'C1', 15, 480, '0'),
	(1367, 'C2', 15, 480, '0'),
	(1368, 'C1', 9, 481, '0'),
	(1369, 'C2', 6, 481, '0'),
	(1370, 'C1', 11, 482, '0'),
	(1371, 'C2', 17, 482, '0'),
	(1372, 'C1', 15, 483, '0'),
	(1373, 'C2', 15, 483, '0'),
	(1374, 'C1', 0, 484, '0'),
	(1375, 'C2', 0, 484, '0'),
	(1376, 'C1', 5, 485, '0'),
	(1377, 'C2', 19, 485, '0'),
	(1378, 'C1', 15, 486, '0'),
	(1379, 'C2', 15, 486, '0'),
	(1380, 'C1', 17, 487, '0'),
	(1381, 'C2', 10, 487, '0'),
	(1382, 'C1', 5, 488, '0'),
	(1383, 'C2', 13, 488, '0'),
	(1384, 'C1', 15, 489, '0'),
	(1385, 'C2', 15, 489, '0'),
	(1386, 'C1', 0, 490, '0'),
	(1387, 'C2', 0, 490, '0'),
	(1388, 'C1', 5, 491, '0'),
	(1389, 'C2', 12, 491, '0'),
	(1390, 'C1', 15, 492, '0'),
	(1391, 'C2', 15, 492, '0'),
	(1392, 'C1', 18, 493, '0'),
	(1393, 'C2', 15, 493, '0'),
	(1394, 'C1', 16, 494, '0'),
	(1395, 'C2', 17, 494, '0'),
	(1396, 'C1', 15, 495, '0'),
	(1397, 'C2', 15, 495, '0'),
	(1398, 'C1', 19, 496, '0'),
	(1399, 'C2', 18, 496, '0'),
	(1400, 'C1', 13, 497, '0'),
	(1401, 'C2', 14, 497, '0'),
	(1402, 'C1', 15, 498, '0'),
	(1403, 'C2', 15, 498, '0'),
	(1404, 'C1', 0, 499, '0'),
	(1405, 'C2', 0, 499, '0'),
	(1406, 'C1', 18, 500, '0'),
	(1407, 'C2', 17, 500, '0'),
	(1408, 'C1', 15, 501, '0'),
	(1409, 'C2', 15, 501, '0'),
	(1410, 'C1', 9, 502, '0'),
	(1411, 'C2', 0, 502, '0'),
	(1412, 'C1', 9, 503, '0'),
	(1413, 'C2', 15, 503, '0'),
	(1414, 'C1', 15, 504, '0'),
	(1415, 'C2', 15, 504, '0'),
	(1416, 'C1', 19, 505, '0'),
	(1417, 'C2', 18, 505, '0'),
	(1418, 'C1', 18, 506, '0'),
	(1419, 'C2', 8, 506, '0'),
	(1420, 'C1', 5, 507, '0'),
	(1421, 'C2', 10, 507, '0'),
	(1422, 'C1', 15, 508, '0'),
	(1423, 'C2', 15, 508, '0'),
	(1424, 'C1', 9, 509, '0'),
	(1425, 'C2', 16, 509, '0'),
	(1426, 'C1', 5, 510, '0'),
	(1427, 'C2', 10, 510, '0'),
	(1428, 'C1', 15, 511, '0'),
	(1429, 'C2', 15, 511, '0'),
	(1430, 'C1', 5, 512, '0'),
	(1431, 'C2', 10, 512, '0'),
	(1432, 'C1', 15, 513, '0'),
	(1433, 'C2', 15, 513, '0'),
	(1434, 'C1', 8, 514, '0'),
	(1435, 'C2', 10, 514, '0'),
	(1436, 'C1', 18, 515, '0'),
	(1437, 'C2', 18, 515, '0'),
	(1438, 'C1', 15, 516, '0'),
	(1439, 'C2', 15, 516, '0'),
	(1440, 'C1', 18, 517, '0'),
	(1441, 'C2', 19, 517, '0'),
	(1442, 'C1', 12, 518, '0'),
	(1443, 'C2', 10, 518, '0'),
	(1444, 'C1', 15, 519, '0'),
	(1445, 'C2', 15, 519, '0'),
	(1446, 'C1', 0, 520, '0'),
	(1447, 'C2', 0, 520, '0'),
	(1448, 'C1', 5, 521, '0'),
	(1449, 'C2', 12, 521, '0'),
	(1450, 'C1', 15, 522, '0'),
	(1451, 'C2', 15, 522, '0'),
	(1452, 'C1', 12, 523, '0'),
	(1453, 'C2', 12, 523, '0'),
	(1454, 'C1', 10, 524, '0'),
	(1455, 'C2', 13, 524, '0'),
	(1456, 'C1', 15, 525, '0'),
	(1457, 'C2', 15, 525, '0'),
	(1458, 'C1', 18, 526, '0'),
	(1459, 'C2', 18, 526, '0'),
	(1460, 'C1', 12, 527, '0'),
	(1461, 'C2', 18, 527, '0'),
	(1462, 'C1', 15, 528, '0'),
	(1463, 'C2', 15, 528, '0'),
	(1464, 'C1', 18, 529, '0'),
	(1465, 'C2', 20, 529, '0'),
	(1466, 'C1', 13, 530, '0'),
	(1467, 'C2', 15, 530, '0'),
	(1468, 'C1', 15, 531, '0'),
	(1469, 'C2', 15, 531, '0'),
	(1470, 'C1', 0, 532, '0'),
	(1471, 'C2', 0, 532, '0'),
	(1472, 'C1', 5, 533, '0'),
	(1473, 'C2', 5, 533, '0'),
	(1474, 'C1', 15, 534, '0'),
	(1475, 'C2', 15, 534, '0'),
	(1476, 'C1', 17, 535, '0'),
	(1477, 'C2', 16, 535, '0'),
	(1478, 'C1', 17, 536, '0'),
	(1479, 'C2', 17, 536, '0'),
	(1480, 'C1', 15, 537, '0'),
	(1481, 'C2', 15, 537, '0'),
	(1482, 'C1', 20, 538, '0'),
	(1483, 'C2', 19, 538, '0'),
	(1484, 'C1', 19, 539, '0'),
	(1485, 'C2', 19, 539, '0'),
	(1486, 'C1', 15, 540, '0'),
	(1487, 'C2', 15, 540, '0'),
	(1488, 'C1', 11, 541, '0'),
	(1489, 'C2', 11, 541, '0'),
	(1490, 'C1', 12, 542, '0'),
	(1491, 'C2', 14, 542, '0'),
	(1492, 'C1', 15, 543, '0'),
	(1493, 'C2', 15, 543, '0'),
	(1494, 'C1', 19, 544, '0'),
	(1495, 'C2', 20, 544, '0'),
	(1496, 'C1', 17, 545, '0'),
	(1497, 'C2', 19, 545, '0'),
	(1498, 'C1', 15, 546, '0'),
	(1499, 'C2', 15, 546, '0'),
	(1500, 'C1', 15, 547, '0'),
	(1501, 'C2', 15, 547, '0'),
	(1502, 'C3', 15, 547, '0'),
	(1503, 'C4', 15, 547, '0'),
	(1504, 'C1', 15, 548, '0'),
	(1505, 'C2', 15, 548, '0'),
	(1506, 'C3', 15, 548, '0'),
	(1507, 'C4', 15, 548, '0');

-- Volcando estructura para tabla db_academico.password_resets
CREATE TABLE IF NOT EXISTS `password_resets` (
  `email` varchar(255) DEFAULT NULL,
  `token` varchar(255) DEFAULT NULL,
  `created_at` timestamp NULL DEFAULT NULL,
  KEY `Índice 1` (`email`)
) ENGINE=InnoDB DEFAULT CHARSET=latin1;

-- Volcando datos para la tabla db_academico.password_resets: ~0 rows (aproximadamente)

-- Volcando estructura para tabla db_academico.periodo
CREATE TABLE IF NOT EXISTS `periodo` (
  `per_id` int(11) NOT NULL AUTO_INCREMENT,
  `año_id` int(11) DEFAULT NULL,
  `per_inicio_matriculas` date DEFAULT NULL,
  `per_final_matricula` date DEFAULT NULL,
  `per_limite_cierre` date DEFAULT NULL,
  `per_tp_notas` int(11) DEFAULT NULL,
  `per_estado` char(1) DEFAULT '0' COMMENT '1: Aperturado; 2:Finalizado',
  `is_deleted` char(1) DEFAULT '0' COMMENT '1: Eliminado; 0:No Eliminado',
  PRIMARY KEY (`per_id`),
  KEY `FK_periodo_año` (`año_id`),
  KEY `R_52` (`per_tp_notas`) USING BTREE,
  CONSTRAINT `FK_periodo_año` FOREIGN KEY (`año_id`) REFERENCES `año` (`año_id`) ON DELETE CASCADE ON UPDATE CASCADE
) ENGINE=InnoDB AUTO_INCREMENT=3 DEFAULT CHARSET=latin1;

-- Volcando datos para la tabla db_academico.periodo: ~0 rows (aproximadamente)
INSERT INTO `periodo` (`per_id`, `año_id`, `per_inicio_matriculas`, `per_final_matricula`, `per_limite_cierre`, `per_tp_notas`, `per_estado`, `is_deleted`) VALUES
	(2, 2, '2023-01-01', '2023-03-27', '2023-03-31', 2, '1', '0');

-- Volcando estructura para tabla db_academico.persona
CREATE TABLE IF NOT EXISTS `persona` (
  `per_id` int(11) NOT NULL AUTO_INCREMENT,
  `per_dni` char(8) DEFAULT NULL,
  `per_nombres` varchar(255) DEFAULT NULL,
  `per_apellidos` varchar(255) DEFAULT NULL,
  `per_nombre_completo` varchar(255) DEFAULT NULL,
  `per_email` varchar(255) DEFAULT NULL,
  `per_sexo` varchar(50) DEFAULT NULL COMMENT 'M: Masculino; F:Femenino',
  `per_fecha_nacimiento` date DEFAULT NULL,
  `per_estado_civil` varchar(50) DEFAULT '0' COMMENT 'S: Soltero; C: Casado; D: Divorciado; V: Viudo',
  `per_celular` varchar(50) DEFAULT NULL,
  `per_pais` varchar(50) DEFAULT NULL,
  `per_departamento` int(11) DEFAULT NULL,
  `per_provincia` int(11) DEFAULT NULL,
  `per_distrito` int(11) DEFAULT NULL,
  `per_direccion` varchar(255) DEFAULT NULL,
  `is_deleted` char(1) DEFAULT '0' COMMENT '1: Eliminado; 0:No Eliminado',
  PRIMARY KEY (`per_id`),
  UNIQUE KEY `per_dni` (`per_dni`) USING BTREE
) ENGINE=InnoDB AUTO_INCREMENT=3129 DEFAULT CHARSET=latin1;

-- Volcando datos para la tabla db_academico.persona: ~1,449 rows (aproximadamente)
INSERT INTO `persona` (`per_id`, `per_dni`, `per_nombres`, `per_apellidos`, `per_nombre_completo`, `per_email`, `per_sexo`, `per_fecha_nacimiento`, `per_estado_civil`, `per_celular`, `per_pais`, `per_departamento`, `per_provincia`, `per_distrito`, `per_direccion`, `is_deleted`) VALUES
	(2, '75106474', 'JHON PAUL', 'CRUZADO DE LA CRUZ', NULL, 'jhonpaulcruzadodelacruz@gmail.com', 'M', '2000-08-31', 'S', '946797845', 'PERÚ', 14, 124, 1213, '399, CL. Francisco Bolognesi', '0'),
	(3, '19330512', 'ROSA TERESA', 'DIAZ MEDINA', NULL, 'rosa.tere218@gmail.com', 'F', NULL, '0', '971691865', 'PERÚ', 13, 115, 1154, NULL, '0'),
	(4, '19320808', 'RIGOBERTO', 'CHAVARRIA ALBITRES', NULL, 'Ricri_ron@hotmail.com', 'M', NULL, '0', '957352030', 'PERÚ', 13, 115, 1154, NULL, '0'),
	(5, '19320601', 'NEIL JESUS', 'CANCINO JHO', NULL, 'Neiljhocancino@hotmail.com', 'M', NULL, '0', '971904240', 'PERÚ', 13, 115, 1154, NULL, '0'),
	(6, '19210484', 'CARLOS EDUARDO', 'DIAZ ABANTO', NULL, 'cdiazabanto@hotmail.com', 'M', NULL, '0', '975074226', 'PERÚ', 13, 115, 1154, NULL, '0'),
	(7, '27975388', 'LUIS ENRIQUE', 'DIAZ GAMARRA', NULL, 'Luendiga4@hotmail.con', 'M', NULL, '0', '949790340', 'PERÚ', 13, 112, 1133, NULL, '0'),
	(8, '19205162', 'MARIA CECILIA', 'GONZALES QUISPE', NULL, 'Azulsag18@hotmail.com', 'F', NULL, '0', '949437654', 'PERÚ', 13, 115, 1154, NULL, '0'),
	(9, '19190415', 'CESAR ARISTIDES', 'POSADA SUAREZ', NULL, 'Shushec@hotmail.com', 'F', NULL, '0', '949837427', 'PERÚ', 13, 115, 1154, NULL, '0'),
	(10, '19211602', 'LILY ERESVITA', 'GAMARRA LOZANO', NULL, 'Lily_e68@hotmail.com', 'F', NULL, '0', '948835940', 'PERÚ', 13, 115, 1154, NULL, '0'),
	(11, '19195012', 'MARITZA ELIZABETH', 'MAYTA VASQUEZ', NULL, 'Maritzamayta90@gmail.com', 'F', NULL, '0', '951576596', 'PERÚ', 13, 115, 1154, NULL, '0'),
	(12, '19323289', 'JESSICA MARLENE', 'URBINA GONZÁLEZ', NULL, 'Yesika49-ug@hotmail.com', 'F', NULL, '0', '943695374', 'PERÚ', 13, 115, 1154, NULL, '0'),
	(13, '19242433', 'LIDIA', 'QUISPE LESMA', NULL, 'lidialesma@gmail.com', 'F', NULL, '0', '961610300', 'PERÚ', 13, 118, 1172, NULL, '0'),
	(14, '19321070', 'MARIA SUSANA', 'LLICAN BARRANTES', NULL, 'Susi_josue06@hotmail.com', 'F', NULL, '0', '943663149', 'PERÚ', 13, 115, 1154, NULL, '0'),
	(15, '18096097', 'ELIZABET OLINDA', 'RAMOS MERCADO', NULL, 'eormedukate@gmail.com', 'F', NULL, '0', '948569429', 'PERÚ', 13, 115, 1154, NULL, '0'),
	(16, '19329508', 'JENNY VICTORIA', 'FIGUEROA CUÑE', NULL, 'Vichy3475@hotmail.com', 'F', NULL, '0', '949812971', 'PERÚ', 13, 115, 1154, NULL, '0'),
	(17, '19202772', 'HUMBERTO JAVIER', 'MARIN CANCINO', NULL, 'Hmarin58@hotmail.com', 'M', NULL, '0', '956607915', 'PERÚ', 13, 115, 1154, NULL, '0'),
	(18, '19257372', 'EDINSSON WALTER', 'JARA GUZMAN', NULL, 'jaraguzmanwalter@gmail.com', 'M', NULL, '0', '94517372', 'PERÚ', 13, 118, 1171, NULL, '0'),
	(19, '18019234', 'KARLA IRIS MIROSLAVA', 'MUÑOZ MONTERO', NULL, 'Mirkais2020@gmail.com', 'F', NULL, '0', '948322672', 'PERÚ', 13, 112, 1135, NULL, '0'),
	(20, '16623094', 'GLORIA VIOLETA', 'CERNA RODAS', NULL, 'gloriavioletacerna@gmail.com', 'F', NULL, '0', '979447912', 'PERÚ', 14, 124, 1213, NULL, '0'),
	(21, '19320098', 'LUZ ELVIT', 'RAZURI SALCEDO DE RAMIREZ', NULL, 'Luz.razuri.14.69@gmail.com', 'F', NULL, '0', '944575423', 'PERÚ', 13, 115, 1154, NULL, '0'),
	(22, '19211110', 'DENIS OSWALDO', 'DIAZ PAIRAZAMAN', NULL, 'Denisdiaz24@hotmail.com', 'M', NULL, '0', '985805045', 'PERÚ', 13, 115, 1154, NULL, '0'),
	(23, '19322156', 'YRMA YOLANDA', 'SUAREZ ZELADA', NULL, 'Yrmasuarez_23@hotmail.com', 'F', NULL, '0', '970641645', 'PERÚ', 13, 115, 1154, NULL, '0'),
	(24, '19320212', 'JENNY ANGELICA', 'FARRO CHOZ', NULL, 'jennyfarrochoz@gmail.com', 'F', NULL, '0', '975499829', 'PERÚ', 13, 115, 1154, NULL, '0'),
	(25, '19205407', 'NELSON ALAMIRO', 'ZELADA MENDOZA', NULL, 'nezeme@gmail.com', 'M', NULL, '0', '955625749', 'PERÚ', 13, 115, 1154, NULL, '0'),
	(26, '19336474', 'ALFREDO', 'BARDALES MAYTA', NULL, 'Alfrebardales11@gmail.com', 'M', NULL, '0', '954006607', 'PERÚ', 13, 115, 1154, NULL, '0'),
	(27, '19220632', 'LUZ ANGELICA', 'ALCANTARA MONCADA', NULL, 'gecaalcantaramon@hotmail.com', 'F', NULL, '0', '957352030', 'PERÚ', 13, 118, 1172, NULL, '0'),
	(28, '42454612', 'DANIXA KARELY', 'NAMOC SANCHEZ', NULL, 'dknamocs@hotmail.com', 'F', NULL, '0', '942831899', 'PERÚ', 13, 113, 1144, NULL, '0'),
	(29, '19329676', 'ROSA DEL PILAR', 'CASTILLO PEREZ', NULL, 'Pilar_leo20_08@hotmail.com', 'F', NULL, '0', '920874186', 'PERÚ', 13, 115, 1154, NULL, '0'),
	(30, '00036636', 'ULMER', 'QUIROZ HUANGAL', NULL, 'ulmerquiroz@hotmail.com', 'M', NULL, '0', '940955290', 'PERÚ', 13, 115, 1154, NULL, '0'),
	(31, '32989314', 'ERICK OMAR', 'CANCINO SANCHEZ', NULL, 'RADIEL_CES@HOTMAIL.COM', 'M', NULL, '0', '977964828', 'PERÚ', 13, 118, 1171, NULL, '0'),
	(32, '19189167', 'ROSA SOLEDAD', 'VENTURA LEON DE ZELADA', NULL, 'roveleee@gmail.com', 'F', NULL, '0', '925085472', 'PERÚ', 13, 115, 1154, NULL, '0'),
	(33, '23267361', 'PABLO CAPISTRANO', 'MENDOZA HUAMAN', NULL, 'Pablover2310@gmail.com', 'M', NULL, '0', '947947782', 'PERÚ', 13, 115, 1154, NULL, '0'),
	(34, '41907802', 'LUCIA PASTORA', 'DEZA RODRIGUEZ', NULL, 'Lucia_deza@hotmail.com', 'M', NULL, '0', '949056969', 'PERÚ', 13, 115, 1154, NULL, '0'),
	(35, '06447866', 'ROSALINDA', 'AGUILAR VALLEJOS', NULL, 'rosalindaaguilarv@gmail.com', 'F', NULL, '0', '961539351', 'PERÚ', 14, 124, 1213, NULL, '0'),
	(36, '40130050', 'DAYSI JULISSA', 'CHANAME VASQUEZ', NULL, 'deysi_capricornio15@hotmail.com', 'F', NULL, '0', '949031483', 'PERÚ', 13, 115, 1154, NULL, '0'),
	(37, '41479124', 'LUIS ALBERTO', 'FERNANDEZ CUMPA', NULL, 'ferluk29_cs@hotmail.com', 'M', NULL, '0', '959552214', 'PERÚ', 13, 115, 1154, NULL, '0'),
	(38, '41210337', 'EDILBERTO IGNACIO', 'CASTAÑEDA FLORES', NULL, 'edigcas21@gmail.com', 'M', NULL, '0', '961528056', 'PERÚ', 13, 115, 1154, NULL, '0'),
	(39, '19184496', 'ANGEL JUVENAL', 'JAVIER VENTURA', NULL, 'Juvenaljavierventura@gmail.com', 'M', NULL, '0', '982327394', 'PERÚ', 13, 115, 1154, NULL, '0'),
	(40, '18077693', 'VICENTE SEGUNDO', 'GAMBOA VELASQUEZ', NULL, 'motitacad@gmail.com', 'M', NULL, '0', '944540662', 'PERÚ', 13, 115, 1154, NULL, '0'),
	(41, '44034617', 'SILVIA JACKELINE', 'NORIEGA RIOS', NULL, 'Jackeline_86@hotmail.com', 'F', NULL, '0', '955921494', 'PERÚ', 13, 115, 1154, NULL, '0'),
	(42, '19211737', 'MARIA AMPARO', 'SALDAÑA TEJEDA', NULL, 'Amparo.80382@gmail.com', 'F', NULL, '0', '925480075', 'PERÚ', 13, 115, 1154, NULL, '0'),
	(43, '19210970', 'PERCY ORLANDO', 'POEMAPE ZAPATA', NULL, 'PERCYPOEZA16@GMAIL.COM', 'M', NULL, '0', '969037441', 'PERÚ', 13, 115, 1154, NULL, '0'),
	(44, '80543414', 'FRANCISCO ELIAS', 'GUILLEN VALENCIA', NULL, 'FEGV78@GMAIL.COM', 'M', NULL, '0', '946546963', 'PERÚ', 13, 115, 1154, NULL, '0'),
	(45, '17884067', 'GLADYS MARLENE', 'PALACIOS QUISPE', NULL, 'gpalaciosquispe64@gmail.com', 'F', NULL, '0', '970479788', 'PERÚ', 13, 115, 1154, NULL, '0'),
	(46, '08316174', 'CESAR ALBERTO', 'TIRADO MENDOZA', NULL, NULL, 'M', NULL, '0', '960131403', 'PERÚ', 13, 115, 1154, NULL, '0'),
	(47, '19207182', 'CESAR ARMANDO', 'TERAN MORALES', NULL, NULL, 'M', NULL, '0', '950804514', 'PERÚ', 13, 115, 1154, NULL, '0'),
	(48, '19192055', 'LUIS', 'HERNANDEZ DE LA CRUZ', NULL, NULL, 'M', NULL, '0', '971820201', 'PERÚ', 13, 115, 1154, NULL, '0'),
	(49, '19203451', 'JAIME HUMBERTO', 'VASQUEZ GALLARDO', NULL, NULL, 'M', NULL, '0', '974076534', 'PERÚ', 13, 115, 1154, NULL, '0'),
	(1727, '62585122', 'FRANK ELVIS', 'CORREA MENDOZA', NULL, NULL, 'F', '2005-12-11', '0', NULL, 'PERÚ', 0, 0, 0, NULL, '0'),
	(1728, '19195275', NULL, NULL, 'MENDOZA VASQUEZ ANA ELSA', '', 'Mujer', NULL, '0', '949429445', 'PERÚ', 0, 0, 0, NULL, '0'),
	(1729, '74696681', 'MARKC JUNIOR', 'ESPILCO SUAREZ', NULL, NULL, 'F', '2005-12-14', '0', NULL, 'PERÚ', 0, 0, 0, NULL, '0'),
	(1730, '60416914', 'PEDRO AUGUSTO DANIEL', 'GAMARRA BALAREZO', NULL, NULL, 'M', '2006-06-27', '0', NULL, 'PERÚ', 0, 0, 0, NULL, '0'),
	(1731, '71560766', 'ADRIANA ISABEL', 'GUERRERO COTRINA', NULL, NULL, 'F', '2006-03-18', '0', NULL, 'PERÚ', 0, 0, 0, NULL, '0'),
	(1732, '72160911', 'ALBEYSER ALEJANDRO', 'HERNANDEZ LLANOS', NULL, NULL, 'M', '2005-03-22', '0', NULL, 'PERÚ', 0, 0, 0, NULL, '0'),
	(1733, '76451608', 'CORAIMA NOEMY', 'HERNANDEZ SANCHEZ', NULL, NULL, 'F', '2004-03-09', '0', NULL, 'PERÚ', 0, 0, 0, NULL, '0'),
	(1734, '46095679', NULL, NULL, 'SANCHEZ TELLO SAMMY CECILIA', '', 'Mujer', NULL, '0', '', 'PERÚ', 0, 0, 0, NULL, '0'),
	(1735, '61062029', 'CARLOS ENRIQUE', 'HERNANDEZ VASQUEZ', NULL, NULL, 'M', '2005-09-30', '0', NULL, 'PERÚ', 0, 0, 0, NULL, '0'),
	(1736, '74696644', 'BRENDA YULEISY', 'LINGAN FERNANDEZ', NULL, NULL, 'M', '2005-09-24', '0', NULL, 'PERÚ', 0, 0, 0, NULL, '0'),
	(1737, '75783351', 'FRANCHESCA LIZBETH', 'LOZANO VALENCIA', NULL, NULL, 'F', '2006-03-10', '0', NULL, 'PERÚ', 0, 0, 0, NULL, '0'),
	(1738, '40136193', NULL, NULL, 'VALENCIA YOPLA ELIZABETH', '', 'Mujer', NULL, '0', '', 'PERÚ', 0, 0, 0, NULL, '0'),
	(1739, '76866668', 'ALEXANDER JOSEMIL', 'MARRERO CUEVA', NULL, NULL, 'M', '2006-01-23', '0', NULL, 'PERÚ', 0, 0, 0, NULL, '0'),
	(1740, '76871137', 'SILVANA NICOOL', 'MAYTA RAMIREZ', NULL, NULL, 'M', '2005-07-06', '0', NULL, 'PERÚ', 0, 0, 0, NULL, '0'),
	(1741, '73626232', 'SARAI ELIZABET', 'MEJIA PISFIL', NULL, NULL, 'F', '2006-03-27', '0', NULL, 'PERÚ', 0, 0, 0, NULL, '0'),
	(1742, '72454997', 'JONATHAN KEVIN', 'MENDOZA CERVANTES', NULL, NULL, 'F', '2004-08-24', '0', NULL, 'PERÚ', 0, 0, 0, NULL, '0'),
	(1743, '19331644', NULL, NULL, 'CERVANTES HERNANDEZ CHARITO MAGDALENA', '', 'Mujer', NULL, '0', '', 'PERÚ', 0, 0, 0, NULL, '0'),
	(1744, '60425298', 'JULY YAKELINE', 'MENDOZA QUISPE', NULL, NULL, 'M', '2006-06-20', '0', NULL, 'PERÚ', 0, 0, 0, NULL, '0'),
	(1745, '60425345', 'NOIMI YAMILETH', 'MENDOZA RODAS', NULL, NULL, 'F', '2006-06-21', '0', NULL, 'PERÚ', 0, 0, 0, NULL, '0'),
	(1746, '77179980', 'ITAMAR ESTEFANIA', 'MILLONES GUANILO', NULL, NULL, 'F', '2005-09-04', '0', NULL, 'PERÚ', 0, 0, 0, NULL, '0'),
	(1747, '45481444', NULL, NULL, 'GUANILO PISFIL ESTELA MILAGROS', '', 'Mujer', NULL, '0', '', 'PERÚ', 0, 0, 0, NULL, '0'),
	(1748, '76281843', 'JHON DEYVIS', 'MORE MORALES', NULL, NULL, 'F', '2005-09-07', '0', NULL, 'PERÚ', 0, 0, 0, NULL, '0'),
	(1749, '42854794', NULL, NULL, 'MORALES ZUÑE MANUELA', '', 'Mujer', NULL, '0', '', 'PERÚ', 0, 0, 0, NULL, '0'),
	(1750, '75993031', 'ANGEL ABEL', 'MUJICA MATARA', NULL, NULL, 'F', '2005-08-26', '0', NULL, 'PERÚ', 0, 0, 0, NULL, '0'),
	(1751, '60040553', 'MARIA FERNANDA', 'NINAQUISPE MESTANZA', NULL, NULL, 'F', '2005-08-09', '0', NULL, 'PERÚ', 0, 0, 0, NULL, '0'),
	(1752, '76067126', 'DIEGO AUGUSTO', 'NUÑEZ CARRASCO', NULL, NULL, 'M', '2005-11-25', '0', NULL, 'PERÚ', 0, 0, 0, NULL, '0'),
	(1753, '75005565', 'KRISTELL ARIANA', 'OLIVA LORENZO', NULL, NULL, 'M', '2006-04-18', '0', NULL, 'PERÚ', 0, 0, 0, NULL, '0'),
	(1754, '60425169', 'MARCO ANTONIO', 'PAUCAR CARRASCO', NULL, NULL, 'M', '2006-05-14', '0', NULL, 'PERÚ', 0, 0, 0, NULL, '0'),
	(1755, '76212971', 'ANDREA ISABEL', 'PORTILLA QUISPE', NULL, NULL, 'F', '2005-12-10', '0', NULL, 'PERÚ', 0, 0, 0, NULL, '0'),
	(1756, '19321090', NULL, NULL, 'QUISPE GONZALEZ ESTHER MARGARITA', '', 'Mujer', NULL, '0', '', 'PERÚ', 0, 0, 0, NULL, '0'),
	(1757, '74696624', 'LUIS ANGEL', 'RAMIREZ ALVA', NULL, NULL, 'M', '2005-12-19', '0', NULL, 'PERÚ', 0, 0, 0, NULL, '0'),
	(1758, '73513860', 'JESUS ANTONIO', 'SALDAÑA VERA', NULL, NULL, 'M', '2006-02-27', '0', NULL, 'PERÚ', 0, 0, 0, NULL, '0'),
	(1759, '76223098', 'KLÉVER DÁVIO', 'SANCHEZ AGUILAR', NULL, NULL, 'F', '2004-11-09', '0', NULL, 'PERÚ', 0, 0, 0, NULL, '0'),
	(1760, '41871841', NULL, NULL, 'AGUILAR TELLO KELLY RAQUEL', '', 'Mujer', NULL, '0', '960595244', 'PERÚ', 0, 0, 0, NULL, '0'),
	(1761, '72756487', 'SILVANA IVONNE', 'ZELADA VENTURA', NULL, NULL, 'F', '2006-03-05', '0', NULL, 'PERÚ', 0, 0, 0, NULL, '0'),
	(1762, '71464844', 'RONALD LEONARDO', 'ALEMAN QUISPE', NULL, NULL, 'M', '2004-10-29', '0', NULL, 'PERÚ', 0, 0, 0, NULL, '0'),
	(1763, '75055397', 'IRIS GIOMARA DE LOS ANGELES', 'BAZAN CARDENAS', NULL, NULL, 'M', '2005-01-10', '0', NULL, 'PERÚ', 0, 0, 0, NULL, '0'),
	(1764, '76742985', 'ELIO HUGO', 'CAMPOVERDE MENA', NULL, NULL, 'M', '2005-10-11', '0', NULL, 'PERÚ', 0, 0, 0, NULL, '0'),
	(1765, '77172885', 'ALONDRA SELENA', 'COBBA PORTILLA', NULL, NULL, 'M', '2006-02-27', '0', NULL, 'PERÚ', 0, 0, 0, NULL, '0'),
	(1766, '76969041', 'JEFFERSON ANDRE', 'ESPINOZA GALVEZ', NULL, NULL, 'F', '2006-01-17', '0', NULL, 'PERÚ', 0, 0, 0, NULL, '0'),
	(1767, '76655701', 'JOHAN SNAHIDER', 'ESPINOZA MOQUILLAZA', NULL, NULL, 'F', '2005-08-30', '0', NULL, 'PERÚ', 0, 0, 0, NULL, '0'),
	(1768, '40309862', NULL, NULL, 'MOQUILLAZA YACSAHUANGA DENY MILAGROS', '', 'Mujer', NULL, '0', '', 'PERÚ', 0, 0, 0, NULL, '0'),
	(1769, '71949390', 'ILICH LENIN', 'HERNANDEZ BECERRA', NULL, NULL, 'M', '2005-12-03', '0', NULL, 'PERÚ', 0, 0, 0, NULL, '0'),
	(1770, '60425427', 'CRISTINA LIZZETH', 'LLAMOGTANTA PORTILLA', NULL, NULL, 'M', '2006-07-31', '0', NULL, 'PERÚ', 0, 0, 0, NULL, '0'),
	(1771, '75050135', 'MARIA FERNANDA', 'QUIROZ AZAÑERO', NULL, NULL, 'M', '2005-03-08', '0', NULL, 'PERÚ', 0, 0, 0, NULL, '0'),
	(1772, '60136453', 'LUIS ANGEL', 'RODAS MENDOZA', NULL, NULL, 'F', '2006-06-05', '0', NULL, 'PERÚ', 0, 0, 0, NULL, '0'),
	(1773, '63261364', 'KEYLA GERALDINE', 'RODAS RAMIREZ', NULL, NULL, 'F', '2006-01-16', '0', NULL, 'PERÚ', 0, 0, 0, NULL, '0'),
	(1774, '46278948', NULL, NULL, 'REATEGUI RODAS ANA KAREN', '', 'Mujer', NULL, '0', '', 'PERÚ', 0, 0, 0, NULL, '0'),
	(1775, '71560765', 'DIEGO ESMIT', 'ROMERO BECERRA', NULL, NULL, 'M', '2005-11-29', '0', NULL, 'PERÚ', 0, 0, 0, NULL, '0'),
	(1776, '75380187', 'MARICIELO', 'ROMERO NINAQUISPE', NULL, NULL, 'F', '2005-12-26', '0', NULL, 'PERÚ', 0, 0, 0, NULL, '0'),
	(1777, '72737252', 'ANGHELINA MARGARITA BRIGITE', 'RUIZ SANTILLAN', NULL, NULL, 'F', '2006-03-04', '0', NULL, 'PERÚ', 0, 0, 0, NULL, '0'),
	(1778, '77343269', 'RUTH ESMERALDA', 'SALDAÑA DIAZ', NULL, NULL, 'F', '2005-08-21', '0', NULL, 'PERÚ', 0, 0, 0, NULL, '0'),
	(1779, '40450269', NULL, NULL, 'DIAZ CHAVEZ MARIA DORALIZA', '', 'Mujer', NULL, '0', '', 'PERÚ', 0, 0, 0, NULL, '0'),
	(1780, '77073381', 'JHON JEYSER', 'SALDAÑA LINGAN', NULL, NULL, 'F', '2005-07-01', '0', NULL, 'PERÚ', 0, 0, 0, NULL, '0'),
	(1781, '60425207', 'REYNALDO ANTHONY', 'SANCHEZ BECERRA', NULL, NULL, 'M', '2006-05-26', '0', NULL, 'PERÚ', 0, 0, 0, NULL, '0'),
	(1782, '75565232', 'KASSANDRA BRIGGITE', 'SANTA CRUZ VENTURA', NULL, NULL, 'F', '2006-01-03', '0', NULL, 'PERÚ', 0, 0, 0, NULL, '0'),
	(1783, '72680010', 'JOSE DANIEL', 'SERRANO TERRONES', NULL, NULL, 'M', '2005-09-23', '0', NULL, 'PERÚ', 0, 0, 0, NULL, '0'),
	(1784, '72655778', 'CLAUDIO MARCELO', 'SILVA ODAR', NULL, NULL, 'F', '2005-05-30', '0', NULL, 'PERÚ', 0, 0, 0, NULL, '0'),
	(1785, '19211124', NULL, NULL, 'ODAR ZEVALLOS LAURA VIOLETA', '', 'Mujer', NULL, '0', '', 'PERÚ', 0, 0, 0, NULL, '0'),
	(1786, '72553614', 'BENYLYN DANUSKA', 'SUAREZ QUIÑONEZ', NULL, NULL, 'M', '2006-04-23', '0', NULL, 'PERÚ', 0, 0, 0, NULL, '0'),
	(1787, '19320542', NULL, NULL, 'SUAREZ AREVALO SEGUNDO BENJAMIN', '', 'Hombre', NULL, '0', '', 'PERÚ', 0, 0, 0, NULL, '0'),
	(1788, '74623335', 'DIEGO PAOLO', 'SUAREZ SANTA MARIA', NULL, NULL, 'F', '2005-11-05', '0', NULL, 'PERÚ', 0, 0, 0, NULL, '0'),
	(1789, '43099556', NULL, NULL, 'VERA YARLEQUE FANNY JACQUELINE', '', 'Mujer', NULL, '0', '', 'PERÚ', 0, 0, 0, NULL, '0'),
	(1790, '72620519', 'JEFFERSON GERARDO', 'SUAREZ VASQUEZ', NULL, NULL, 'F', '2005-09-08', '0', NULL, 'PERÚ', 0, 0, 0, NULL, '0'),
	(1791, '19324366', NULL, NULL, 'VASQUEZ QUIROZ HERMELINDA VIOLETA', '', 'Mujer', NULL, '0', '', 'PERÚ', 0, 0, 0, NULL, '0'),
	(1792, '60425325', 'JEANCARLO FABIAN', 'SUAREZ ZELADA', NULL, NULL, 'F', '2006-06-28', '0', NULL, 'PERÚ', 0, 0, 0, NULL, '0'),
	(1793, '40939451', NULL, NULL, 'ZELADA RUBIÑOS DE SUAREZ CARMEN JULISSA', '', 'Mujer', NULL, '0', '', 'PERÚ', 0, 0, 0, NULL, '0'),
	(1794, '62484461', 'LUZ CLARA', 'TASILLA ISPILCO', NULL, NULL, 'M', '2005-10-13', '0', NULL, 'PERÚ', 0, 0, 0, NULL, '0'),
	(1795, '71866119', 'DIANA TALI', 'TELLO TABACO', NULL, NULL, 'M', '2005-08-29', '0', NULL, 'PERÚ', 0, 0, 0, NULL, '0'),
	(1796, '72562851', 'LUIS GUSTAVO', 'TERRONES MIRANDA', NULL, NULL, 'M', '2006-01-05', '0', NULL, 'PERÚ', 0, 0, 0, NULL, '0'),
	(1797, '75089736', 'MARIBEL', 'TORRES ORTIZ', NULL, NULL, 'F', '2004-07-09', '0', NULL, 'PERÚ', 0, 0, 0, NULL, '0'),
	(1798, '60425310', 'ERICK ALEXIS', 'VARGAS ASTOLINGON', NULL, NULL, 'M', '2006-06-22', '0', NULL, 'PERÚ', 0, 0, 0, NULL, '0'),
	(1799, '75943526', 'TREISY ANALI', 'VARGAS MONTENEGRO', NULL, NULL, 'F', '2005-03-07', '0', NULL, 'PERÚ', 0, 0, 0, NULL, '0'),
	(1800, '40036218', NULL, NULL, 'MONTENEGRO MALCA ANA', '', 'Mujer', NULL, '0', '', 'PERÚ', 0, 0, 0, NULL, '0'),
	(1801, '74623484', 'GARY ANDERSON', 'VASQUEZ DIAZ', NULL, NULL, 'M', '2006-04-13', '0', NULL, 'PERÚ', 0, 0, 0, NULL, '0'),
	(1802, '41895368', NULL, NULL, 'VASQUEZ IDROGO MARINO', '', 'Hombre', NULL, '0', '', 'PERÚ', 0, 0, 0, NULL, '0'),
	(1803, '60469446', 'JAIME SMITH', 'ALAYA AVILA', NULL, NULL, 'F', '2005-12-14', '0', NULL, 'PERÚ', 0, 0, 0, NULL, '0'),
	(1804, '76469453', 'LUCERO ALEXANDRA', 'ALDEA BARDALES', NULL, NULL, 'F', '2005-06-11', '0', NULL, 'PERÚ', 0, 0, 0, NULL, '0'),
	(1805, '45106289', NULL, NULL, 'BARDALES CUEVA JUANA HIBEL', '', 'Mujer', NULL, '0', '', 'PERÚ', 0, 0, 0, NULL, '0'),
	(1806, '71566326', 'MARIANA ANGELINE', 'ALTAMIRANO MALCA', NULL, NULL, 'M', '2004-12-08', '0', NULL, 'PERÚ', 0, 0, 0, NULL, '0'),
	(1807, '63008792', 'SARA ARACELI', 'AVILA CHAVEZ', NULL, NULL, 'F', '2005-09-26', '0', NULL, 'PERÚ', 0, 0, 0, NULL, '0'),
	(1808, '75565245', 'ANDERSON MANUEL', 'BOÑON VASQUEZ', NULL, NULL, 'F', '2005-11-04', '0', NULL, 'PERÚ', 0, 0, 0, NULL, '0'),
	(1809, '75048012', 'SANDI CHARO', 'CERNA ORTIZ', NULL, NULL, 'M', '2005-10-17', '0', NULL, 'PERÚ', 0, 0, 0, NULL, '0'),
	(1810, '44505897', NULL, NULL, 'CERNA BARBOZA WILDER', '', 'Hombre', NULL, '0', '', 'PERÚ', 0, 0, 0, NULL, '0'),
	(1811, '76203725', 'MARIA CRISTINA', 'CHAVEZ BECERRA', NULL, NULL, 'F', '2004-12-07', '0', NULL, 'PERÚ', 0, 0, 0, NULL, '0'),
	(1812, '74700283', 'MARIA FERNANDA', 'CRUZADO PRADO', NULL, NULL, 'F', '2003-04-12', '0', NULL, 'PERÚ', 0, 0, 0, NULL, '0'),
	(1813, '73801144', 'CARLOS SEGUNDO', 'EFFIO RAMIREZ', NULL, NULL, 'F', '2005-09-16', '0', NULL, 'PERÚ', 0, 0, 0, NULL, '0'),
	(1814, '19325375', NULL, NULL, 'HUANGAL CAMAC LUZ VICENTA', '', 'Mujer', NULL, '0', '', 'PERÚ', 0, 0, 0, NULL, '0'),
	(1815, '75314202', 'LUIS ANGEL', 'FLORES ROMERO', NULL, NULL, 'F', '2005-09-10', '0', NULL, 'PERÚ', 0, 0, 0, NULL, '0'),
	(1816, '76613492', 'NIXON OMAR', 'GONZALES CAMPOS', NULL, NULL, 'F', '2006-01-23', '0', NULL, 'PERÚ', 0, 0, 0, NULL, '0'),
	(1817, '60805160', 'VICTOR ALEXANDER', 'HERNANDEZ CELIS', NULL, NULL, 'F', '2006-02-03', '0', NULL, 'PERÚ', 0, 0, 0, NULL, '0'),
	(1818, '77574981', 'KIMBERLYN ALEXANDER', 'MENDOZA FLORES', NULL, NULL, 'M', '2005-11-02', '0', NULL, 'PERÚ', 0, 0, 0, NULL, '0'),
	(1819, '74609808', 'CATHERIN MAJHUMY', 'NEYRA RAMIREZ', NULL, NULL, 'F', '2006-01-01', '0', NULL, 'PERÚ', 0, 0, 0, NULL, '0'),
	(1820, '40270826', NULL, NULL, 'RAMIREZ ROJAS ANA CHARITO', '', 'Mujer', NULL, '0', '947852080', 'PERÚ', 0, 0, 0, NULL, '0'),
	(1821, '71697024', 'KARLA FIORELLA', 'PORTILLA ORTIGAS', NULL, NULL, 'F', '2006-03-08', '0', NULL, 'PERÚ', 0, 0, 0, NULL, '0'),
	(1822, '61130592', 'JUNIOR ALEXIS', 'PUICAN NECIOSUP', NULL, NULL, 'F', '2005-06-06', '0', NULL, 'PERÚ', 0, 0, 0, NULL, '0'),
	(1823, '76153696', 'MAURICIO SEBASTIAN', 'QUIROZ VENTURA', NULL, NULL, 'M', '2005-11-05', '0', NULL, 'PERÚ', 0, 0, 0, NULL, '0'),
	(1824, '60779467', 'VALERIA DAKOTA', 'RODRIGUEZ VASQUEZ', NULL, NULL, 'M', '2006-06-20', '0', NULL, 'PERÚ', 0, 0, 0, NULL, '0'),
	(1825, '72714128', 'LEYDY XIOMARA', 'RUIZ NINAQUISPE', NULL, NULL, 'M', '2004-12-05', '0', NULL, 'PERÚ', 0, 0, 0, NULL, '0'),
	(1826, '74447288', 'ELVER CRHIS', 'SANCHEZ CHILON', NULL, NULL, 'F', '2006-04-08', '0', NULL, 'PERÚ', 0, 0, 0, NULL, '0'),
	(1827, '41253492', NULL, NULL, 'CHILON IMAN LEYDI CECILIA', '', 'Mujer', NULL, '0', '', 'PERÚ', 0, 0, 0, NULL, '0'),
	(1828, '60425157', 'CARLOS FABIAN', 'SANTA CRUZ FLORES', NULL, NULL, 'F', '2006-05-06', '0', NULL, 'PERÚ', 0, 0, 0, NULL, '0'),
	(1829, '73682980', 'BRAYAN SMITH', 'SOLANO VASQUEZ', NULL, NULL, 'F', '2005-12-23', '0', NULL, 'PERÚ', 0, 0, 0, NULL, '0'),
	(1830, '45265327', NULL, NULL, 'VASQUEZ CERNA MERLY VANESSA', '', 'Mujer', NULL, '0', '', 'PERÚ', 0, 0, 0, NULL, '0'),
	(1831, '76566148', 'ZARAI HILDA', 'TANTALEAN SAAVEDRA', NULL, NULL, 'M', '2005-10-15', '0', NULL, 'PERÚ', 0, 0, 0, NULL, '0'),
	(1832, '71602768', 'RUTH FERNANDA', 'TERAN VERASTEGUI', NULL, NULL, 'F', '2006-02-12', '0', NULL, 'PERÚ', 0, 0, 0, NULL, '0'),
	(1833, '43224336', NULL, NULL, 'VERASTEGUI SAUCEDO DIANA VIOLETA', '', 'Mujer', NULL, '0', '', 'PERÚ', 0, 0, 0, NULL, '0'),
	(1834, '74621711', 'IOAU', 'VARGAS MENDOZA', NULL, NULL, 'M', '2005-08-08', '0', NULL, 'PERÚ', 0, 0, 0, NULL, '0'),
	(1835, '60425330', 'DINA MIRELLA', 'VASQUEZ PALOMINO', NULL, NULL, 'F', '2006-06-21', '0', NULL, 'PERÚ', 0, 0, 0, NULL, '0'),
	(1836, '41384985', NULL, NULL, 'HECHLER KREIMER ANDREA', '', 'Mujer', NULL, '0', '', 'PERÚ', 0, 0, 0, NULL, '0'),
	(1837, '77335000', 'LISSET ANAI', 'VENTURA GUERRERO', NULL, NULL, 'F', '2005-11-11', '0', NULL, 'PERÚ', 0, 0, 0, NULL, '0'),
	(1838, '19324031', NULL, NULL, 'GUERRERO PAUCAR ZOILA MAGALI', '', 'Mujer', NULL, '0', '', 'PERÚ', 0, 0, 0, NULL, '0'),
	(1839, '74132344', 'YOSHUAR JULIO ALEXANDER', 'VERA FLORES', NULL, NULL, 'M', '2005-10-04', '0', NULL, 'PERÚ', 0, 0, 0, NULL, '0'),
	(1840, '71299324', 'PAOLA VANESA', 'VERASTEGUI ARTEAGA', NULL, NULL, 'M', '2006-01-06', '0', NULL, 'PERÚ', 0, 0, 0, NULL, '0'),
	(1841, '76319038', 'JOHAN JEREMY', 'VIDAURRE HERRERA', NULL, NULL, 'M', '2006-03-31', '0', NULL, 'PERÚ', 0, 0, 0, NULL, '0'),
	(1842, '44406137', NULL, NULL, 'VIDAURRE GUILLERMO CESAR MIGUEL', 'mvidaurreguillermo@gmail.com', 'Hombre', NULL, '0', '929677534', 'PERÚ', 0, 0, 0, NULL, '0'),
	(1843, '75805482', 'BRIYIT YAMILE', 'VILLOSLADA ROMERO', NULL, NULL, 'M', '2005-09-01', '0', NULL, 'PERÚ', 0, 0, 0, NULL, '0'),
	(1844, '74059484', 'MARLON JHAIR', 'ZELADA ESPINOZA', NULL, NULL, 'M', '2006-04-11', '0', NULL, 'PERÚ', 0, 0, 0, NULL, '0'),
	(1845, '61749067', 'LEONARDO DAVID', 'BARDALES MEDINA', NULL, NULL, 'F', '2009-08-18', '0', NULL, 'PERÚ', 0, 0, 0, NULL, '0'),
	(1846, '47922258', NULL, NULL, 'MEDINA RIOS MARIA ESTHER', '', 'Mujer', NULL, '0', '', 'PERÚ', 0, 0, 0, NULL, '0'),
	(1847, '62585068', 'EMILY NAYUMI', 'BARRANTES PERALTA', NULL, NULL, 'F', '2010-03-10', '0', NULL, 'PERÚ', 0, 0, 0, NULL, '0'),
	(1848, '00000014', NULL, NULL, 'PERALTA CUEVA MERCEDES LISET', '', 'Mujer', NULL, '0', '', 'PERÚ', 0, 0, 0, NULL, '0'),
	(1849, '61781911', 'EVELIN ISABEL', 'BRIONES SAUCEDO', NULL, NULL, 'M', '2009-06-21', '0', NULL, 'PERÚ', 0, 0, 0, NULL, '0'),
	(1850, '46548974', NULL, NULL, 'BRIONES CHAVEZ BELCER RAMIRO', '', 'Hombre', NULL, '0', '', 'PERÚ', 0, 0, 0, NULL, '0'),
	(1851, '61769216', 'MILAGRO ANTUANE', 'CABRERA MONCADA', NULL, NULL, 'F', '2009-05-04', '0', NULL, 'PERÚ', 0, 0, 0, NULL, '0'),
	(1852, '42541887', NULL, NULL, 'MONCADA LEZCANO FLOR DE MARIA', 'flor150415@hotmail.com', 'Mujer', NULL, '0', '956695966', 'PERÚ', 0, 0, 0, NULL, '0'),
	(1853, '61769171', 'DAYANA ALONDRA', 'CASTERNOQUE LEIVA', NULL, NULL, 'F', '2009-04-21', '0', NULL, 'PERÚ', 0, 0, 0, NULL, '0'),
	(1854, '44741470', NULL, NULL, 'LEIVA BRICEÑO CINTHYA ESMERITA', '', 'Mujer', NULL, '0', '', 'PERÚ', 0, 0, 0, NULL, '0'),
	(1855, '62352573', 'BRISSA ISIDRA', 'CUADROS LAFORA', NULL, NULL, 'F', '2009-11-22', '0', NULL, 'PERÚ', 0, 0, 0, NULL, '0'),
	(1856, '40172212', NULL, NULL, 'LAFORA QUISPE LILIAN LUCILA', '', 'Mujer', NULL, '0', '', 'PERÚ', 0, 0, 0, NULL, '0'),
	(1857, '61769296', 'ARIANA LIZET', 'HERNANDEZ QUIROZ', NULL, NULL, 'M', '2009-05-26', '0', NULL, 'PERÚ', 0, 0, 0, NULL, '0'),
	(1858, '16724086', NULL, NULL, 'HERNANDEZ ARRIVASPLATA ERNESTO', '', 'Hombre', NULL, '0', '', 'PERÚ', 0, 0, 0, NULL, '0'),
	(1859, '61749132', 'HERNAN PATRICIO', 'ITURRIZAGA VALVERDE', NULL, NULL, 'F', '2009-09-17', '0', NULL, 'PERÚ', 0, 0, 0, NULL, '0'),
	(1860, '16017306', NULL, NULL, 'VALVERDE MALCA JUANA ALEJANDRINA', '', 'Mujer', NULL, '0', '', 'PERÚ', 0, 0, 0, NULL, '0'),
	(1861, '61855256', 'EDGARDO LEONARDO', 'JULCA COTRINA', NULL, NULL, 'M', '2009-09-13', '0', NULL, 'PERÚ', 0, 0, 0, NULL, '0'),
	(1862, '45236320', NULL, NULL, 'JULCA TACULI EDWARD JOEL', '', 'Hombre', NULL, '0', '978438612', 'PERÚ', 0, 0, 0, NULL, '0'),
	(1863, '73918674', 'OMAR RAFAEL', 'LIMO PAREDES', NULL, NULL, 'F', '2009-12-16', '0', NULL, 'PERÚ', 0, 0, 0, NULL, '0'),
	(1864, '00000023', NULL, NULL, 'PAREDES QUIROZ RUTH NOEMI', '', 'Mujer', NULL, '0', '', 'PERÚ', 0, 0, 0, NULL, '0'),
	(1865, '61769441', 'JOSUE ABRAHAM', 'LLERENA SANCHEZ', NULL, NULL, 'F', '2009-07-06', '0', NULL, 'PERÚ', 0, 0, 0, NULL, '0'),
	(1866, '00000024', NULL, NULL, 'SANCHEZ VILLAVICENCIO DARLY', '', 'Mujer', NULL, '0', '', 'PERÚ', 0, 0, 0, NULL, '0'),
	(1867, '61769390', 'MARTI LEANDRO LOVIS', 'LOPEZ VASQUEZ', NULL, NULL, 'F', '2009-06-11', '0', NULL, 'PERÚ', 0, 0, 0, NULL, '0'),
	(1868, '47841389', NULL, NULL, 'VASQUEZ ALFARO LILIANA JOCABETH', '', 'Mujer', NULL, '0', '', 'PERÚ', 0, 0, 0, NULL, '0'),
	(1869, '62585096', 'MATIAS ALBERTO', 'MALCA LAMELA', NULL, NULL, 'F', '2010-03-25', '0', NULL, 'PERÚ', 0, 0, 0, NULL, '0'),
	(1870, '00000026', NULL, NULL, 'LAMELA HERNÁNDEZ ROSA ELVIRA', '', 'Mujer', NULL, '0', '', 'PERÚ', 0, 0, 0, NULL, '0'),
	(1871, '61749340', 'ALEXANDER SAMIR', 'MARRUFO PALOMINO', NULL, NULL, 'F', '2009-11-08', '0', NULL, 'PERÚ', 0, 0, 0, NULL, '0'),
	(1872, '45288140', NULL, NULL, 'PALOMINO TUMAY PATRICIA CECILIA', '', 'Mujer', NULL, '0', '985411004', 'PERÚ', 0, 0, 0, NULL, '0'),
	(1873, '61769245', 'LEANDRO NICOLAS', 'MENDEZ BAUTISTA', NULL, NULL, 'M', '2009-04-25', '0', NULL, 'PERÚ', 0, 0, 0, NULL, '0'),
	(1874, '44931965', NULL, NULL, 'MENDEZ PLASENCIA JHON ANDERSON', '', 'Hombre', NULL, '0', '', 'PERÚ', 0, 0, 0, NULL, '0'),
	(1875, '61769381', 'KIARA ELIZABETH', 'MORALES ESPINOZA', NULL, NULL, 'M', '2009-06-09', '0', NULL, 'PERÚ', 0, 0, 0, NULL, '0'),
	(1876, '47021378', NULL, NULL, 'MORALES MENDOZA LUIS ALBERTO', '', 'Hombre', NULL, '0', '', 'PERÚ', 0, 0, 0, NULL, '0'),
	(1877, '61769269', 'BRYAN MOISES', 'MUGUERZA VERA', NULL, NULL, 'M', '2009-04-29', '0', NULL, 'PERÚ', 0, 0, 0, NULL, '0'),
	(1878, '47874955', NULL, NULL, 'MUGUERZA BUSTAMANTE SALATIEL', '', 'Hombre', NULL, '0', '', 'PERÚ', 0, 0, 0, NULL, '0'),
	(1879, '62585055', 'ALISON NATHANIEL', 'PISFIL LINGAN', NULL, NULL, 'M', '2010-02-26', '0', NULL, 'PERÚ', 0, 0, 0, NULL, '0'),
	(1880, '44554713', NULL, NULL, 'PISFIL GUANILO ELVIS JESUS', '', 'Hombre', NULL, '0', '', 'PERÚ', 0, 0, 0, NULL, '0'),
	(1881, '61749227', 'CARLOS ANDREE', 'QUIROZ CARRION', NULL, NULL, 'F', '2009-10-16', '0', NULL, 'PERÚ', 0, 0, 0, NULL, '0'),
	(1882, '00000032', NULL, NULL, 'CARRIÓN NOVOA BLANCA ROSA', '', 'Mujer', NULL, '0', '', 'PERÚ', 0, 0, 0, NULL, '0'),
	(1883, '61769203', 'CAMILA ELIZABETH', 'QUISPE ADANAQUE', NULL, NULL, 'F', '2009-04-27', '0', NULL, 'PERÚ', 0, 0, 0, NULL, '0'),
	(1884, '45317222', NULL, NULL, 'ADANAQUE LEZAMA ANGELICA MARIA', '', 'Mujer', NULL, '0', '', 'PERÚ', 0, 0, 0, NULL, '0'),
	(1885, '62585127', 'YOSELIN TATIANA', 'QUISPE DELGADO', NULL, NULL, 'F', '2010-03-31', '0', NULL, 'PERÚ', 0, 0, 0, NULL, '0'),
	(1886, '47334749', NULL, NULL, 'DELGADO CASTILLO NILDA', '', 'Mujer', NULL, '0', '', 'PERÚ', 0, 0, 0, NULL, '0'),
	(1887, '61749197', 'OLENKA ANAMILE', 'QUISPE LEIVA', NULL, NULL, 'M', '2009-10-08', '0', NULL, 'PERÚ', 0, 0, 0, NULL, '0'),
	(1888, '19191758', NULL, NULL, 'QUISPE SALDAÑA RICHARD ALONSO', '', 'Hombre', NULL, '0', '', 'PERÚ', 0, 0, 0, NULL, '0'),
	(1889, '61769516', 'ANDY RUBEN', 'RAVINES SANCHEZ', NULL, NULL, 'F', '2009-08-03', '0', NULL, 'PERÚ', 0, 0, 0, NULL, '0'),
	(1890, '48061079', NULL, NULL, 'SANCHEZ SUAREZ NELIDA', '', 'Mujer', NULL, '0', '', 'PERÚ', 0, 0, 0, NULL, '0'),
	(1891, '61769500', 'GABRIEL ADRIAN', 'RISCO CUBAS', NULL, NULL, 'F', '2009-08-12', '0', NULL, 'PERÚ', 0, 0, 0, NULL, '0'),
	(1892, '19323479', NULL, NULL, 'CUBAS MONTENEGRO MERLY CELINA', '', 'Mujer', NULL, '0', '', 'PERÚ', 0, 0, 0, NULL, '0'),
	(1893, '61749209', 'ARIANA ALESSANDRA', 'SANCHEZ LINARES', NULL, NULL, 'F', '2009-09-27', '0', NULL, 'PERÚ', 0, 0, 0, NULL, '0'),
	(1894, '19334036', NULL, NULL, 'LINARES PEREZ JESSICA MARIBEL', '', 'Mujer', NULL, '0', '', 'PERÚ', 0, 0, 0, NULL, '0'),
	(1895, '60040883', 'MARYORY ANITA', 'VARGAS MENDOZA', NULL, NULL, 'F', '2009-10-15', '0', NULL, 'PERÚ', 0, 0, 0, NULL, '0'),
	(1896, '28068335', NULL, NULL, 'MENDOZA CASTAÑEDA ISABEL COQUITA', '', 'Mujer', NULL, '0', '', 'PERÚ', 0, 0, 0, NULL, '0'),
	(1897, '61749241', 'KEREN AMEDALID', 'VERASTEGUI CHINGAY', NULL, NULL, 'F', '2009-10-08', '0', NULL, 'PERÚ', 0, 0, 0, NULL, '0'),
	(1898, '00000040', NULL, NULL, 'CHINGAY PAREDES RITA HAYDEE', '', 'Mujer', NULL, '0', '', 'PERÚ', 0, 0, 0, NULL, '0'),
	(1899, '61749130', 'PERLA BELEN', 'VERASTEGUI MALCA', NULL, NULL, 'F', '2009-09-09', '0', NULL, 'PERÚ', 0, 0, 0, NULL, '0'),
	(1900, '43621102', NULL, NULL, 'MALCA ALVAREZ DEYSY MIRTHA', '', 'Mujer', NULL, '0', '', 'PERÚ', 0, 0, 0, NULL, '0'),
	(1901, '62571671', 'SANDRO ESTEPHANO', 'VILCHEZ QUISPE', NULL, NULL, 'F', '2010-03-02', '0', NULL, 'PERÚ', 0, 0, 0, NULL, '0'),
	(1902, '19333677', NULL, NULL, 'QUISPE SANCHEZ DARLYN JANET', '', 'Mujer', NULL, '0', '', 'PERÚ', 0, 0, 0, NULL, '0'),
	(1903, '61822130', 'MANUEL MATIAS', 'AHUMADA CUEVA', NULL, NULL, 'F', '2009-07-04', '0', NULL, 'PERÚ', 0, 0, 0, NULL, '0'),
	(1904, '40123362', NULL, NULL, 'CUEVA DIAZ MILAGROS ESCOLASTICA', '', 'Mujer', NULL, '0', '', 'PERÚ', 0, 0, 0, NULL, '0'),
	(1905, '62352566', 'ARLITA MICAELA', 'BAZAN CHAVEZ', NULL, NULL, 'F', '2009-12-08', '0', NULL, 'PERÚ', 0, 0, 0, NULL, '0'),
	(1906, '19322128', NULL, NULL, 'CHAVEZ GAMARRA DE BAZAN ARLITA NOEMI', '', 'Mujer', NULL, '0', '', 'PERÚ', 0, 0, 0, NULL, '0'),
	(1907, '62352658', 'ESTEVEN JEANLUIGI', 'BRINGAS MESTANZA', NULL, NULL, 'F', '2010-01-03', '0', NULL, 'PERÚ', 0, 0, 0, NULL, '0'),
	(1908, '41692258', NULL, NULL, 'MESTANZA CERNA EDITA', '', 'Mujer', NULL, '0', '', 'PERÚ', 0, 0, 0, NULL, '0'),
	(1909, '73838070', 'CARLOS RAFAEL', 'CASTAÑEDA CIENFUEGOS', NULL, NULL, 'F', '2009-10-21', '0', NULL, 'PERÚ', 0, 0, 0, NULL, '0'),
	(1910, '44817095', NULL, NULL, 'CASTAÑEDA REVILLA HANNE MILAGROS', '', 'Mujer', NULL, '0', '318113', 'PERÚ', 0, 0, 0, NULL, '0'),
	(1911, '62352781', 'STIWARD JAMPIER', 'COBOS PISFIL', NULL, NULL, 'M', '2009-10-07', '0', NULL, 'PERÚ', 0, 0, 0, NULL, '0'),
	(1912, '41895371', NULL, NULL, 'COBOS REQUENA JIMY ESTIGUAR', '', 'Hombre', NULL, '0', '', 'PERÚ', 0, 0, 0, NULL, '0'),
	(1913, '73837997', 'GUILLERMO EDUARDO', 'DAVILA RODAS', NULL, NULL, 'F', '2009-10-21', '0', NULL, 'PERÚ', 0, 0, 0, NULL, '0'),
	(1914, '19337440', NULL, NULL, 'RODAS ELIAS DE DAVILA SILVIA MARCELA', '', 'Mujer', NULL, '0', '', 'PERÚ', 0, 0, 0, NULL, '0'),
	(1915, '61769259', 'XIOMARA BRIGITH', 'ESPINOZA QUIROZ', NULL, NULL, 'M', '2009-04-29', '0', NULL, 'PERÚ', 0, 0, 0, NULL, '0'),
	(1916, '00000049', NULL, NULL, 'ESPINOZA HERNANDEZ SEGUNDO VIRGILIO', '', 'Hombre', NULL, '0', '', 'PERÚ', 0, 0, 0, NULL, '0'),
	(1917, '61749065', 'CESIA NOEMI', 'MONTENEGRO VASQUEZ', NULL, NULL, 'F', '2009-08-16', '0', NULL, 'PERÚ', 0, 0, 0, NULL, '0'),
	(1918, '00000050', NULL, NULL, 'VASQUEZ VASQUEZ VASQUEZ', '', 'Mujer', NULL, '0', '', 'PERÚ', 0, 0, 0, NULL, '0'),
	(1919, '61749122', 'ANGIE GIMENA', 'MUÑOZ MORI', NULL, NULL, 'M', '2009-09-03', '0', NULL, 'PERÚ', 0, 0, 0, NULL, '0'),
	(1920, '44771701', NULL, NULL, 'MUÑOZ ÑAÑAQUE JUAN ELI', '', 'Hombre', NULL, '0', '', 'PERÚ', 0, 0, 0, NULL, '0'),
	(1921, '61769333', 'CARLOS RAUL', 'PACHERRE CRUZADO', NULL, NULL, 'M', '2009-05-28', '0', NULL, 'PERÚ', 0, 0, 0, NULL, '0'),
	(1922, '80358654', NULL, NULL, 'PACHERRE VALERA CARLOS ALBERTO', '', 'Hombre', NULL, '0', '', 'PERÚ', 0, 0, 0, NULL, '0'),
	(1923, '63771182', 'LUZ FERNANDA', 'PALACIOS CELIS', NULL, NULL, 'M', '2009-08-21', '0', NULL, 'PERÚ', 0, 0, 0, NULL, '0'),
	(1924, '47292904', NULL, NULL, 'ROMERO BARDALEZ LUIS KLAUS', '', 'Hombre', NULL, '0', '', 'PERÚ', 0, 0, 0, NULL, '0'),
	(1925, '62585144', 'ASTRID CAROLINA', 'PRETELL MUJICA', NULL, NULL, 'F', '2010-03-29', '0', NULL, 'PERÚ', 0, 0, 0, NULL, '0'),
	(1926, '19329907', NULL, NULL, 'MUJICA DIAZ FLOR MARIA', '', 'Mujer', NULL, '0', '', 'PERÚ', 0, 0, 0, NULL, '0'),
	(1927, '62585225', 'FABRIZZIO ESAU', 'QUIROZ CABANILLAS', NULL, NULL, 'M', '2010-03-29', '0', NULL, 'PERÚ', 0, 0, 0, NULL, '0'),
	(1928, '41622095', NULL, NULL, 'QUIROZ GALVEZ HUGO JIMMY', '', 'Hombre', NULL, '0', '', 'PERÚ', 0, 0, 0, NULL, '0'),
	(1929, '61769357', 'JUAN DAVID', 'QUIROZ CHUQUILIN', NULL, NULL, 'F', '2009-06-04', '0', NULL, 'PERÚ', 0, 0, 0, NULL, '0'),
	(1930, '19333391', NULL, NULL, 'CHUQUILIN PAICO ROXANA JACQUELINE', '', 'Mujer', NULL, '0', '', 'PERÚ', 0, 0, 0, NULL, '0'),
	(1931, '60331839', 'PAOLA NOELLA', 'RAMIREZ ESPINOZA', NULL, NULL, 'M', '2009-06-09', '0', NULL, 'PERÚ', 0, 0, 0, NULL, '0'),
	(1932, '00000057', NULL, NULL, 'RAMIREZ MALCA FRANKLIN', '', 'Hombre', NULL, '0', '', 'PERÚ', 0, 0, 0, NULL, '0'),
	(1933, '61810229', 'JHONATAN JESUS', 'REATEGUI RUIZ', NULL, NULL, 'F', '2009-04-22', '0', NULL, 'PERÚ', 0, 0, 0, NULL, '0'),
	(1934, '00000058', NULL, NULL, 'RUIZ FLORES SARA', '', 'Mujer', NULL, '0', '', 'PERÚ', 0, 0, 0, NULL, '0'),
	(1935, '61769380', 'MAICOL DAHILOR', 'RICO SANCHEZ', NULL, NULL, 'F', '2009-06-16', '0', NULL, 'PERÚ', 0, 0, 0, NULL, '0'),
	(1936, '46959709', NULL, NULL, 'SANCHEZ BECERRA FLOR LINLI', '', 'Mujer', NULL, '0', '', 'PERÚ', 0, 0, 0, NULL, '0'),
	(1937, '62585207', 'PABLO ANDERSON', 'RODRIGUEZ VARGAS', NULL, NULL, 'M', '2010-02-10', '0', NULL, 'PERÚ', 0, 0, 0, NULL, '0'),
	(1938, '44440868', NULL, NULL, 'RODRIGUEZ AGUILAR JUAN PABLO', '', 'Hombre', NULL, '0', '', 'PERÚ', 0, 0, 0, NULL, '0'),
	(1939, '74101745', 'ANGELO FRANCESCO', 'RONCEROS ALFARO', NULL, NULL, 'F', '2010-02-22', '0', NULL, 'PERÚ', 0, 0, 0, NULL, '0'),
	(1940, '00000061', NULL, NULL, 'ALFARO HOYOS MILI VICTORIA', '', 'Mujer', NULL, '0', '943331019', 'PERÚ', 0, 0, 0, NULL, '0'),
	(1941, '73394907', 'MATHIAS RODRIGO', 'SALCEDO DIAZ', NULL, NULL, 'F', '2009-05-04', '0', NULL, 'PERÚ', 0, 0, 0, NULL, '0'),
	(1942, '45908908', NULL, NULL, 'DIAZ RODAS INGRID DENICE', '', 'Mujer', NULL, '0', '', 'PERÚ', 0, 0, 0, NULL, '0'),
	(1943, '62352572', 'NADIA VIVIANA', 'SALDAÑA CASTAÑEDA', NULL, NULL, 'M', '2009-11-26', '0', NULL, 'PERÚ', 0, 0, 0, NULL, '0'),
	(1944, '44252474', NULL, NULL, 'SALDAÑA CUZCO JULIO CESAR', '', 'Hombre', NULL, '0', '', 'PERÚ', 0, 0, 0, NULL, '0'),
	(1945, '61890822', 'MILENA', 'SEGURA JAMBO', NULL, NULL, 'M', '2009-09-09', '0', NULL, 'PERÚ', 0, 0, 0, NULL, '0'),
	(1946, '41531924', NULL, NULL, 'SEGURA MEDINA PEDRO MIGUEL', '', 'Hombre', NULL, '0', '', 'PERÚ', 0, 0, 0, NULL, '0'),
	(1947, '62352712', 'BRIANA MEDALY', 'SUAREZ GALLARDO', NULL, NULL, 'F', '2010-01-19', '0', NULL, 'PERÚ', 0, 0, 0, NULL, '0'),
	(1948, '40149705', NULL, NULL, 'GALLARDO VASQUEZ RUT ANITA', '', 'Mujer', NULL, '0', '', 'PERÚ', 0, 0, 0, NULL, '0'),
	(1949, '61543448', 'YANELLY FERNANDA', 'TORRES GONZALES', NULL, NULL, 'F', '2009-05-06', '0', NULL, 'PERÚ', 0, 0, 0, NULL, '0'),
	(1950, '48212048', NULL, NULL, 'GONZALES PEÑA ESTELA FERNANDA', '', 'Mujer', NULL, '0', '', 'PERÚ', 0, 0, 0, NULL, '0'),
	(1951, '61749168', 'MARICIELO FERNANDA', 'VASQUEZ CRUZADO', NULL, NULL, 'F', '2009-09-30', '0', NULL, 'PERÚ', 0, 0, 0, NULL, '0'),
	(1952, '19334226', NULL, NULL, 'CRUZADO AGUILAR MARIA DEL PILAR', '', 'Mujer', NULL, '0', '', 'PERÚ', 0, 0, 0, NULL, '0'),
	(1953, '61749248', 'EDUARDO FRANCO', 'VASQUEZ GAMARRA', NULL, NULL, 'F', '2009-09-09', '0', NULL, 'PERÚ', 0, 0, 0, NULL, '0'),
	(1954, '19327460', NULL, NULL, 'GAMARRA PAREDES JANET CRISTINA', '', 'Mujer', NULL, '0', '948111720', 'PERÚ', 0, 0, 0, NULL, '0'),
	(1955, '63334384', 'DAYRON GENARO', 'ZELADA VASQUEZ', NULL, NULL, 'F', '2009-08-17', '0', NULL, 'PERÚ', 0, 0, 0, NULL, '0'),
	(1956, '48253971', NULL, NULL, 'VASQUEZ MUÑOZ JHOVANA', '', 'Mujer', NULL, '0', '', 'PERÚ', 0, 0, 0, NULL, '0'),
	(1957, '61769255', 'VICKY AZUCENA', 'ALVITRES RODAS', NULL, NULL, 'M', '2009-05-04', '0', NULL, 'PERÚ', 0, 0, 0, NULL, '0'),
	(1958, '41275881', NULL, NULL, 'ALVITRES MENDOZA MARLON JOEL', '', 'Hombre', NULL, '0', '999882397', 'PERÚ', 0, 0, 0, NULL, '0'),
	(1959, '62352662', 'EDWARD ESAU', 'AMAYA CUBAS', NULL, NULL, 'M', '2009-12-05', '0', NULL, 'PERÚ', 0, 0, 0, NULL, '0'),
	(1960, '00000071', NULL, NULL, 'AMAYA JAVIER JUAN CARLOS', '', 'Hombre', NULL, '0', '', 'PERÚ', 0, 0, 0, NULL, '0'),
	(1961, '62745956', 'KEVIN ARTURO', 'ARRIETA ROMERO', NULL, NULL, 'F', '2009-05-28', '0', NULL, 'PERÚ', 0, 0, 0, NULL, '0'),
	(1962, '45960148', NULL, NULL, 'ROMERO MANOSALVA MILAGROS AURORA', '', 'Mujer', NULL, '0', '', 'PERÚ', 0, 0, 0, NULL, '0'),
	(1963, '62078078', 'JHOSTYN JEREMY', 'COBEÑA TAFUR', NULL, NULL, 'F', '2009-10-10', '0', NULL, 'PERÚ', 0, 0, 0, NULL, '0'),
	(1964, '42950134', NULL, NULL, 'TAFUR ABANTO GLADYS DAMIANA', '', 'Mujer', NULL, '0', '964045160', 'PERÚ', 0, 0, 0, NULL, '0'),
	(1965, '61769536', 'DAJANNA ESTHER', 'GALVEZ MALCA', NULL, NULL, 'F', '2009-08-17', '0', NULL, 'PERÚ', 0, 0, 0, NULL, '0'),
	(1966, '19329613', NULL, NULL, 'MALCA VASQUEZ OLGA ESTHER', '', 'Mujer', NULL, '0', '', 'PERÚ', 0, 0, 0, NULL, '0'),
	(1967, '62352695', 'PABLO DAVID', 'GUERRA MONTALVAN', NULL, NULL, 'F', '2010-01-21', '0', NULL, 'PERÚ', 0, 0, 0, NULL, '0'),
	(1968, '40188497', NULL, NULL, 'MONTALVAN MELENDEZ SARA NOEMI', '', 'Mujer', NULL, '0', '', 'PERÚ', 0, 0, 0, NULL, '0'),
	(1969, '61769354', 'FREDDY JOSUE', 'HERNANDEZ THERAN', NULL, NULL, 'F', '2009-06-03', '0', NULL, 'PERÚ', 0, 0, 0, NULL, '0'),
	(1970, '42635644', NULL, NULL, 'THERAN CABANILLAS EVELYN LIZETH RAMOS', '', 'Mujer', NULL, '0', '', 'PERÚ', 0, 0, 0, NULL, '0'),
	(1971, '62611464', 'MAGALY ROCIO', 'HUACCHA ESTACIO', NULL, NULL, 'M', '2009-12-15', '0', NULL, 'PERÚ', 0, 0, 0, NULL, '0'),
	(1972, '40812178', NULL, NULL, 'HUACCHA CASTREJON JOEL', '', 'Hombre', NULL, '0', '', 'PERÚ', 0, 0, 0, NULL, '0'),
	(1973, '62077506', 'DAMARIS BRIYIT', 'LARA PANTA', NULL, NULL, 'M', '2009-08-15', '0', NULL, 'PERÚ', 0, 0, 0, NULL, '0'),
	(1974, '42566908', NULL, NULL, 'LARA DIAZ FREDDY ORLANDO', '', 'Hombre', NULL, '0', '', 'PERÚ', 0, 0, 0, NULL, '0'),
	(1975, '62662297', 'XAVIER DE JESUS', 'LINGAN PISFIL', NULL, NULL, 'M', '2009-04-30', '0', NULL, 'PERÚ', 0, 0, 0, NULL, '0'),
	(1976, '42109746', NULL, NULL, 'LINGAN FERNANDEZ VIRGILIO MICHEL', '', 'Hombre', NULL, '0', '', 'PERÚ', 0, 0, 0, NULL, '0'),
	(1977, '62349803', 'PIERO JOSEPH', 'MENDOZA ABANTO', NULL, NULL, 'F', '2009-11-21', '0', NULL, 'PERÚ', 0, 0, 0, NULL, '0'),
	(1978, '00000080', NULL, NULL, 'ABANTO CUEVA ELENA VICTORIA', '', 'Mujer', NULL, '0', '*0104276', 'PERÚ', 0, 0, 0, NULL, '0'),
	(1979, '61769509', 'JAIRO LIONEL', 'MENDOZA BUSTAMANTE', NULL, NULL, 'M', '2009-08-18', '0', NULL, 'PERÚ', 0, 0, 0, NULL, '0'),
	(1980, '00000081', NULL, NULL, 'MENDOZA ACUÑA ALMILCAR HUMBERTO', '', 'Hombre', NULL, '0', '', 'PERÚ', 0, 0, 0, NULL, '0'),
	(1981, '61769308', 'INDIRA SELENE', 'MIRANDA VILCHEZ', NULL, NULL, 'F', '2009-06-02', '0', NULL, 'PERÚ', 0, 0, 0, NULL, '0'),
	(1982, '46741776', NULL, NULL, 'VILCHEZ CUESTAS LIDIA GENOVEVA', '', 'Mujer', NULL, '0', '960920364', 'PERÚ', 0, 0, 0, NULL, '0'),
	(1983, '61769226', 'LORENT GRACE', 'NAMOC FLORES', NULL, NULL, 'M', '2009-04-27', '0', NULL, 'PERÚ', 0, 0, 0, NULL, '0'),
	(1984, '19333895', NULL, NULL, 'NAMOC VILLEGAS JORGE LUIS', '', 'Hombre', NULL, '0', '977287723', 'PERÚ', 0, 0, 0, NULL, '0'),
	(1985, '62585116', 'YASUMI MAYLEE', 'NARVA FLORES', NULL, NULL, 'M', '2010-03-19', '0', NULL, 'PERÚ', 0, 0, 0, NULL, '0'),
	(1986, '19337230', NULL, NULL, 'NARVA CRUZADO JHONNY MANFREDY', '', 'Hombre', NULL, '0', '', 'PERÚ', 0, 0, 0, NULL, '0'),
	(1987, '61769149', 'WILLIAM FABIAN', 'PEREZ HUANGAL', NULL, NULL, 'F', '2009-04-07', '0', NULL, 'PERÚ', 0, 0, 0, NULL, '0'),
	(1988, '19211539', NULL, NULL, 'HUANGAL TARRILLO DE PEREZ ALICIA AUGUSTA', '', 'Mujer', NULL, '0', '', 'PERÚ', 0, 0, 0, NULL, '0'),
	(1989, '61749274', 'MELANIE AYLEEN', 'QUITO DIAZ', NULL, NULL, 'M', '2009-10-21', '0', NULL, 'PERÚ', 0, 0, 0, NULL, '0'),
	(1990, '19337334', NULL, NULL, 'QUITO VASQUEZ JOSE GERARDO', '', 'Hombre', NULL, '0', '949801512', 'PERÚ', 0, 0, 0, NULL, '0'),
	(1991, '61769494', 'JESUS ADRIANO', 'ROMERO SOLANO', NULL, NULL, 'M', '2009-07-04', '0', NULL, 'PERÚ', 0, 0, 0, NULL, '0'),
	(1992, '42997330', NULL, NULL, 'ROMERO VASQUEZ FERNANDO RIGOBERTO', '', 'Hombre', NULL, '0', '', 'PERÚ', 0, 0, 0, NULL, '0'),
	(1993, '74108771', 'RONALD ALEXANDER', 'SOLANO GOMEZ', NULL, NULL, 'M', '2010-03-08', '0', NULL, 'PERÚ', 0, 0, 0, NULL, '0'),
	(1994, '00000088', NULL, NULL, 'SOLANO QUISPE LITO RONAL', '', 'Hombre', NULL, '0', '', 'PERÚ', 0, 0, 0, NULL, '0'),
	(1995, '61769324', 'EDWIN ADRIAN JHAFET', 'TERRONES KUSAKABE', NULL, NULL, 'F', '2009-06-03', '0', NULL, 'PERÚ', 0, 0, 0, NULL, '0'),
	(1996, '45502091', NULL, NULL, 'KUSAKABE RENGIFO DORA AURELIA', '', 'Mujer', NULL, '0', '929048329', 'PERÚ', 0, 0, 0, NULL, '0'),
	(1997, '61769318', 'LUIS ANTONI', 'TERRONES NINAQUISPE', NULL, NULL, 'F', '2009-05-20', '0', NULL, 'PERÚ', 0, 0, 0, NULL, '0'),
	(1998, '43350635', NULL, NULL, 'NINAQUISPE CERNA GLADYS ROXANA', '', 'Mujer', NULL, '0', '', 'PERÚ', 0, 0, 0, NULL, '0'),
	(1999, '63334308', 'TAYLOR JIMMY', 'TIMANA SILVA', NULL, NULL, 'M', '2009-12-31', '0', NULL, 'PERÚ', 0, 0, 0, NULL, '0'),
	(2000, '46361665', NULL, NULL, 'TIMANA CHAVEZ JAVIER ALEXANDER', '', 'Hombre', NULL, '0', '', 'PERÚ', 0, 0, 0, NULL, '0'),
	(2001, '61769435', 'FABIANA ELIZABETH', 'TULLUME CABANILLAS', NULL, NULL, 'F', '2009-07-04', '0', NULL, 'PERÚ', 0, 0, 0, NULL, '0'),
	(2002, '19326318', NULL, NULL, 'CABANILLAS VASQUEZ AMPARO YULISA', '', 'Mujer', NULL, '0', '', 'PERÚ', 0, 0, 0, NULL, '0'),
	(2003, '62352636', 'SOFIA NATANIEL', 'UCEDA CESPEDES', NULL, NULL, 'M', '2009-12-12', '0', NULL, 'PERÚ', 0, 0, 0, NULL, '0'),
	(2004, '19322847', NULL, NULL, 'UCEDA SAMAN VICTOR HUGO', '', 'Hombre', NULL, '0', '', 'PERÚ', 0, 0, 0, NULL, '0'),
	(2005, '61924886', 'KEVIN TIAGO', 'VALDERRAMA PAOLI', NULL, NULL, 'M', '2009-12-23', '0', NULL, 'PERÚ', 0, 0, 0, NULL, '0'),
	(2006, '00000094', NULL, NULL, 'VALDERRAMA BRIONES KEVIN WILSON', '', 'Hombre', NULL, '0', '797330 / 980168008', 'PERÚ', 0, 0, 0, NULL, '0'),
	(2007, '61877937', 'ALEXSA FERNANDA', 'VASQUEZ FLORES', NULL, NULL, 'M', '2009-09-14', '0', NULL, 'PERÚ', 0, 0, 0, NULL, '0'),
	(2008, '42675317', NULL, NULL, 'VASQUEZ ALVARADO CARLOS ALBERTO', '', 'Hombre', NULL, '0', '', 'PERÚ', 0, 0, 0, NULL, '0'),
	(2009, '62352821', 'ISAAC SALOMON', 'VASQUEZ SANCHEZ', NULL, NULL, 'M', '2010-02-11', '0', NULL, 'PERÚ', 0, 0, 0, NULL, '0'),
	(2010, '00000096', NULL, NULL, 'VASQUEZ RIOS KIMER', '', 'Hombre', NULL, '0', '', 'PERÚ', 0, 0, 0, NULL, '0'),
	(2011, '62580686', 'KATE JULISSA', 'VEGA VASQUEZ', NULL, NULL, 'F', '2010-03-09', '0', NULL, 'PERÚ', 0, 0, 0, NULL, '0'),
	(2012, '70245350', NULL, NULL, 'VASQUEZ DIAZ JULISSA YURIKO', '', 'Mujer', NULL, '0', '', 'PERÚ', 0, 0, 0, NULL, '0'),
	(2013, '61769132', 'KIARA MARIEL', 'ACUÑA HERNANDEZ', NULL, NULL, 'M', '2009-04-04', '0', NULL, 'PERÚ', 0, 0, 0, NULL, '0'),
	(2014, '40410477', NULL, NULL, 'ACUÑA RAMOS JORGE FERNANDO', '', 'Hombre', NULL, '0', '', 'PERÚ', 0, 0, 0, NULL, '0'),
	(2015, '63008793', 'JEANCARLOS', 'AVILA CHAVEZ', NULL, NULL, 'M', '2010-02-03', '0', NULL, 'PERÚ', 0, 0, 0, NULL, '0'),
	(2016, '42022051', NULL, NULL, 'AVILA ORTIZ SEGUNDO CARLOS', '', 'Hombre', NULL, '0', '', 'PERÚ', 0, 0, 0, NULL, '0'),
	(2017, '61769341', 'FIORELLA BRIGITH', 'BALQUE VASQUEZ', NULL, NULL, 'F', '2009-05-31', '0', NULL, 'PERÚ', 0, 0, 0, NULL, '0'),
	(2018, '00000100', NULL, NULL, 'VASQUEZ CERCADO MARIA GLADYS', '', 'Mujer', NULL, '0', '', 'PERÚ', 0, 0, 0, NULL, '0'),
	(2019, '62585050', 'JUAN JOSE EMANUEL', 'BARBOZA BAUTISTA', NULL, NULL, 'F', '2010-03-09', '0', NULL, 'PERÚ', 0, 0, 0, NULL, '0'),
	(2020, '41016123', NULL, NULL, 'BAUTISTA QUISPE CHARITO NOEMI', '', 'Mujer', NULL, '0', '', 'PERÚ', 0, 0, 0, NULL, '0'),
	(2021, '63008734', 'FRANK ARNOLD', 'CABANILLAS MENDOZA', NULL, NULL, 'M', '2009-12-18', '0', NULL, 'PERÚ', 0, 0, 0, NULL, '0'),
	(2022, '19321719', NULL, NULL, 'CABANILLAS SANCHEZ LENIN MANUEL', '', 'Hombre', NULL, '0', '', 'PERÚ', 0, 0, 0, NULL, '0'),
	(2023, '74004932', 'ALISSON ANTUANE', 'CABRERA PERALTA', NULL, NULL, 'M', '2010-01-20', '0', NULL, 'PERÚ', 0, 0, 0, NULL, '0'),
	(2024, '19323267', NULL, NULL, 'CABRERA CIEZA JORGE LUIS', '', 'Hombre', NULL, '0', '', 'PERÚ', 0, 0, 0, NULL, '0'),
	(2025, '63771115', 'JOSE LUIS', 'CARRASCO RAMOS', NULL, NULL, 'F', '2009-07-02', '0', NULL, 'PERÚ', 0, 0, 0, NULL, '0'),
	(2026, '43052667', NULL, NULL, 'RAMOS SANCHEZ TANIA LISBET', '', 'Mujer', NULL, '0', '', 'PERÚ', 0, 0, 0, NULL, '0'),
	(2027, '62146503', 'AMADO JOSE', 'CERCADO CHUAN', NULL, NULL, 'F', '2010-02-03', '0', NULL, 'PERÚ', 0, 0, 0, NULL, '0'),
	(2028, '00000105', NULL, NULL, 'CHUAN LIMAY MARÍA LILIANA', '', 'Mujer', NULL, '0', '', 'PERÚ', 0, 0, 0, NULL, '0'),
	(2029, '61769541', 'BLANCA SUJEY', 'CERNA SATO', NULL, NULL, 'M', '2009-09-02', '0', NULL, 'PERÚ', 0, 0, 0, NULL, '0'),
	(2030, '40781243', NULL, NULL, 'CERNA POMA JORGE LUIS', '', 'Hombre', NULL, '0', '', 'PERÚ', 0, 0, 0, NULL, '0'),
	(2031, '61769537', 'ANHELY KARLA MARIA', 'CHAFLOQUE CHAMAYA', NULL, NULL, 'M', '2009-08-18', '0', NULL, 'PERÚ', 0, 0, 0, NULL, '0'),
	(2032, '19194129', NULL, NULL, 'CHAFLOQUE NECIOSUP CARLOS ALBERTO', '', 'Hombre', NULL, '0', '', 'PERÚ', 0, 0, 0, NULL, '0'),
	(2033, '61769161', 'EDDY ADRIAN', 'COLINA PURISACA', NULL, NULL, 'F', '2009-04-04', '0', NULL, 'PERÚ', 0, 0, 0, NULL, '0'),
	(2034, '42446255', NULL, NULL, 'PURISACA HIDROGO ERIKA LIZET', '', 'Mujer', NULL, '0', '', 'PERÚ', 0, 0, 0, NULL, '0'),
	(2035, '62352701', 'BRUNO RENATO', 'CONDOR ZAFRA', NULL, NULL, 'M', '2010-01-11', '0', NULL, 'PERÚ', 0, 0, 0, NULL, '0'),
	(2036, '19198471', NULL, NULL, 'CONDOR ADAN JUAN GEOVANNI', '', 'Hombre', NULL, '0', '', 'PERÚ', 0, 0, 0, NULL, '0'),
	(2037, '61749215', 'JOSUE MOISES', 'ESPINOZA MALCA', NULL, NULL, 'F', '2009-10-08', '0', NULL, 'PERÚ', 0, 0, 0, NULL, '0'),
	(2038, '19321366', NULL, NULL, 'MALCA SUAREZ DE ESPINOZA OLIVIA MARILU', '', 'Mujer', NULL, '0', '', 'PERÚ', 0, 0, 0, NULL, '0'),
	(2039, '62352659', 'MATIAS ALEJANDRO', 'FLORES CROVETTO', NULL, NULL, 'F', '2009-12-14', '0', NULL, 'PERÚ', 0, 0, 0, NULL, '0'),
	(2040, '47017197', NULL, NULL, 'CROVETTO MUÑOZ SABINA ANABEL', '', 'Mujer', NULL, '0', '044565610', 'PERÚ', 0, 0, 0, NULL, '0'),
	(2041, '62352561', 'STEVEN FRANCESCO', 'GALLARDO SANCHEZ', NULL, NULL, 'F', '2009-11-16', '0', NULL, 'PERÚ', 0, 0, 0, NULL, '0'),
	(2042, '40576639', NULL, NULL, 'SANCHEZ HERNANDEZ ROSY VERONICA', '', 'Mujer', NULL, '0', '', 'PERÚ', 0, 0, 0, NULL, '0'),
	(2043, '62352562', 'ERIKA NICOL', 'JUAQUIN NUÑEZ', NULL, NULL, 'F', '2009-11-14', '0', NULL, 'PERÚ', 0, 0, 0, NULL, '0'),
	(2044, '46959690', NULL, NULL, 'NUÑEZ DIAZ CINTHIA CAROLA', '', 'Mujer', NULL, '0', '', 'PERÚ', 0, 0, 0, NULL, '0'),
	(2045, '61749317', 'BRITHNEY JIMENA', 'LLEPEN MONTENEGRO', NULL, NULL, 'M', '2009-11-14', '0', NULL, 'PERÚ', 0, 0, 0, NULL, '0'),
	(2046, '45921726', NULL, NULL, 'LLEPEN BAZAN WILSON ALAMIRO', '', 'Hombre', NULL, '0', '', 'PERÚ', 0, 0, 0, NULL, '0'),
	(2047, '62151051', 'ALEXA ABIGAIL', 'MACHUCA OLIVERA', NULL, NULL, 'F', '2009-04-18', '0', NULL, 'PERÚ', 0, 0, 0, NULL, '0'),
	(2048, '00000115', NULL, NULL, 'OLIVERA VASQUEZ LADY ANALI', '', 'Mujer', NULL, '0', '', 'PERÚ', 0, 0, 0, NULL, '0'),
	(2049, '61769449', 'ANGEL ABEL', 'MENDOZA UYPAN', NULL, NULL, 'F', '2009-07-13', '0', NULL, 'PERÚ', 0, 0, 0, NULL, '0'),
	(2050, '46909165', NULL, NULL, 'UYPAN NUÑEZ ROXANA ELIZABETH', '', 'Mujer', NULL, '0', '990687080', 'PERÚ', 0, 0, 0, NULL, '0'),
	(2051, '91750842', 'LUIS JOAN', 'QUIROZ SESEKA', NULL, NULL, 'F', '2009-07-09', '0', NULL, 'PERÚ', 0, 0, 0, NULL, '0'),
	(2052, 'B274010', NULL, NULL, 'SESEKA SESEKA ANNIE BETTY', '', 'Mujer', NULL, '0', '', 'PERÚ', 0, 0, 0, NULL, '0'),
	(2053, '62352793', 'CRISTOPHER VALENTINO', 'RAMIREZ CHALAN', NULL, NULL, 'M', '2010-02-26', '0', NULL, 'PERÚ', 0, 0, 0, NULL, '0'),
	(2054, '44188425', NULL, NULL, 'RAMIREZ OLIVA LUISIN JACOBO', '', 'Hombre', NULL, '0', '', 'PERÚ', 0, 0, 0, NULL, '0'),
	(2055, '62585164', 'CARLOS FABIAN ALEXANDER', 'TEJADA DAVILA', NULL, NULL, 'M', '2010-03-28', '0', NULL, 'PERÚ', 0, 0, 0, NULL, '0'),
	(2056, '41743000', NULL, NULL, 'TEJADA VASQUEZ JUAN CARLOS', '', 'Hombre', NULL, '0', '', 'PERÚ', 0, 0, 0, NULL, '0'),
	(2057, '62352805', 'QUESLI AILIN', 'TORRES ROMERO', NULL, NULL, 'M', '2010-02-06', '0', NULL, 'PERÚ', 0, 0, 0, NULL, '0'),
	(2058, '27975777', NULL, NULL, 'TORRES SUAREZ SEGUNDO JUAN', '', 'Hombre', NULL, '0', '', 'PERÚ', 0, 0, 0, NULL, '0'),
	(2059, '61918758', 'DIEGO', 'TORRES SALAS', NULL, NULL, 'F', '2009-11-23', '0', NULL, 'PERÚ', 0, 0, 0, NULL, '0'),
	(2060, '42465939', NULL, NULL, 'SALAS BARRERA JAQUELINE', '', 'Mujer', NULL, '0', '', 'PERÚ', 0, 0, 0, NULL, '0'),
	(2061, '61769518', 'JONATHAN ISAI', 'VARGAS CALLA', NULL, NULL, 'F', '2009-08-14', '0', NULL, 'PERÚ', 0, 0, 0, NULL, '0'),
	(2062, '41776519', NULL, NULL, 'CALLA VILCHEZ SHEYMI MARILYN', '', 'Mujer', NULL, '0', '', 'PERÚ', 0, 0, 0, NULL, '0'),
	(2063, '62352687', 'ROMINA NAHOMI', 'VARGAS RAMIREZ', NULL, NULL, 'F', '2010-01-05', '0', NULL, 'PERÚ', 0, 0, 0, NULL, '0'),
	(2064, '44211449', NULL, NULL, 'RAMIREZ HONORIO DEYSI VANESSA', '', 'Mujer', NULL, '0', '', 'PERÚ', 0, 0, 0, NULL, '0'),
	(2065, '62585146', 'LUANA VALENTINA', 'VASQUEZ ESPINOZA', NULL, NULL, 'F', '2010-03-31', '0', NULL, 'PERÚ', 0, 0, 0, NULL, '0'),
	(2066, '00000124', NULL, NULL, 'ESPINOZA VASQUEZ MARA ARELI', '', 'Mujer', NULL, '0', '586309', 'PERÚ', 0, 0, 0, NULL, '0'),
	(2067, '61769407', 'ANJELLY NOEMI', 'VILLANUEVA SALDAÑA', NULL, NULL, 'F', '2009-05-30', '0', NULL, 'PERÚ', 0, 0, 0, NULL, '0'),
	(2068, '47941102', NULL, NULL, 'SALDAÑA BECERRA KATYA ELIZABETH', '', 'Mujer', NULL, '0', '964870327', 'PERÚ', 0, 0, 0, NULL, '0'),
	(2069, '62585053', 'MARIO JOSE ANTONIO', 'YNOÑAN CABANILLAS', NULL, NULL, 'F', '2010-02-25', '0', NULL, 'PERÚ', 0, 0, 0, NULL, '0'),
	(2070, '19324653', NULL, NULL, 'CABANILLAS CELIS GLORIA HAYDEE', '', 'Mujer', NULL, '0', '', 'PERÚ', 0, 0, 0, NULL, '0'),
	(2071, '73913615', 'ANGELO ANDRES', 'ABANTO CHANCAFE', NULL, NULL, 'F', '2009-12-04', '0', NULL, 'PERÚ', 0, 0, 0, NULL, '0'),
	(2072, '00000127', NULL, NULL, 'CHANCAFE VASQUEZ DARCY ARACELA', '', 'Mujer', NULL, '0', '', 'PERÚ', 0, 0, 0, NULL, '0'),
	(2073, '61769421', 'FABRIZZIO EMANUEL', 'AMAYA MARRERO', NULL, NULL, 'M', '2009-06-22', '0', NULL, 'PERÚ', 0, 0, 0, NULL, '0'),
	(2074, '40205256', NULL, NULL, 'AMAYA ESPINOZA WILLAN ALAMIRO', '', 'Hombre', NULL, '0', '', 'PERÚ', 0, 0, 0, NULL, '0'),
	(2075, '73291262', 'ANDREA', 'ANTINORI NORIEGA', NULL, NULL, 'F', '2009-05-11', '0', NULL, 'PERÚ', 0, 0, 0, NULL, '0'),
	(2076, '42170087', NULL, NULL, 'NORIEGA BUSTAMANTE SINAI', '', 'Mujer', NULL, '0', '', 'PERÚ', 0, 0, 0, NULL, '0'),
	(2077, '73909797', 'HYRUM ANDREÉ', 'ARCE MONTERO', NULL, NULL, 'F', '2009-09-20', '0', NULL, 'PERÚ', 0, 0, 0, NULL, '0'),
	(2078, '47331387', NULL, NULL, 'MONTERO GUARNIZ KAREN GISELL', '', 'Mujer', NULL, '0', '', 'PERÚ', 0, 0, 0, NULL, '0'),
	(2079, '74014188', 'GABRIELA SOFÍA', 'BOBADILLA VARGAS', NULL, NULL, 'F', '2010-01-22', '0', NULL, 'PERÚ', 0, 0, 0, NULL, '0'),
	(2080, '00000131', NULL, NULL, 'VARGAS SERRANO LIZ INDIRA', '', 'Mujer', NULL, '0', '', 'PERÚ', 0, 0, 0, NULL, '0'),
	(2081, '61769302', 'ANDERSON OMAR', 'CABANILLAS NECIOSUP', NULL, NULL, 'F', '2009-05-30', '0', NULL, 'PERÚ', 0, 0, 0, NULL, '0'),
	(2082, '45797186', NULL, NULL, 'NECIOSUP ODAR PETRONILA MILAGROS', '', 'Mujer', NULL, '0', '450513101', 'PERÚ', 0, 0, 0, NULL, '0'),
	(2083, '62352750', 'ANTHONY JOEL', 'CASTILLO BOA', NULL, NULL, 'F', '2010-02-02', '0', NULL, 'PERÚ', 0, 0, 0, NULL, '0'),
	(2084, '41004589', NULL, NULL, 'BOA RAMIREZ SANDRA HAYDEE', '', 'Mujer', NULL, '0', '', 'PERÚ', 0, 0, 0, NULL, '0'),
	(2085, '61769146', 'MOISES ALEXANDER', 'CASTRO AZAÑERO', NULL, NULL, 'F', '2009-04-04', '0', NULL, 'PERÚ', 0, 0, 0, NULL, '0'),
	(2086, '41934042', NULL, NULL, 'AZAÑERO GALLARDO MARIA ISABEL', '', 'Mujer', NULL, '0', '', 'PERÚ', 0, 0, 0, NULL, '0'),
	(2087, '61749230', 'ANGEL HIROSHI', 'CHOLAN CASTAÑEDA', NULL, NULL, 'F', '2009-10-18', '0', NULL, 'PERÚ', 0, 0, 0, NULL, '0'),
	(2088, '46372766', NULL, NULL, 'CASTAÑEDA CHAVARRY CINTHYA KATHERIN', '', 'Mujer', NULL, '0', '', 'PERÚ', 0, 0, 0, NULL, '0'),
	(2089, '62585163', 'JARED JOCSAN', 'CHUAN JUAREZ', NULL, NULL, 'F', '2009-09-05', '0', NULL, 'PERÚ', 0, 0, 0, NULL, '0'),
	(2090, '00000136', NULL, NULL, 'JUAREZ HERRERA MILAGROS TATIANA', '', 'Mujer', NULL, '0', '961413765', 'PERÚ', 0, 0, 0, NULL, '0'),
	(2091, '61478816', 'MARCO ANTONIO FABIAN', 'CORREA ESPINOZA', NULL, NULL, 'F', '2008-10-21', '0', NULL, 'PERÚ', 0, 0, 0, NULL, '0'),
	(2092, '41515681', NULL, NULL, 'ESPINOZA PORTOCARRERO VIVIANA MARINA', '', 'Mujer', NULL, '0', '', 'PERÚ', 0, 0, 0, NULL, '0'),
	(2093, '61648847', 'EMERSON YAIR', 'DE LA CRUZ BECERRA', NULL, NULL, 'M', '2009-05-20', '0', NULL, 'PERÚ', 0, 0, 0, NULL, '0'),
	(2094, '42218821', NULL, NULL, 'DE LA CRUZ NINAQUISPE ELVER', '', 'Hombre', NULL, '0', '', 'PERÚ', 0, 0, 0, NULL, '0'),
	(2095, '62531919', 'DAYANNA MARIA', 'DIAZ QUISPE', NULL, NULL, 'F', '2010-02-05', '0', NULL, 'PERÚ', 0, 0, 0, NULL, '0'),
	(2096, '19336951', NULL, NULL, 'QUISPE TEJADA KELY HAYDEE', '', 'Mujer', NULL, '0', '', 'PERÚ', 0, 0, 0, NULL, '0'),
	(2097, '61769204', 'DAYRON YOSEMAAR', 'ESCALANTE BARDALES', NULL, NULL, 'M', '2009-04-08', '0', NULL, 'PERÚ', 0, 0, 0, NULL, '0'),
	(2098, '41692261', NULL, NULL, 'ESCALANTE PISFIL DEYVI FRANKLIN', '', 'Hombre', NULL, '0', '', 'PERÚ', 0, 0, 0, NULL, '0'),
	(2099, '61605680', 'NATHANIEL ISABEL', 'ESCOBEDO CHACON', NULL, NULL, 'F', '2010-02-08', '0', NULL, 'PERÚ', 0, 0, 0, NULL, '0'),
	(2100, '00000141', NULL, NULL, 'CHACON ESPINOZA RISSEL LINTINA', '', 'Mujer', NULL, '0', '', 'PERÚ', 0, 0, 0, NULL, '0'),
	(2101, '62352814', 'JIMENA SUJEY', 'ESPINOZA HERNANDEZ', NULL, NULL, 'F', '2010-03-03', '0', NULL, 'PERÚ', 0, 0, 0, NULL, '0'),
	(2102, '42011760', NULL, NULL, 'HERNANDEZ IZQUIERDO RUTH NOEMI', 'noemi_hi29@hotmail.com', 'Mujer', NULL, '0', '934015217/922231008', 'PERÚ', 0, 0, 0, NULL, '0'),
	(2103, '62535602', 'JEFFER ADRIEL', 'GARCIA YUMBATO', NULL, NULL, 'F', '2009-10-26', '0', NULL, 'PERÚ', 0, 0, 0, NULL, '0'),
	(2104, '80415125', NULL, NULL, 'YUMBATO NARO SILVIA', '', 'Mujer', NULL, '0', '', 'PERÚ', 0, 0, 0, NULL, '0'),
	(2105, '61749222', 'MATHEO BENJAMIN', 'HERNANDEZ TORRES', NULL, NULL, 'F', '2009-10-17', '0', NULL, 'PERÚ', 0, 0, 0, NULL, '0'),
	(2106, '41817826', NULL, NULL, 'TORRES ESCOBAR DE HERNANDEZ EVA MARISOL', '', 'Mujer', NULL, '0', '949996426', 'PERÚ', 0, 0, 0, NULL, '0'),
	(2107, '61865788', 'DARWIN JAIR', 'LEON LUDEÑA', NULL, NULL, 'F', '2009-10-14', '0', NULL, 'PERÚ', 0, 0, 0, NULL, '0'),
	(2108, '80013575', NULL, NULL, 'LUDEÑA ALIAGA PRESTILA', '', 'Mujer', NULL, '0', '', 'PERÚ', 0, 0, 0, NULL, '0'),
	(2109, '61605667', 'THIAGO JOSE', 'MEJIA RAMIREZ', NULL, NULL, 'F', '2009-08-31', '0', NULL, 'PERÚ', 0, 0, 0, NULL, '0'),
	(2110, '00000146', NULL, NULL, 'RÁMIREZ LARA KARINA TATIANA', '', 'Mujer', NULL, '0', '', 'PERÚ', 0, 0, 0, NULL, '0'),
	(2111, '61749114', 'FREYSI JAMILED', 'MENDOZA QUISPE', NULL, NULL, 'F', '2009-06-10', '0', NULL, 'PERÚ', 0, 0, 0, NULL, '0'),
	(2112, '41254027', NULL, NULL, 'QUISPE ROMERO LUZ JUBETH', '', 'Mujer', NULL, '0', '', 'PERÚ', 0, 0, 0, NULL, '0'),
	(2113, '62352729', 'HUGO HANS', 'MIRANDA MAQUE', NULL, NULL, 'M', '2010-01-29', '0', NULL, 'PERÚ', 0, 0, 0, NULL, '0'),
	(2114, '27403393', NULL, NULL, 'MIRANDA EDQUEN UGUBERTO', '', 'Hombre', NULL, '0', '', 'PERÚ', 0, 0, 0, NULL, '0'),
	(2115, '62585095', 'RODRIGO MATHEOS', 'MONCADA VERASTEGUI', NULL, NULL, 'M', '2010-03-26', '0', NULL, 'PERÚ', 0, 0, 0, NULL, '0'),
	(2116, '19211967', NULL, NULL, 'MONCADA CASTRO VICTOR DIONISIO', '', 'Hombre', NULL, '0', '586348', 'PERÚ', 0, 0, 0, NULL, '0'),
	(2117, '62534909', 'JHONATAN ALEXANDER', 'MUÑOZ LEON', NULL, NULL, 'F', '2010-03-31', '0', NULL, 'PERÚ', 0, 0, 0, NULL, '0'),
	(2118, '47433297', NULL, NULL, 'LEON ORTIZ MARIA SOLEDAD', '', 'Mujer', NULL, '0', '', 'PERÚ', 0, 0, 0, NULL, '0'),
	(2119, '61809671', 'CARLA PATRICIA BEBERLY', 'PAOLI NAMOC', NULL, NULL, 'F', '2009-06-19', '0', NULL, 'PERÚ', 0, 0, 0, NULL, '0'),
	(2120, '42895208', NULL, NULL, 'NAMOC RAMOS ROSA ANGELA', '', 'Mujer', NULL, '0', '', 'PERÚ', 0, 0, 0, NULL, '0'),
	(2121, '61769210', 'FAVIANO JHONNIER', 'PISFIL CHOLAN', NULL, NULL, 'F', '2009-04-13', '0', NULL, 'PERÚ', 0, 0, 0, NULL, '0'),
	(2122, '45442156', NULL, NULL, 'CHOLAN TANTALEAN MARIA GENSI', '', 'Mujer', NULL, '0', '985185828', 'PERÚ', 0, 0, 0, NULL, '0'),
	(2123, '62350078', 'KIARA AILEN', 'ROMERO VARGAS', NULL, NULL, 'F', '2010-02-16', '0', NULL, 'PERÚ', 0, 0, 0, NULL, '0'),
	(2124, '47990111', NULL, NULL, 'VARGAS CABANILLAS SANDY MARICELA', '', 'Mujer', NULL, '0', '978013376', 'PERÚ', 0, 0, 0, NULL, '0'),
	(2125, '62324471', 'JOSE WILSON', 'VASQUEZ FUENTES', NULL, NULL, 'M', '2009-10-25', '0', NULL, 'PERÚ', 0, 0, 0, NULL, '0'),
	(2126, '27965361', NULL, NULL, 'VASQUEZ VASQUEZ ISIDERIO', '', 'Hombre', NULL, '0', '', 'PERÚ', 0, 0, 0, NULL, '0'),
	(2127, '60692666', 'ZUKEIDY NATSUMI', 'ABANTO FERMIN', NULL, NULL, 'M', '2008-09-05', '0', NULL, 'PERÚ', 0, 0, 0, NULL, '0'),
	(2128, '43725742', NULL, NULL, 'ABANTO LEIVA WILLIAM JHOMAR', '', 'Hombre', NULL, '0', '', 'PERÚ', 0, 0, 0, NULL, '0'),
	(2129, '61479040', 'ARIANA NAHOMI', 'BECERRA RODAS', NULL, NULL, 'M', '2008-12-17', '0', NULL, 'PERÚ', 0, 0, 0, NULL, '0'),
	(2130, '19322542', NULL, NULL, 'BECERRA SANCHEZ SEGUNDO ARMANDO', '', 'Hombre', NULL, '0', '', 'PERÚ', 0, 0, 0, NULL, '0'),
	(2131, '61478702', 'JOSE MIGUEL', 'BERMEJO VERA', NULL, NULL, 'F', '2008-08-26', '0', NULL, 'PERÚ', 0, 0, 0, NULL, '0'),
	(2132, '41237945', NULL, NULL, 'VERA GARCIA LUZ ANGELICA', '', 'Mujer', NULL, '0', '', 'PERÚ', 0, 0, 0, NULL, '0'),
	(2133, '61478962', 'MARIA FERNANDA', 'BLANCO SANCHEZ', NULL, NULL, 'M', '2008-11-18', '0', NULL, 'PERÚ', 0, 0, 0, NULL, '0'),
	(2134, '19226362', NULL, NULL, 'BLANCO RUIZ FRANCISCO JOSE', '', 'Hombre', NULL, '0', '', 'PERÚ', 0, 0, 0, NULL, '0'),
	(2135, '72336484', 'KAMILA NIKOLE', 'CERNA PERALES', NULL, NULL, 'M', '2008-09-18', '0', NULL, 'PERÚ', 0, 0, 0, NULL, '0'),
	(2136, '19320982', NULL, NULL, 'CERNA CASTILLO CESAR HIPOLITO', '', 'Hombre', NULL, '0', '', 'PERÚ', 0, 0, 0, NULL, '0'),
	(2137, '61378742', 'CORAIMA ANABELA', 'COBA ORDOÑEZ', NULL, NULL, 'M', '2008-08-18', '0', NULL, 'PERÚ', 0, 0, 0, NULL, '0'),
	(2138, '41520605', NULL, NULL, 'COBA TIMANA FREDY REYNALDO', '', 'Hombre', NULL, '0', '938272300', 'PERÚ', 0, 0, 0, NULL, '0'),
	(2139, '60262257', 'YOJANA ALESSANDRA', 'CORTEZ GALLARDO', NULL, NULL, 'M', '2008-10-05', '0', NULL, 'PERÚ', 0, 0, 0, NULL, '0'),
	(2140, '46406714', NULL, NULL, 'CORTEZ QUINTANA LUIS JAVIER', '', 'Hombre', NULL, '0', '', 'PERÚ', 0, 0, 0, NULL, '0'),
	(2141, '60812712', 'PATRICIO MARTIN ANTONIO', 'CROVETTO RODRIGUEZ', NULL, NULL, 'M', '2006-07-28', '0', NULL, 'PERÚ', 0, 0, 0, NULL, '0'),
	(2142, '08033663', NULL, NULL, 'CROVETTO MUÑOZ MARCO ANTONIO', '', 'Hombre', NULL, '0', '', 'PERÚ', 0, 0, 0, NULL, '0'),
	(2143, '61479023', 'GIOVANNY GIORDANO', 'CRUZADO PRADO', NULL, NULL, 'F', '2008-12-14', '0', NULL, 'PERÚ', 0, 0, 0, NULL, '0'),
	(2144, '42363786', NULL, NULL, 'PRADO GONZALES NOELIA KARINA', '', 'Mujer', NULL, '0', '', 'PERÚ', 0, 0, 0, NULL, '0'),
	(2145, '71687948', 'DIEGO ALONSO', 'DE LA CRUZ FERNANDEZ', NULL, NULL, 'F', '2008-07-06', '0', NULL, 'PERÚ', 0, 0, 0, NULL, '0'),
	(2146, '41881396', NULL, NULL, 'FERNANDEZ PAUCAR MARIA SOLEDAD', '', 'Mujer', NULL, '0', '', 'PERÚ', 0, 0, 0, NULL, '0'),
	(2147, '61769172', 'GABRIELA NICOL', 'FERNANDEZ VIGO', NULL, NULL, 'F', '2009-03-30', '0', NULL, 'PERÚ', 0, 0, 0, NULL, '0'),
	(2148, '44879575', NULL, NULL, 'VIGO TERAN ANA MELISSA', '', 'Mujer', NULL, '0', '', 'PERÚ', 0, 0, 0, NULL, '0'),
	(2149, '61378642', 'JOSE EDILBERTO', 'GALLARDO AHUMADA', NULL, NULL, 'M', '2008-07-07', '0', NULL, 'PERÚ', 0, 0, 0, NULL, '0'),
	(2150, '00000166', NULL, NULL, 'GALLARDO CERNA SEGUNDO EDILBERTO', '', 'Hombre', NULL, '0', '', 'PERÚ', 0, 0, 0, NULL, '0'),
	(2151, '61478929', 'RUTH NICOLE', 'HUATAY MORE', NULL, NULL, 'M', '2008-11-09', '0', NULL, 'PERÚ', 0, 0, 0, NULL, '0'),
	(2152, '19326287', NULL, NULL, 'HUATAY RAMIREZ OSCAR ENRIQUE', '', 'Hombre', NULL, '0', '', 'PERÚ', 0, 0, 0, NULL, '0'),
	(2153, '62044821', 'CONSUELO ANALHI', 'MEDINA ESPINOZA', NULL, NULL, 'F', '2009-02-25', '0', NULL, 'PERÚ', 0, 0, 0, NULL, '0'),
	(2154, '19189213', NULL, NULL, 'ESPINOZA ALCANTARA ANA MARIA', '', 'Mujer', NULL, '0', '', 'PERÚ', 0, 0, 0, NULL, '0'),
	(2155, '61378391', 'YOSELYN MILAGROS ESTHER', 'MEDINA VASQUEZ', NULL, NULL, 'M', '2008-05-04', '0', NULL, 'PERÚ', 0, 0, 0, NULL, '0'),
	(2156, '00000169', NULL, NULL, 'MEDINA VASQUEZ MILAGROS', '', 'Hombre', NULL, '0', '', 'PERÚ', 0, 0, 0, NULL, '0'),
	(2157, '61478753', 'ANA GABRIELA', 'MEDINA VILCHEZ', NULL, NULL, 'M', '2008-09-23', '0', NULL, 'PERÚ', 0, 0, 0, NULL, '0'),
	(2158, '00000170', NULL, NULL, 'VILCHEZ N ', '', 'Hombre', NULL, '0', '', 'PERÚ', 0, 0, 0, NULL, '0'),
	(2159, '61478724', 'JOSE FABRICIO', 'MENDOZA PRETELL', NULL, NULL, 'M', '2008-07-09', '0', NULL, 'PERÚ', 0, 0, 0, NULL, '0'),
	(2160, '44444050', NULL, NULL, 'MENDOZA TINEO GILMER EDGARDO', '', 'Hombre', NULL, '0', '', 'PERÚ', 0, 0, 0, NULL, '0'),
	(2161, '61478877', 'LUIS TEOFILO', 'MONTENEGRO RUIZ', NULL, NULL, 'M', '2008-11-15', '0', NULL, 'PERÚ', 0, 0, 0, NULL, '0'),
	(2162, '19333397', NULL, NULL, 'MONTENEGRO INGOL LUIS ANTONIO', '', 'Hombre', NULL, '0', '', 'PERÚ', 0, 0, 0, NULL, '0'),
	(2163, '63008867', 'JUAN PAOLO', 'NUÑEZ CARRASCO', NULL, NULL, 'M', '2008-09-13', '0', NULL, 'PERÚ', 0, 0, 0, NULL, '0'),
	(2164, '41317492', NULL, NULL, 'NUÑEZ GONZALEZ JUAN AUGUSTO', '', 'Hombre', NULL, '0', '', 'PERÚ', 0, 0, 0, NULL, '0'),
	(2165, '61378535', 'JUAN DIEGO', 'PEREZ ROSALES', NULL, NULL, 'F', '2008-06-09', '0', NULL, 'PERÚ', 0, 0, 0, NULL, '0'),
	(2166, '19331547', NULL, NULL, 'ROSALES SANCHEZ CARMEN ROSA', '', 'Mujer', NULL, '0', '504181', 'PERÚ', 0, 0, 0, NULL, '0'),
	(2167, '61378757', 'ELKIN EDINSON', 'ROMERO BECERRA', NULL, NULL, 'M', '2008-08-09', '0', NULL, 'PERÚ', 0, 0, 0, NULL, '0'),
	(2168, '00000175', NULL, NULL, 'ROMERO CIENFUEGOS ALMAGRO', '', 'Hombre', NULL, '0', '971371590', 'PERÚ', 0, 0, 0, NULL, '0'),
	(2169, '61417073', 'VALERIA ROMINA', 'SALAZAR PALOMINO', NULL, NULL, 'F', '2008-06-17', '0', NULL, 'PERÚ', 0, 0, 0, NULL, '0'),
	(2170, '41013988', NULL, NULL, 'PALOMINO JULCA LUCY FRANCISCA', '', 'Mujer', NULL, '0', '975503136', 'PERÚ', 0, 0, 0, NULL, '0'),
	(2171, '61479028', 'BHAYRON SMITH', 'SERNA CRUZ', NULL, NULL, 'F', '2008-12-23', '0', NULL, 'PERÚ', 0, 0, 0, NULL, '0'),
	(2172, '00000177', NULL, NULL, 'CRUZ SALAZAR MARYAM JANYRETT', '', 'Mujer', NULL, '0', '981663693', 'PERÚ', 0, 0, 0, NULL, '0'),
	(2173, '61478941', 'CLEYTON JAHIR', 'SERNAQUE MENA', NULL, NULL, 'F', '2008-12-03', '0', NULL, 'PERÚ', 0, 0, 0, NULL, '0'),
	(2174, '42928306', NULL, NULL, 'MENA LEYVA NATALY DEL ROCIO', '', 'Mujer', NULL, '0', '949883494', 'PERÚ', 0, 0, 0, NULL, '0'),
	(2175, '61478709', 'JOSE EDUARDO', 'SILVA CABANILLAS', NULL, NULL, 'F', '2008-09-07', '0', NULL, 'PERÚ', 0, 0, 0, NULL, '0'),
	(2176, '42928307', NULL, NULL, 'CABANILLAS GIL LILIANA SULLANITA', '', 'Mujer', NULL, '0', '', 'PERÚ', 0, 0, 0, NULL, '0'),
	(2177, '61478739', 'KIRA SULEIKY', 'TERAN JULCA', NULL, NULL, 'F', '2008-09-17', '0', NULL, 'PERÚ', 0, 0, 0, NULL, '0'),
	(2178, '00000180', NULL, NULL, 'JULCA ROJAS GABRIELA ERLITA', '', 'Mujer', NULL, '0', '', 'PERÚ', 0, 0, 0, NULL, '0'),
	(2179, '61769108', 'KARINA ALEXANDRA', 'VASQUEZ BECERRA', NULL, NULL, 'M', '2009-03-29', '0', NULL, 'PERÚ', 0, 0, 0, NULL, '0'),
	(2180, '00000181', NULL, NULL, 'VASQUEZ MANOSALVA CESAR HUGO', '', 'Hombre', NULL, '0', '', 'PERÚ', 0, 0, 0, NULL, '0'),
	(2181, '61378427', 'XIOMARA INES', 'VASQUEZ RODAS', NULL, NULL, 'F', '2008-05-21', '0', NULL, 'PERÚ', 0, 0, 0, NULL, '0'),
	(2182, '43519722', NULL, NULL, 'RODAS CUBAS MAGALI MADELEINE', '', 'Mujer', NULL, '0', '948015654', 'PERÚ', 0, 0, 0, NULL, '0'),
	(2183, '72832478', 'ANTHONY RAFAEL', 'VILLACORTA CARRANZA', NULL, NULL, 'F', '2008-12-18', '0', NULL, 'PERÚ', 0, 0, 0, NULL, '0'),
	(2184, '00000183', NULL, NULL, 'CARRANZA SANCHEZ MARCIA MILAGROS', '', 'Mujer', NULL, '0', '', 'PERÚ', 0, 0, 0, NULL, '0'),
	(2185, '72995471', 'CAREDEE FATIMA', 'ABANTO BAILON', NULL, NULL, 'F', '2009-02-21', '0', NULL, 'PERÚ', 0, 0, 0, NULL, '0'),
	(2186, '40495449', NULL, NULL, 'BAILON MALDONADO ELICIANA MAGDALENA', '', 'Mujer', NULL, '0', '975018471', 'PERÚ', 0, 0, 0, NULL, '0'),
	(2187, '61479110', 'ANTHONY FABRICIO', 'ALBITRES ROMERO', NULL, NULL, 'F', '2009-01-13', '0', NULL, 'PERÚ', 0, 0, 0, NULL, '0'),
	(2188, '42401059', NULL, NULL, 'ROMERO CUBAS RUTH AMANDA', '', 'Mujer', NULL, '0', '', 'PERÚ', 0, 0, 0, NULL, '0'),
	(2189, '61478925', 'JUDITH GRISSELL', 'CRESPIN CHAVEZ', NULL, NULL, 'F', '2008-11-21', '0', NULL, 'PERÚ', 0, 0, 0, NULL, '0'),
	(2190, '40554207', NULL, NULL, 'CHAVEZ DAVALOS YOGANA JUDITH', '', 'Mujer', NULL, '0', '', 'PERÚ', 0, 0, 0, NULL, '0'),
	(2191, '62044773', 'ABEL EDUARDO', 'CRUZADO MARIN', NULL, NULL, 'M', '2009-02-04', '0', NULL, 'PERÚ', 0, 0, 0, NULL, '0'),
	(2192, '19328037', NULL, NULL, 'CRUZADO AHUMADA RONALD MANUEL', '', 'Hombre', NULL, '0', '562741', 'PERÚ', 0, 0, 0, NULL, '0'),
	(2193, '61478910', 'YOMAR JOSE', 'DAVILA CASTILLO', NULL, NULL, 'M', '2008-11-02', '0', NULL, 'PERÚ', 0, 0, 0, NULL, '0'),
	(2194, '19330809', NULL, NULL, 'DAVILA HERNANDEZ JOSE ALBERTO', '', 'Hombre', NULL, '0', '948526626', 'PERÚ', 0, 0, 0, NULL, '0'),
	(2195, '61240051', 'MICHEL ALEXANDER', 'DE LA CRUZ ROMERO', NULL, NULL, 'F', '2008-02-08', '0', NULL, 'PERÚ', 0, 0, 0, NULL, '0'),
	(2196, '43754952', NULL, NULL, 'ROMERO ROMERO FLOR NOEMI', '', 'Mujer', NULL, '0', '', 'PERÚ', 0, 0, 0, NULL, '0'),
	(2197, '61378731', 'JHOWEL STIWAR', 'ESCALANTE ALMENDARES', NULL, NULL, 'F', '2008-08-18', '0', NULL, 'PERÚ', 0, 0, 0, NULL, '0'),
	(2198, '45085044', NULL, NULL, 'ALMENDARES SILVA CANDIDA YARACELI', '', 'Mujer', NULL, '0', '965613400', 'PERÚ', 0, 0, 0, NULL, '0'),
	(2199, '61378661', 'ELIAN DE LOS MILAGROS', 'GUEVARA VASQUEZ', NULL, NULL, 'M', '2008-07-26', '0', NULL, 'PERÚ', 0, 0, 0, NULL, '0'),
	(2200, '27974052', NULL, NULL, 'GUEVARA SUAREZ LIZANDRO', '', 'Hombre', NULL, '0', '', 'PERÚ', 0, 0, 0, NULL, '0'),
	(2201, '61378662', 'LILIANA DEL ROSARIO', 'GUEVARA VASQUEZ', NULL, NULL, 'F', '2008-07-26', '0', NULL, 'PERÚ', 0, 0, 0, NULL, '0'),
	(2202, '80237935', NULL, NULL, 'VASQUEZ MANOSALVA JOVANNA', '', 'Mujer', NULL, '0', '949439469', 'PERÚ', 0, 0, 0, NULL, '0'),
	(2203, '61378782', 'XIMENA DAYANNA', 'LLALLE CHAVEZ', NULL, NULL, 'F', '2008-09-07', '0', NULL, 'PERÚ', 0, 0, 0, NULL, '0'),
	(2204, '45921729', NULL, NULL, 'CHAVEZ GONZALES JENIFER DORELLY', '', 'Mujer', NULL, '0', '', 'PERÚ', 0, 0, 0, NULL, '0'),
	(2205, '72983320', 'LEANDRO MATÍAS', 'LOZANO ARROYO', NULL, NULL, 'F', '2009-01-17', '0', NULL, 'PERÚ', 0, 0, 0, NULL, '0'),
	(2206, '00000194', NULL, NULL, 'ARROYO ROMERO DE LOZANO ROSARIO ESTHER', '', 'Mujer', NULL, '0', '', 'PERÚ', 0, 0, 0, NULL, '0'),
	(2207, '61479093', 'JOSE RENATO', 'MACHUCA BAZAN', NULL, NULL, 'F', '2009-01-27', '0', NULL, 'PERÚ', 0, 0, 0, NULL, '0'),
	(2208, '19322705', NULL, NULL, 'BAZAN SERRANO WILMA CONSUELO', '', 'Mujer', NULL, '0', '', 'PERÚ', 0, 0, 0, NULL, '0'),
	(2209, '62468916', 'SAMUEL ALEXANDER', 'MENDOZA ZAPATA', NULL, NULL, 'M', '2009-02-20', '0', NULL, 'PERÚ', 0, 0, 0, NULL, '0'),
	(2210, '00000196', NULL, NULL, 'MENDOZA CORREA GIANCARLO', '', 'Hombre', NULL, '0', '', 'PERÚ', 0, 0, 0, NULL, '0'),
	(2211, '61478721', 'DIEGO MAURICIO', 'MONTENEGRO CUZCO', NULL, NULL, 'F', '2008-09-02', '0', NULL, 'PERÚ', 0, 0, 0, NULL, '0'),
	(2212, '80397277', NULL, NULL, 'CUZCO VASQUEZ RUFINA IMELDA', '', 'Mujer', NULL, '0', '', 'PERÚ', 0, 0, 0, NULL, '0'),
	(2213, '61478774', 'JESUS LUHANA KRISTEL', 'NINAQUISPE CORDOVA', NULL, NULL, 'F', '2008-09-28', '0', NULL, 'PERÚ', 0, 0, 0, NULL, '0'),
	(2214, '00000198', NULL, NULL, 'CÓRDOVA UGAS JESÚS ROXANA', '', 'Mujer', NULL, '0', '', 'PERÚ', 0, 0, 0, NULL, '0'),
	(2215, '61769200', 'GEORGE MICHAEL', 'NOVOA SERRANO', NULL, NULL, 'F', '2008-11-20', '0', NULL, 'PERÚ', 0, 0, 0, NULL, '0'),
	(2216, '40514404', NULL, NULL, 'BERNARDO SERRANO JOHANNA LUZ', '', 'Mujer', NULL, '0', '5688360 / 986868058', 'PERÚ', 0, 0, 0, NULL, '0'),
	(2217, '61478785', 'DANIELA STEPHANIE', 'PUELLES ZAPATA', NULL, NULL, 'M', '2008-09-19', '0', NULL, 'PERÚ', 0, 0, 0, NULL, '0'),
	(2218, '42732837', NULL, NULL, 'PUELLES QUISPE VICTOR', '', 'Hombre', NULL, '0', '502823', 'PERÚ', 0, 0, 0, NULL, '0'),
	(2219, '61749321', 'SNEIDER SMITH ANDERSON', 'QUIROZ PAZ', NULL, NULL, 'M', '2009-01-29', '0', NULL, 'PERÚ', 0, 0, 0, NULL, '0'),
	(2220, '45558833', NULL, NULL, 'QUIROZ AZCARATE MARCO ANTONIO', '', 'Hombre', NULL, '0', '', 'PERÚ', 0, 0, 0, NULL, '0'),
	(2221, '61240252', 'PIERO LUIS', 'RIVAS MUJICA', NULL, NULL, 'F', '2008-04-04', '0', NULL, 'PERÚ', 0, 0, 0, NULL, '0'),
	(2222, '40806071', NULL, NULL, 'MUJICA MENDOZA GLADYS ELIZABETH', '', 'Mujer', NULL, '0', '', 'PERÚ', 0, 0, 0, NULL, '0'),
	(2223, '62006202', 'JHOSELIN DAYANI', 'ROJAS AGUILAR', NULL, NULL, 'F', '2009-02-14', '0', NULL, 'PERÚ', 0, 0, 0, NULL, '0'),
	(2224, '46559482', NULL, NULL, 'AGUILAR LEYVA IRIS MARDELIT', '', 'Mujer', NULL, '0', '950979154', 'PERÚ', 0, 0, 0, NULL, '0'),
	(2225, '61378660', 'CKRISS BRANDO', 'SERRANO BENAVIDES', NULL, NULL, 'F', '2008-07-15', '0', NULL, 'PERÚ', 0, 0, 0, NULL, '0'),
	(2226, '19331823', NULL, NULL, 'BENAVIDES QUIROZ MARLENE YMELDA', '', 'Mujer', NULL, '0', '', 'PERÚ', 0, 0, 0, NULL, '0'),
	(2227, '62044807', 'PAOLA ANAI', 'SERRATO ARANGO', NULL, NULL, 'F', '2009-02-17', '0', NULL, 'PERÚ', 0, 0, 0, NULL, '0'),
	(2228, '41011564', NULL, NULL, 'ARANGO PEÑA ANA CECILIA', 'anacecili8240@gmail.com', 'Mujer', NULL, '0', '952555480', 'PERÚ', 0, 0, 0, NULL, '0'),
	(2229, '60320532', 'MARIA YSABEL', 'SILUPU AGUILAR', NULL, NULL, 'M', '2008-07-22', '0', NULL, 'PERÚ', 0, 0, 0, NULL, '0'),
	(2230, '44043861', NULL, NULL, 'SILUPU ZAPATA JOSE LUIS', '', 'Hombre', NULL, '0', '', 'PERÚ', 0, 0, 0, NULL, '0'),
	(2231, '61478775', 'KARIN ALITH', 'SUAREZ CERREPE', NULL, NULL, 'M', '2008-09-18', '0', NULL, 'PERÚ', 0, 0, 0, NULL, '0'),
	(2232, '19195693', NULL, NULL, 'SUAREZ BAZAN WILFREDO', '', 'Hombre', NULL, '0', '', 'PERÚ', 0, 0, 0, NULL, '0'),
	(2233, '61240285', 'DAYANA SAYUMI', 'TANTALEAN SAAVEDRA', NULL, NULL, 'F', '2008-04-03', '0', NULL, 'PERÚ', 0, 0, 0, NULL, '0'),
	(2234, '19330591', NULL, NULL, 'SAAVEDRA JUAREZ DORALIZA', '', 'Mujer', NULL, '0', '', 'PERÚ', 0, 0, 0, NULL, '0'),
	(2235, '61479050', 'FABIANA ALEXANDRA', 'URBINA BECERRA', NULL, NULL, 'F', '2009-01-01', '0', NULL, 'PERÚ', 0, 0, 0, NULL, '0'),
	(2236, '00000209', NULL, NULL, 'BECERRA BARDALES MANUELA EDITA', '', 'Mujer', NULL, '0', '', 'PERÚ', 0, 0, 0, NULL, '0'),
	(2237, '61378400', 'JORGE ENRIQUE', 'VARGAS OTERO', NULL, NULL, 'F', '2008-04-30', '0', NULL, 'PERÚ', 0, 0, 0, NULL, '0'),
	(2238, '00000210', NULL, NULL, 'OTERO CHIROQUE AMPARO', '', 'Mujer', NULL, '0', '', 'PERÚ', 0, 0, 0, NULL, '0'),
	(2239, '61479019', 'NEZARETH ALVEYRO', 'VASQUEZ SANCHEZ', NULL, NULL, 'F', '2008-12-09', '0', NULL, 'PERÚ', 0, 0, 0, NULL, '0'),
	(2240, '00000211', NULL, NULL, 'SANCHEZ DE LA CRUZ NANCY FIORELLA', '', 'Mujer', NULL, '0', '', 'PERÚ', 0, 0, 0, NULL, '0'),
	(2241, '72819965', 'GERALDO VLADIMIR', 'VILCHEZ QUISPE', NULL, NULL, 'M', '2008-12-04', '0', NULL, 'PERÚ', 0, 0, 0, NULL, '0'),
	(2242, '00000212', NULL, NULL, 'VILCHEZ  ROBERTO', '', 'Hombre', NULL, '0', '', 'PERÚ', 0, 0, 0, NULL, '0'),
	(2243, '61478701', 'ANDERSSON YAREN', 'ALBITRES VILLA', NULL, NULL, 'F', '2008-09-11', '0', NULL, 'PERÚ', 0, 0, 0, NULL, '0'),
	(2244, '19321930', NULL, NULL, 'VILLA CASTAÑEDA ELIZABETH DEL CARMEN', '', 'Mujer', NULL, '0', '', 'PERÚ', 0, 0, 0, NULL, '0'),
	(2245, '62044871', 'JORGE DANIEL', 'BARRANTES REVILLA', NULL, NULL, 'F', '2009-02-25', '0', NULL, 'PERÚ', 0, 0, 0, NULL, '0'),
	(2246, '00000214', NULL, NULL, 'REVILLA SAMAN SHEILER MARIBEL', '', 'Mujer', NULL, '0', '', 'PERÚ', 0, 0, 0, NULL, '0'),
	(2247, '77174871', 'EDWING MAURICIO', 'BRUNO ALVARADO', NULL, NULL, 'M', '2008-11-25', '0', NULL, 'PERÚ', 0, 0, 0, NULL, '0'),
	(2248, '19211008', NULL, NULL, 'BRUNO ROJAS MANUEL', '', 'Hombre', NULL, '0', '', 'PERÚ', 0, 0, 0, NULL, '0'),
	(2249, '61502904', 'HERVIN JUAN DE DIOS', 'CABANILLAS ABANTO', NULL, NULL, 'M', '2008-09-22', '0', NULL, 'PERÚ', 0, 0, 0, NULL, '0'),
	(2250, '00000216', NULL, NULL, 'CABANILLAS ABANTO JUAN DE DIOS', '', 'Hombre', NULL, '0', '', 'PERÚ', 0, 0, 0, NULL, '0'),
	(2251, '61478905', 'EYVIND SMITH', 'CABANILLAS RODAS', NULL, NULL, 'F', '2008-11-16', '0', NULL, 'PERÚ', 0, 0, 0, NULL, '0'),
	(2252, '43934554', NULL, NULL, 'RODAS CERVANTES CARMEN ALICIA', '', 'Mujer', NULL, '0', '', 'PERÚ', 0, 0, 0, NULL, '0'),
	(2253, '61769122', 'ERICSSON JARIB', 'CARLOS RANGEL', NULL, NULL, 'M', '2009-01-29', '0', NULL, 'PERÚ', 0, 0, 0, NULL, '0'),
	(2254, '00000218', NULL, NULL, 'CARLOS ABANTO ERICSSON LEMUEL', '', 'Hombre', NULL, '0', '', 'PERÚ', 0, 0, 0, NULL, '0'),
	(2255, '61478898', 'SAMIKAY DEL ROSARIO', 'CARRILLO BARBOZA', NULL, NULL, 'F', '2008-11-09', '0', NULL, 'PERÚ', 0, 0, 0, NULL, '0'),
	(2256, '00000219', NULL, NULL, 'BARBOZA SANCHEZ LINA ELIZABETH', '', 'Mujer', NULL, '0', '', 'PERÚ', 0, 0, 0, NULL, '0'),
	(2257, '62044771', 'GERSON ELIEZER', 'CHAVARRY ZELADA', NULL, NULL, 'M', '2009-02-08', '0', NULL, 'PERÚ', 0, 0, 0, NULL, '0'),
	(2258, '40562455', NULL, NULL, 'CHAVARRY PALACIOS MOISES AUGUSTO', '', 'Hombre', NULL, '0', '', 'PERÚ', 0, 0, 0, NULL, '0'),
	(2259, '61478986', 'HAN ANDRE', 'CHI CHAVEZ', NULL, NULL, 'F', '2008-12-13', '0', NULL, 'PERÚ', 0, 0, 0, NULL, '0'),
	(2260, '45713464', NULL, NULL, 'CHAVEZ TANTAJULCA DIANA IRIS', '', 'Mujer', NULL, '0', '948943248', 'PERÚ', 0, 0, 0, NULL, '0'),
	(2261, '61444043', 'LUANA LALESHKA', 'CRUZADO MARCHENA', NULL, NULL, 'F', '2008-09-16', '0', NULL, 'PERÚ', 0, 0, 0, NULL, '0'),
	(2262, '00000222', NULL, NULL, 'MARCHENA VASQUEZ ANA BERTHA', '', 'Mujer', NULL, '0', '', 'PERÚ', 0, 0, 0, NULL, '0'),
	(2263, '61478975', 'MAYUMI BRIGHIT', 'DIAZ ORTIZ', NULL, NULL, 'F', '2008-11-22', '0', NULL, 'PERÚ', 0, 0, 0, NULL, '0'),
	(2264, '00000223', NULL, NULL, 'ORTIZ GAMARRA MARIA YOLANDA', '', 'Mujer', NULL, '0', '', 'PERÚ', 0, 0, 0, NULL, '0'),
	(2265, '62020664', 'GREYSI DAMARIS', 'DIAZ QUISPE', NULL, NULL, 'F', '2008-11-18', '0', NULL, 'PERÚ', 0, 0, 0, NULL, '0'),
	(2266, '61380462', 'BRISA PRISCILA', 'ESCALANTE RIOS', NULL, NULL, 'M', '2008-06-21', '0', NULL, 'PERÚ', 0, 0, 0, NULL, '0'),
	(2267, '10306608', NULL, NULL, 'ESCALANTE GUTIERREZ RUBEN ALEX', '', 'Hombre', NULL, '0', '', 'PERÚ', 0, 0, 0, NULL, '0'),
	(2268, '72817801', 'PIER JUNIOR', 'ESPINOZA HERNANDEZ', NULL, NULL, 'F', '2008-12-05', '0', NULL, 'PERÚ', 0, 0, 0, NULL, '0'),
	(2269, '00000227', NULL, NULL, 'HERNANDEZ MENDOZA MARIBEL', '', 'Mujer', NULL, '0', '', 'PERÚ', 0, 0, 0, NULL, '0'),
	(2270, '61378655', 'MILENA SOLANSTH', 'FERNANDEZ YOVERA', NULL, NULL, 'M', '2008-07-07', '0', NULL, 'PERÚ', 0, 0, 0, NULL, '0'),
	(2271, '00000228', NULL, NULL, 'FERNANDEZ HERNANDEZ IHINO IVAN', '', 'Hombre', NULL, '0', '', 'PERÚ', 0, 0, 0, NULL, '0'),
	(2272, '61479109', 'EMERSON FABRICIO', 'GUERRERO SAMAN', NULL, NULL, 'M', '2009-01-22', '0', NULL, 'PERÚ', 0, 0, 0, NULL, '0'),
	(2273, '43428811', NULL, NULL, 'GUERRERO TORRES EDGAR OMAR', '', 'Hombre', NULL, '0', '776098', 'PERÚ', 0, 0, 0, NULL, '0'),
	(2274, '61394405', 'CARLOS ERNESTO', 'HERNANDEZ PRIETO', NULL, NULL, 'M', '2008-05-10', '0', NULL, 'PERÚ', 0, 0, 0, NULL, '0'),
	(2275, '10203876', NULL, NULL, 'HERNANDEZ ARENAZA CARLOS ALBERTO', '', 'Hombre', NULL, '0', '', 'PERÚ', 0, 0, 0, NULL, '0'),
	(2276, '61479004', 'VICTOR JUNIOR', 'LOPEZ CRUZADO', NULL, NULL, 'F', '2008-12-09', '0', NULL, 'PERÚ', 0, 0, 0, NULL, '0'),
	(2277, '45410387', NULL, NULL, 'CRUZADO DIAZ MILAGROS JANET', '', 'Mujer', NULL, '0', '', 'PERÚ', 0, 0, 0, NULL, '0'),
	(2278, '61478881', 'OLENKA D ALESSANDRA', 'LOPEZ POEMAPE', NULL, NULL, 'M', '2008-11-02', '0', NULL, 'PERÚ', 0, 0, 0, NULL, '0'),
	(2279, '00000232', NULL, NULL, 'LOPEZ PEREZ OMMAR DAVID', '', 'Hombre', NULL, '0', '', 'PERÚ', 0, 0, 0, NULL, '0'),
	(2280, '61378637', 'JUAN VICTOR MANUEL', 'MARCHENA ANGELES', NULL, NULL, 'M', '2008-07-03', '0', NULL, 'PERÚ', 0, 0, 0, NULL, '0'),
	(2281, '19196549', NULL, NULL, 'MARCHENA GAMARRA WILSON HORACIO', '', 'Hombre', NULL, '0', '', 'PERÚ', 0, 0, 0, NULL, '0'),
	(2282, '61478834', 'MELANIE AYLEN', 'MEDINA TERRONES', NULL, NULL, 'M', '2008-10-30', '0', NULL, 'PERÚ', 0, 0, 0, NULL, '0'),
	(2283, '40388271', NULL, NULL, 'MEDINA MOSTACERO ABEL JAIMITO', '', 'Hombre', NULL, '0', '945174215', 'PERÚ', 0, 0, 0, NULL, '0'),
	(2284, '71192333', 'CRISTIAN HILDER', 'PALOMINO BALDEON', NULL, NULL, 'F', '2008-04-13', '0', NULL, 'PERÚ', 0, 0, 0, NULL, '0'),
	(2285, '46168362', NULL, NULL, 'BALDEON CASTRO ANA LUISA', '', 'Mujer', NULL, '0', '', 'PERÚ', 0, 0, 0, NULL, '0'),
	(2286, '61479027', 'MARCO JOSE', 'PEREZ DIAZ', NULL, NULL, 'M', '2008-12-19', '0', NULL, 'PERÚ', 0, 0, 0, NULL, '0'),
	(2287, '00000236', NULL, NULL, 'PEREZ CASTILLO MARCO ANTONIO', '', 'Hombre', NULL, '0', '', 'PERÚ', 0, 0, 0, NULL, '0'),
	(2288, '61378798', 'MARIA CRISTINA', 'QUIROZ GALAN', NULL, NULL, 'M', '2008-09-08', '0', NULL, 'PERÚ', 0, 0, 0, NULL, '0'),
	(2289, '43946732', NULL, NULL, 'QUIROZ QUISPE DAVID OMAR', '', 'Hombre', NULL, '0', '965087074', 'PERÚ', 0, 0, 0, NULL, '0'),
	(2290, '61478704', 'GHILDO VICENTE', 'RAMIREZ BECERRA', NULL, NULL, 'F', '2008-09-06', '0', NULL, 'PERÚ', 0, 0, 0, NULL, '0'),
	(2291, '40951643', NULL, NULL, 'BECERRA CRUZADO LISET JACKELINE', '', 'Mujer', NULL, '0', '', 'PERÚ', 0, 0, 0, NULL, '0'),
	(2292, '61240299', 'YULIANA ESMERITA', 'ROMERO CHINGAY', NULL, NULL, 'M', '2008-04-02', '0', NULL, 'PERÚ', 0, 0, 0, NULL, '0'),
	(2293, '00000239', NULL, NULL, 'ROMERO DAZ RONALD', '', 'Hombre', NULL, '0', '', 'PERÚ', 0, 0, 0, NULL, '0'),
	(2294, '63379113', 'JOHAN MAXIMILIAN', 'SOLANO SUAREZ', NULL, NULL, 'M', '2008-09-08', '0', NULL, 'PERÚ', 0, 0, 0, NULL, '0'),
	(2295, '06572144', NULL, NULL, 'SOLANO ZELADA EDILBERTO', '', 'Hombre', NULL, '0', '', 'PERÚ', 0, 0, 0, NULL, '0'),
	(2296, '72992356', 'ALIESKA DAYANA', 'TERRONES MURGA', NULL, NULL, 'F', '2009-02-15', '0', NULL, 'PERÚ', 0, 0, 0, NULL, '0'),
	(2297, '44453293', NULL, NULL, 'MURGA CHALAN MARIBEL', '', 'Mujer', NULL, '0', '', 'PERÚ', 0, 0, 0, NULL, '0'),
	(2298, '62044798', 'GUSTAVO ALONSO', 'AGUILAR CHILON', NULL, NULL, 'M', '2009-02-19', '0', NULL, 'PERÚ', 0, 0, 0, NULL, '0'),
	(2299, '00000242', NULL, NULL, 'AGUILAR ZELADA VICTOR ERNESTO', '', 'Hombre', NULL, '0', '', 'PERÚ', 0, 0, 0, NULL, '0'),
	(2300, '63103062', 'DAYAN NICOLE', 'ALVARADO LUPUCHE', NULL, NULL, 'F', '2008-05-03', '0', NULL, 'PERÚ', 0, 0, 0, NULL, '0'),
	(2301, '00000243', NULL, NULL, 'ALVARADO LUPUCHE JUDHIT JANNET', '', 'Mujer', NULL, '0', '', 'PERÚ', 0, 0, 0, NULL, '0'),
	(2302, '62049892', 'YAKORI ANAHI YOLANDA', 'BARBOZA RIVADENEIRA', NULL, NULL, 'F', '2009-02-06', '0', NULL, 'PERÚ', 0, 0, 0, NULL, '0'),
	(2303, '46411564', NULL, NULL, 'RIVADENEIRA CERNA MERCEDES LUPITA', '', 'Mujer', NULL, '0', '', 'PERÚ', 0, 0, 0, NULL, '0'),
	(2304, '62044830', 'NAYELY YASURI', 'BAZAN HUAMAN', NULL, NULL, 'F', '2008-09-01', '0', NULL, 'PERÚ', 0, 0, 0, NULL, '0'),
	(2305, '41895367', NULL, NULL, 'HUAMAN PEZO JUANA', '', 'Mujer', NULL, '0', '', 'PERÚ', 0, 0, 0, NULL, '0'),
	(2306, '61240282', 'LEYSI ELENA', 'BECERRA BARBOZA', NULL, NULL, 'M', '2008-04-05', '0', NULL, 'PERÚ', 0, 0, 0, NULL, '0'),
	(2307, '40810147', NULL, NULL, 'BECERRA GOMEZ LIMBER IVAN', '', 'Hombre', NULL, '0', '', 'PERÚ', 0, 0, 0, NULL, '0'),
	(2308, '61443987', 'XIOMARA NICOLE', 'BUSTAMANTE LOAYZA', NULL, NULL, 'F', '2008-08-24', '0', NULL, 'PERÚ', 0, 0, 0, NULL, '0'),
	(2309, '00000247', NULL, NULL, 'LOAYZA SUAREZ DE BUSTAMANTE ROSMERY AUREA', '', 'Mujer', NULL, '0', '947867061', 'PERÚ', 0, 0, 0, NULL, '0'),
	(2310, '61479073', 'JOSE ANTONIO', 'CORREA MALCA', NULL, NULL, 'F', '2009-01-19', '0', NULL, 'PERÚ', 0, 0, 0, NULL, '0'),
	(2311, '00000248', NULL, NULL, 'MALCA HERRERA MELISSA LIZZET', '', 'Mujer', NULL, '0', '996331271', 'PERÚ', 0, 0, 0, NULL, '0'),
	(2312, '61378424', 'ANDREA MARICIELO', 'CUBAS RODRIGUEZ', NULL, NULL, 'F', '2008-05-10', '0', NULL, 'PERÚ', 0, 0, 0, NULL, '0'),
	(2313, '42035773', NULL, NULL, 'RODRIGUEZ MAYORGA SONIA ARMINDA', '', 'Mujer', NULL, '0', '', 'PERÚ', 0, 0, 0, NULL, '0'),
	(2314, '61769133', 'EUNICE BRIGITH', 'CUMPA PERALTA', NULL, NULL, 'F', '2009-03-31', '0', NULL, 'PERÚ', 0, 0, 0, NULL, '0'),
	(2315, '00000250', NULL, NULL, 'PERALTA BECERRA KARINA ELIZABETH', '', 'Mujer', NULL, '0', '949441419', 'PERÚ', 0, 0, 0, NULL, '0'),
	(2316, '61478730', 'GUILLERMO NATANAEL', 'ESPINOZA VALVERDE', NULL, NULL, 'M', '2008-09-16', '0', NULL, 'PERÚ', 0, 0, 0, NULL, '0'),
	(2317, '19199022', NULL, NULL, 'ESPINOZA BERNILLA EFRAIN', '', 'Hombre', NULL, '0', '674914', 'PERÚ', 0, 0, 0, NULL, '0'),
	(2318, '78105608', 'MARIO LEONARDO', 'GONZALES DE LA CRUZ', NULL, NULL, 'F', '2008-09-13', '0', NULL, 'PERÚ', 0, 0, 0, NULL, '0'),
	(2319, '42665114', NULL, NULL, 'DE LA CRUZ RUIZ CINTHY', '', 'Mujer', NULL, '0', '', 'PERÚ', 0, 0, 0, NULL, '0'),
	(2320, '61378423', 'PIERO ALEXANDER', 'GONZALES TAPIA', NULL, NULL, 'F', '2008-05-11', '0', NULL, 'PERÚ', 0, 0, 0, NULL, '0'),
	(2321, '43111765', NULL, NULL, 'TAPIA ABANTO JOSELYNE ISABEL', '', 'Mujer', NULL, '0', '', 'PERÚ', 0, 0, 0, NULL, '0'),
	(2322, '61378380', 'MARIANA LIZBETH', 'GUERRERO COTRINA', NULL, NULL, 'F', '2008-05-12', '0', NULL, 'PERÚ', 0, 0, 0, NULL, '0'),
	(2323, '00000254', NULL, NULL, 'COTRINA CASTRO LIDIA ISABEL', '', 'Mujer', NULL, '0', '975651734', 'PERÚ', 0, 0, 0, NULL, '0'),
	(2324, '73162498', 'ALESSANDRO DEL PIERO', 'LEON CHACON', NULL, NULL, 'M', '2009-02-03', '0', NULL, 'PERÚ', 0, 0, 0, NULL, '0'),
	(2325, '00000255', NULL, NULL, 'LEON PRETEL DUNNER', '', 'Hombre', NULL, '0', '', 'PERÚ', 0, 0, 0, NULL, '0'),
	(2326, '71676905', 'JOSÉ ANTHONY', 'LIÑAN VIGO', NULL, NULL, 'M', '2008-06-02', '0', NULL, 'PERÚ', 0, 0, 0, NULL, '0'),
	(2327, '80242772', NULL, NULL, 'LIÑAN LOZANO JOSE ANTONIO', '', 'Hombre', NULL, '0', '', 'PERÚ', 0, 0, 0, NULL, '0'),
	(2328, '62352792', 'EMILISSE NOHELY', 'LOZANO ESPINOZA', NULL, NULL, 'F', '2008-04-14', '0', NULL, 'PERÚ', 0, 0, 0, NULL, '0'),
	(2329, '46810528', NULL, NULL, 'ESPINOZA ALVA YUNELLY', '', 'Mujer', NULL, '0', '', 'PERÚ', 0, 0, 0, NULL, '0'),
	(2330, '61378797', 'JHOSUE ADRIAN', 'MORALES MARLO', NULL, NULL, 'M', '2008-08-31', '0', NULL, 'PERÚ', 0, 0, 0, NULL, '0'),
	(2331, '42401062', NULL, NULL, 'MORALES SOLIS ELVIN', '', 'Hombre', NULL, '0', '', 'PERÚ', 0, 0, 0, NULL, '0'),
	(2332, '61479011', 'LUIS RODOLFO', 'PONCE CHI', NULL, NULL, 'M', '2008-12-29', '0', NULL, 'PERÚ', 0, 0, 0, NULL, '0'),
	(2333, '19326968', NULL, NULL, 'PONCE GAMARRA LUIS RODOLFO', '', 'Hombre', NULL, '0', '948258592', 'PERÚ', 0, 0, 0, NULL, '0'),
	(2334, '61478976', 'KIM RICKARD DAMIAN', 'QUIROZ ARANA', NULL, NULL, 'F', '2008-11-20', '0', NULL, 'PERÚ', 0, 0, 0, NULL, '0'),
	(2335, '40259923', NULL, NULL, 'ARANA SANCHEZ ROSARIO MARLENE', '', 'Mujer', NULL, '0', '', 'PERÚ', 0, 0, 0, NULL, '0'),
	(2336, '61378683', 'FABIAN IBRAHIM', 'QUISPE CORREA', NULL, NULL, 'M', '2008-07-16', '0', NULL, 'PERÚ', 0, 0, 0, NULL, '0'),
	(2337, '40275722', NULL, NULL, 'QUISPE MACO OMAR LUIS', '', 'Hombre', NULL, '0', '', 'PERÚ', 0, 0, 0, NULL, '0'),
	(2338, '62044849', 'CAMILA ELIZABETH', 'ROBLES MENDOZA', NULL, NULL, 'F', '2009-02-19', '0', NULL, 'PERÚ', 0, 0, 0, NULL, '0'),
	(2339, '00000262', NULL, NULL, 'MENDOZA CHAVEZ BRENDA NATALY', '', 'Mujer', NULL, '0', '', 'PERÚ', 0, 0, 0, NULL, '0'),
	(2340, '61478832', 'ANDERSON DIEGO', 'RODRIGUEZ SAUCEDO', NULL, NULL, 'M', '2008-10-09', '0', NULL, 'PERÚ', 0, 0, 0, NULL, '0'),
	(2341, '00000263', NULL, NULL, 'RODRIGUEZ BELTRAN CARLOS PANFILO', '', 'Hombre', NULL, '0', '', 'PERÚ', 0, 0, 0, NULL, '0'),
	(2342, '61479045', 'ANGELA GABRIELA', 'ROMERO GUEVARA', NULL, NULL, 'M', '2008-12-18', '0', NULL, 'PERÚ', 0, 0, 0, NULL, '0'),
	(2343, '44988859', NULL, NULL, 'ROMERO CHALAN GABRIEL SALOMON', '', 'Hombre', NULL, '0', '', 'PERÚ', 0, 0, 0, NULL, '0'),
	(2344, '61478893', 'GERAL PASCUAL', 'RUIZ TORRES', NULL, NULL, 'M', '2008-11-06', '0', NULL, 'PERÚ', 0, 0, 0, NULL, '0'),
	(2345, '00000265', NULL, NULL, 'RUIZ ROJAS DENNIS WALTER', '', 'Hombre', NULL, '0', '', 'PERÚ', 0, 0, 0, NULL, '0'),
	(2346, '61378762', 'RONALD DAVID', 'SABA HERNANDEZ', NULL, NULL, 'M', '2008-08-09', '0', NULL, 'PERÚ', 0, 0, 0, NULL, '0'),
	(2347, '00000266', NULL, NULL, 'SABA MANOSALVA DANIEL ALBERTO', '', 'Hombre', NULL, '0', '', 'PERÚ', 0, 0, 0, NULL, '0'),
	(2348, '61378612', 'ANDERSON JHOSIMAR', 'SALAZAR RODAS', NULL, NULL, 'M', '2008-06-25', '0', NULL, 'PERÚ', 0, 0, 0, NULL, '0'),
	(2349, '00000267', NULL, NULL, 'SALAZAR PALOMINO GROBERT LUIS', '', 'Hombre', NULL, '0', '', 'PERÚ', 0, 0, 0, NULL, '0'),
	(2350, '61478886', 'ABEL ALEXANDER', 'SALDAÑA TERRONES', NULL, NULL, 'M', '2008-10-31', '0', NULL, 'PERÚ', 0, 0, 0, NULL, '0'),
	(2351, '41274291', NULL, NULL, 'SALDAÑA CUZCO JORGE LUIS', '', 'Hombre', NULL, '0', '', 'PERÚ', 0, 0, 0, NULL, '0'),
	(2352, '61240119', 'ASHLY JUVICKSA', 'SANCHEZ RUBIO', NULL, NULL, 'F', '2008-02-09', '0', NULL, 'PERÚ', 0, 0, 0, NULL, '0'),
	(2353, '00000269', NULL, NULL, 'RUBIO MENDOZA ANA MELVA', '', 'Mujer', NULL, '0', '', 'PERÚ', 0, 0, 0, NULL, '0'),
	(2354, '72589573', 'JONATHAN ADRIAN', 'TERAN TAYPE', NULL, NULL, 'F', '2008-11-02', '0', NULL, 'PERÚ', 0, 0, 0, NULL, '0'),
	(2355, '41750924', NULL, NULL, 'TAYPE ROMERO JESSICA PAMELA', '', 'Mujer', NULL, '0', '988880448', 'PERÚ', 0, 0, 0, NULL, '0'),
	(2356, '62058709', 'JAROL RODRIGO', 'VENTURA SAMAN', NULL, NULL, 'F', '2009-02-28', '0', NULL, 'PERÚ', 0, 0, 0, NULL, '0'),
	(2357, '19323380', NULL, NULL, 'SAMAN LOJAS ROSEMARY JULLISA', '', 'Mujer', NULL, '0', '', 'PERÚ', 0, 0, 0, NULL, '0'),
	(2358, '60233365', 'RODRIGO DAVID', 'ARAUJO ANGULO', NULL, NULL, 'F', '2008-01-16', '0', NULL, 'PERÚ', 0, 0, 0, NULL, '0'),
	(2359, '00000272', NULL, NULL, 'ANGULO AREVALO MARIXA', '', 'Mujer', NULL, '0', '', 'PERÚ', 0, 0, 0, NULL, '0'),
	(2360, '61378394', 'IRENE YANIRA', 'BARDALES CUMPA', NULL, NULL, 'M', '2008-05-18', '0', NULL, 'PERÚ', 0, 0, 0, NULL, '0'),
	(2361, '00000273', NULL, NULL, 'BARDALES RIVERA JIM MORRIS', '', 'Hombre', NULL, '0', '', 'PERÚ', 0, 0, 0, NULL, '0'),
	(2362, '61130728', 'DAIVID JAMIR', 'BAZAN MORALES', NULL, NULL, 'M', '2007-09-16', '0', NULL, 'PERÚ', 0, 0, 0, NULL, '0'),
	(2363, '43155370', NULL, NULL, 'BAZAN CALDERON EDGAR FELIPE', '', 'Hombre', NULL, '0', '948568505', 'PERÚ', 0, 0, 0, NULL, '0'),
	(2364, '61130837', 'IRVING JOSUE', 'BELTRAN QUIROZ', NULL, NULL, 'F', '2007-10-17', '0', NULL, 'PERÚ', 0, 0, 0, NULL, '0'),
	(2365, '19322517', NULL, NULL, 'QUIROZ AVILA JULIA OLGA', '', 'Mujer', NULL, '0', '', 'PERÚ', 0, 0, 0, NULL, '0'),
	(2366, '61239981', 'JOSE JAIR', 'BURGA ANGULO', NULL, NULL, 'M', '2007-12-28', '0', NULL, 'PERÚ', 0, 0, 0, NULL, '0'),
	(2367, '19190416', NULL, NULL, 'BURGA GAMARRA JOSE HUMBERTO', '', 'Hombre', NULL, '0', '', 'PERÚ', 0, 0, 0, NULL, '0'),
	(2368, '61240172', 'ARTURO MICHAEL', 'CABRERA MONCADA', NULL, NULL, 'F', '2008-03-15', '0', NULL, 'PERÚ', 0, 0, 0, NULL, '0'),
	(2369, '61378667', 'IRYORHI ZELEY', 'CASTAÑEDA VASQUEZ', NULL, NULL, 'F', '2008-07-15', '0', NULL, 'PERÚ', 0, 0, 0, NULL, '0'),
	(2370, '41771521', NULL, NULL, 'VASQUEZ HERNANDEZ YSELA ROSIBEL', '', 'Mujer', NULL, '0', '566707', 'PERÚ', 0, 0, 0, NULL, '0'),
	(2371, '61239991', 'DIANA MARIBEL', 'CHAVEZ SANCHEZ', NULL, NULL, 'F', '2008-01-14', '0', NULL, 'PERÚ', 0, 0, 0, NULL, '0'),
	(2372, '00000279', NULL, NULL, 'SANCHEZ TUCTO NORA MARIBEL', '', 'Mujer', NULL, '0', '', 'PERÚ', 0, 0, 0, NULL, '0'),
	(2373, '61240335', 'JUAN DANIEL', 'COBA SALAZAR', NULL, NULL, 'F', '2008-04-22', '0', NULL, 'PERÚ', 0, 0, 0, NULL, '0'),
	(2374, '00000280', NULL, NULL, 'SALAZAR BECERRA ELSA YSELA', '', 'Mujer', NULL, '0', '', 'PERÚ', 0, 0, 0, NULL, '0'),
	(2375, '61130641', 'DEYVI JOSE', 'COTRINA POMA', NULL, NULL, 'M', '2007-08-11', '0', NULL, 'PERÚ', 0, 0, 0, NULL, '0'),
	(2376, '00000281', NULL, NULL, 'COTRINA MONTOYA JULIO  CESAR', '', 'Hombre', NULL, '0', '779822 / 999836365', 'PERÚ', 0, 0, 0, NULL, '0'),
	(2377, '60230347', 'MARYORI YOSSELINA', 'CRUZADO CANOVA', NULL, NULL, 'M', '2007-06-03', '0', NULL, 'PERÚ', 0, 0, 0, NULL, '0'),
	(2378, '00000282', NULL, NULL, 'DIAZ CANOVA CRISTIAN EDUARDO', '', 'Hombre', NULL, '0', '', 'PERÚ', 0, 0, 0, NULL, '0'),
	(2379, '61130965', 'ANDREA ISABEL', 'DEZA IMAN', NULL, NULL, 'F', '2007-12-01', '0', NULL, 'PERÚ', 0, 0, 0, NULL, '0'),
	(2380, '40150230', NULL, NULL, 'IMAN CHAVEZ LILIANA MARIBEL', '', 'Mujer', NULL, '0', '', 'PERÚ', 0, 0, 0, NULL, '0'),
	(2381, '60492015', 'DANIEL DAVID', 'ESCALANTE BERMEJO', NULL, NULL, 'F', '2007-02-22', '0', NULL, 'PERÚ', 0, 0, 0, NULL, '0'),
	(2382, '42524935', NULL, NULL, 'BERMEJO FLORES ROSA AMELIA', '', 'Mujer', NULL, '0', '971280827', 'PERÚ', 0, 0, 0, NULL, '0'),
	(2383, '61239904', 'KHIARA ALEXANDRA', 'FLORES ESPINOZA', NULL, NULL, 'F', '2007-12-15', '0', NULL, 'PERÚ', 0, 0, 0, NULL, '0'),
	(2384, '00000285', NULL, NULL, 'ESPINOZA JULCA MELVA NILDA', '', 'Mujer', NULL, '0', '', 'PERÚ', 0, 0, 0, NULL, '0'),
	(2385, '61240159', 'ALLISSON PAMELA', 'GALLO RUIZ', NULL, NULL, 'M', '2008-03-08', '0', NULL, 'PERÚ', 0, 0, 0, NULL, '0'),
	(2386, '00000286', NULL, NULL, 'GALLO CONDORI JOHNATHAN HELLYMER', '', 'Hombre', NULL, '0', '', 'PERÚ', 0, 0, 0, NULL, '0'),
	(2387, '61130661', 'ANDY NICOLAS', 'GARAY MATARA', NULL, NULL, 'F', '2007-08-19', '0', NULL, 'PERÚ', 0, 0, 0, NULL, '0'),
	(2388, '40309752', NULL, NULL, 'MATARA SAUCEDO MARIELLA VIOLETA', '', 'Mujer', NULL, '0', '', 'PERÚ', 0, 0, 0, NULL, '0'),
	(2389, '61240026', 'ALEXANDRA SARAI', 'HUARIPATA MALCA', NULL, NULL, 'F', '2008-02-05', '0', NULL, 'PERÚ', 0, 0, 0, NULL, '0'),
	(2390, '42584442', NULL, NULL, 'MALCA PALOMINO MAYRA SARAY', '', 'Mujer', NULL, '0', '', 'PERÚ', 0, 0, 0, NULL, '0'),
	(2391, '61277751', 'JOSHUA', 'ITURRIZAGA SHUPINGAHUA', NULL, NULL, 'F', '2008-02-16', '0', NULL, 'PERÚ', 0, 0, 0, NULL, '0'),
	(2392, '00000289', NULL, NULL, 'SHUPINGAHUA CAIZARA LEIDY LLANE', '', 'Mujer', NULL, '0', '', 'PERÚ', 0, 0, 0, NULL, '0'),
	(2393, '61240181', 'NORRY KLEY', 'LEZAMA ORELLANA', NULL, NULL, 'M', '2008-03-15', '0', NULL, 'PERÚ', 0, 0, 0, NULL, '0'),
	(2394, '00000290', NULL, NULL, 'LEZAMA CHAVARRIA VÍCTOR HUGO', '', 'Hombre', NULL, '0', '', 'PERÚ', 0, 0, 0, NULL, '0'),
	(2395, '61378546', 'MILAGROS ANTONELLA', 'MARTINEZ CRUZ', NULL, NULL, 'M', '2008-05-13', '0', NULL, 'PERÚ', 0, 0, 0, NULL, '0'),
	(2396, '00000291', NULL, NULL, 'MARTINEZ MONTERO JOSE', '', 'Hombre', NULL, '0', '', 'PERÚ', 0, 0, 0, NULL, '0'),
	(2397, '61130591', 'HECTOR LEONARDO', 'MAYTA VASQUEZ', NULL, NULL, 'M', '2007-07-16', '0', NULL, 'PERÚ', 0, 0, 0, NULL, '0'),
	(2398, '19328097', NULL, NULL, 'MAYTA ROMERO CESAR ALFREDO', '', 'Hombre', NULL, '0', '948657714', 'PERÚ', 0, 0, 0, NULL, '0'),
	(2399, '61130860', 'ANGEL JOSE', 'MENDOZA ROMERO', NULL, NULL, 'F', '2007-10-13', '0', NULL, 'PERÚ', 0, 0, 0, NULL, '0'),
	(2400, '19320155', NULL, NULL, 'ROMERO LLANOS ELOISA EUMELIA', '', 'Mujer', NULL, '0', '', 'PERÚ', 0, 0, 0, NULL, '0'),
	(2401, '61240048', 'FIORELLA ESTHER', 'ORDOÑEZ RUIZ', NULL, NULL, 'M', '2008-01-24', '0', NULL, 'PERÚ', 0, 0, 0, NULL, '0'),
	(2402, '19329461', NULL, NULL, 'ORDOÑEZ MAYTA MANUEL JESUS', '', 'Hombre', NULL, '0', '923243792', 'PERÚ', 0, 0, 0, NULL, '0'),
	(2403, '61130895', 'LARRY FERNANDO', 'REVILLA CORDOVA', NULL, NULL, 'F', '2007-11-06', '0', NULL, 'PERÚ', 0, 0, 0, NULL, '0'),
	(2404, '42678976', NULL, NULL, 'CORDOVA CHUQUILIN DEYSI ROCIO', '', 'Mujer', NULL, '0', '948154364', 'PERÚ', 0, 0, 0, NULL, '0'),
	(2405, '61239943', 'ANDERSON AARON', 'RUIZ SANTILLAN', NULL, NULL, 'M', '2007-12-12', '0', NULL, 'PERÚ', 0, 0, 0, NULL, '0'),
	(2406, '44431526', NULL, NULL, 'RUIZ PANDURO OSCAR ROBERTO', '', 'Hombre', NULL, '0', '', 'PERÚ', 0, 0, 0, NULL, '0'),
	(2407, '61336746', 'AITANA ARACELY', 'SANCHEZ PALOMINO', NULL, NULL, 'F', '2008-04-06', '0', NULL, 'PERÚ', 0, 0, 0, NULL, '0'),
	(2408, '00000297', NULL, NULL, 'PALOMINO MARTOS AMPARO DEL ROCIO', '', 'Mujer', NULL, '0', '', 'PERÚ', 0, 0, 0, NULL, '0'),
	(2409, '61240003', 'ALEYSSER GONZALO', 'SUAREZ VENTURA', NULL, NULL, 'M', '2008-01-13', '0', NULL, 'PERÚ', 0, 0, 0, NULL, '0'),
	(2410, '00000298', NULL, NULL, 'SUAREZ ESPINOZA OSCAR GONZALO', '', 'Hombre', NULL, '0', '', 'PERÚ', 0, 0, 0, NULL, '0'),
	(2411, '61130694', 'YEYSON', 'VASQUEZ ORTIZ', NULL, NULL, 'M', '2007-09-01', '0', NULL, 'PERÚ', 0, 0, 0, NULL, '0'),
	(2412, '00000299', NULL, NULL, 'VASQUEZ SOTO JESUS MALFI', '', 'Hombre', NULL, '0', '947891362', 'PERÚ', 0, 0, 0, NULL, '0'),
	(2413, '60286758', 'YASURY SUGEY', 'ACUÑA MEDINA', NULL, NULL, 'F', '2007-08-23', '0', NULL, 'PERÚ', 0, 0, 0, NULL, '0'),
	(2414, '19190273', NULL, NULL, 'MEDINA QUIROZ LUZ MARINA', '', 'Mujer', NULL, '0', '', 'PERÚ', 0, 0, 0, NULL, '0'),
	(2415, '61062028', 'JULIO CESAR', 'ALBITRES RUBIO', NULL, NULL, 'F', '2007-04-18', '0', NULL, 'PERÚ', 0, 0, 0, NULL, '0'),
	(2416, '19331148', NULL, NULL, 'RUBIO TERRONES MARIA SOLEDAD', '', 'Mujer', NULL, '0', '', 'PERÚ', 0, 0, 0, NULL, '0'),
	(2417, '71687702', 'LUCIANO VALENTINO', 'ALIAGA CAMACHO', NULL, NULL, 'F', '2008-06-27', '0', NULL, 'PERÚ', 0, 0, 0, NULL, '0'),
	(2418, '00000302', NULL, NULL, 'CAMACHO LA MADRID PATRICIA', '', 'Mujer', NULL, '0', '589452', 'PERÚ', 0, 0, 0, NULL, '0'),
	(2419, '61062260', 'JUAN DIEGO', 'ALVARADO QUIROZ', NULL, NULL, 'F', '2007-06-24', '0', NULL, 'PERÚ', 0, 0, 0, NULL, '0'),
	(2420, '44946345', NULL, NULL, 'QUIROZ GALVEZ LADY DEANNE', '', 'Mujer', NULL, '0', '916319035', 'PERÚ', 0, 0, 0, NULL, '0'),
	(2421, '61062207', 'BRISHLEYR BRASHLOR', 'ARRIBASPLATA PAREDES', NULL, NULL, 'M', '2007-06-16', '0', NULL, 'PERÚ', 0, 0, 0, NULL, '0'),
	(2422, '43563069', NULL, NULL, 'ARRIBASPLATA LOPEZ WILSON FERNANDO', '', 'Hombre', NULL, '0', '', 'PERÚ', 0, 0, 0, NULL, '0'),
	(2423, '61130801', 'CRISTIAN EDUARDO', 'BECERRA CHAMAYA', NULL, NULL, 'F', '2007-09-23', '0', NULL, 'PERÚ', 0, 0, 0, NULL, '0'),
	(2424, '00000305', NULL, NULL, 'CHAMAYA CRUZADO JULIA ELIZABETH', '', 'Mujer', NULL, '0', '', 'PERÚ', 0, 0, 0, NULL, '0'),
	(2425, '61240064', 'JEISSON ALEXANDER', 'BRINGAS MESTANZA', NULL, NULL, 'M', '2008-01-25', '0', NULL, 'PERÚ', 0, 0, 0, NULL, '0'),
	(2426, '41257343', NULL, NULL, 'BRINGAS TORRES ROBIN PERCY', '', 'Hombre', NULL, '0', '', 'PERÚ', 0, 0, 0, NULL, '0'),
	(2427, '61130945', 'KATHIA NOEMI', 'BRUNO RIOJAS', NULL, NULL, 'M', '2007-11-10', '0', NULL, 'PERÚ', 0, 0, 0, NULL, '0'),
	(2428, '00000307', NULL, NULL, 'BRUNO HUAMAN JHONNY WILMER', '', 'Hombre', NULL, '0', '947968983', 'PERÚ', 0, 0, 0, NULL, '0'),
	(2429, '61378488', 'JUNIOR ADRIAM', 'CABANILLAS CORREA', NULL, NULL, 'M', '2008-05-20', '0', NULL, 'PERÚ', 0, 0, 0, NULL, '0'),
	(2430, '00000308', NULL, NULL, 'CABANILLAS CABANILLAS CARLOS MANUEL', '', 'Hombre', NULL, '0', '', 'PERÚ', 0, 0, 0, NULL, '0'),
	(2431, '61240164', 'ROBINSON ARTURO', 'CABANILLAS LLALLE', NULL, NULL, 'M', '2008-03-04', '0', NULL, 'PERÚ', 0, 0, 0, NULL, '0'),
	(2432, '00000309', NULL, NULL, 'CABANILLAS TRUJILLO LARRY', '', 'Hombre', NULL, '0', '', 'PERÚ', 0, 0, 0, NULL, '0'),
	(2433, '61378365', 'ASHLEY NICOLE', 'CABANILLAS RAMOS', NULL, NULL, 'F', '2008-04-22', '0', NULL, 'PERÚ', 0, 0, 0, NULL, '0'),
	(2434, '24003213', NULL, NULL, 'RAMOS CHOQUE ALICIA', '', 'Mujer', NULL, '0', '', 'PERÚ', 0, 0, 0, NULL, '0'),
	(2435, '62352698', 'GREYSI NICOLLE', 'CABANILLAS ZELADA', NULL, NULL, 'F', '2008-01-12', '0', NULL, 'PERÚ', 0, 0, 0, NULL, '0'),
	(2436, '46945314', NULL, NULL, 'ZELADA RASHTA YRINA MILAGROS', '', 'Mujer', NULL, '0', '', 'PERÚ', 0, 0, 0, NULL, '0'),
	(2437, '61130654', 'IVAN DEIVIS', 'CABRERA PEREZ', NULL, NULL, 'F', '2007-08-12', '0', NULL, 'PERÚ', 0, 0, 0, NULL, '0'),
	(2438, '46232706', NULL, NULL, 'PEREZ CALDERON CLAUDIA MARIBEL', '', 'Mujer', NULL, '0', '941954226', 'PERÚ', 0, 0, 0, NULL, '0'),
	(2439, '61188486', 'JOSELYN', 'CHIGUALA DIAZ', NULL, NULL, 'F', '2007-09-14', '0', NULL, 'PERÚ', 0, 0, 0, NULL, '0'),
	(2440, '61240083', 'LUIS FERNANDO', 'LLANOS PALOMINO', NULL, NULL, 'F', '2008-01-30', '0', NULL, 'PERÚ', 0, 0, 0, NULL, '0'),
	(2441, '00000314', NULL, NULL, 'PALOMINO YGNACIO MARIELA RENE', '', 'Mujer', NULL, '0', '', 'PERÚ', 0, 0, 0, NULL, '0'),
	(2442, '61130816', 'SUSAN NICOL', 'LLIQUE DE LA CRUZ', NULL, NULL, 'M', '2007-09-23', '0', NULL, 'PERÚ', 0, 0, 0, NULL, '0'),
	(2443, '19331258', NULL, NULL, 'LLIQUE TRUJILLO SEGUNDO MANUEL', '', 'Hombre', NULL, '0', '', 'PERÚ', 0, 0, 0, NULL, '0'),
	(2444, '61240262', 'RONALD JOSUE', 'LOZANO VERA', NULL, NULL, 'F', '2008-03-08', '0', NULL, 'PERÚ', 0, 0, 0, NULL, '0'),
	(2445, '40072118', NULL, NULL, 'VERA CARDOZA IRIS JACQUELINE', '', 'Mujer', NULL, '0', '', 'PERÚ', 0, 0, 0, NULL, '0'),
	(2446, '61478939', 'STEFANY TATIANA', 'MARRERO CUEVA', NULL, NULL, 'M', '2007-10-17', '0', NULL, 'PERÚ', 0, 0, 0, NULL, '0'),
	(2447, '00000317', NULL, NULL, 'MARRERO VARGAS ROBERTH RICHARD', '', 'Hombre', NULL, '0', '', 'PERÚ', 0, 0, 0, NULL, '0'),
	(2448, '61378795', 'SHARLES FERNANDO', 'MAYTA CASTAÑEDA', NULL, NULL, 'M', '2008-06-30', '0', NULL, 'PERÚ', 0, 0, 0, NULL, '0'),
	(2449, '00000318', NULL, NULL, 'M C CH', '', 'Hombre', NULL, '0', '', 'PERÚ', 0, 0, 0, NULL, '0'),
	(2450, '61130679', 'BRANDOM ISAAC', 'MEDINA RIOS', NULL, NULL, 'F', '2007-08-14', '0', NULL, 'PERÚ', 0, 0, 0, NULL, '0'),
	(2451, '44500167', NULL, NULL, 'RIOS BRINGAS MARILU ESTILITA', '', 'Mujer', NULL, '0', '', 'PERÚ', 0, 0, 0, NULL, '0'),
	(2452, '61130655', 'MAURO STEVEN', 'MENDOZA BERNAL', NULL, NULL, 'M', '2007-08-08', '0', NULL, 'PERÚ', 0, 0, 0, NULL, '0'),
	(2453, '40260586', NULL, NULL, 'MENDOZA ÑONTOL GILMAR AMILTON', '', 'Hombre', NULL, '0', '', 'PERÚ', 0, 0, 0, NULL, '0'),
	(2454, '61240070', 'CIELO JAZMIN', 'MENDOZA VASQUEZ', NULL, NULL, 'F', '2008-01-28', '0', NULL, 'PERÚ', 0, 0, 0, NULL, '0'),
	(2455, '00000321', NULL, NULL, 'VASQUEZ VILLOSLADA MARÍA IMELDA', '', 'Mujer', NULL, '0', '', 'PERÚ', 0, 0, 0, NULL, '0'),
	(2456, '61239907', 'CAMILA ORIELY', 'MONCADA OLANO', NULL, NULL, 'F', '2007-11-29', '0', NULL, 'PERÚ', 0, 0, 0, NULL, '0'),
	(2457, '00000322', NULL, NULL, 'OLANO JULCA MARIELLA BETINA', '', 'Mujer', NULL, '0', '942410798', 'PERÚ', 0, 0, 0, NULL, '0'),
	(2458, '71189661', 'XAVIER SMITH', 'MONCADA SOBERON', NULL, NULL, 'F', '2008-04-09', '0', NULL, 'PERÚ', 0, 0, 0, NULL, '0'),
	(2459, '16694411', NULL, NULL, 'SOBERON ESPARZA DE MONCADA EMERITA', '', 'Mujer', NULL, '0', '563590', 'PERÚ', 0, 0, 0, NULL, '0'),
	(2460, '61378430', 'ANDY HELAMAN', 'MUÑOZ CRUZADO', NULL, NULL, 'F', '2008-03-06', '0', NULL, 'PERÚ', 0, 0, 0, NULL, '0'),
	(2461, '00000324', NULL, NULL, 'CRUZADO CRUZADO LUCY', '', 'Mujer', NULL, '0', '996401963', 'PERÚ', 0, 0, 0, NULL, '0'),
	(2462, '61240154', 'VICTOR HUGO', 'RIOS SANTA CRUZ', NULL, NULL, 'F', '2008-03-11', '0', NULL, 'PERÚ', 0, 0, 0, NULL, '0'),
	(2463, '00000325', NULL, NULL, 'SANTA CRUZ RODAS ESPERANZA', '', 'Mujer', NULL, '0', '', 'PERÚ', 0, 0, 0, NULL, '0'),
	(2464, '61240210', 'NOELIA LIZETH', 'TERRONES ARROYO', NULL, NULL, 'F', '2008-03-25', '0', NULL, 'PERÚ', 0, 0, 0, NULL, '0'),
	(2465, '00000326', NULL, NULL, 'ARROYO HUACCHA JUANA ESTHER', '', 'Mujer', NULL, '0', '', 'PERÚ', 0, 0, 0, NULL, '0'),
	(2466, '61130847', 'JUAN CARLOS', 'VASQUEZ VASQUEZ', NULL, NULL, 'F', '2007-10-12', '0', NULL, 'PERÚ', 0, 0, 0, NULL, '0'),
	(2467, '19329981', NULL, NULL, 'VASQUEZ GUERRERO TANIA SOLEDAD', '', 'Mujer', NULL, '0', '949449747', 'PERÚ', 0, 0, 0, NULL, '0'),
	(2468, '72057441', 'KIARA ALEXANDRA', 'CAMPOS ESPINOZA', NULL, NULL, 'F', '2008-07-14', '0', NULL, 'PERÚ', 0, 0, 0, NULL, '0'),
	(2469, '45274752', NULL, NULL, 'ESPINOZA BRAVO ROSA AMELIA', '', 'Mujer', NULL, '0', '966982002', 'PERÚ', 0, 0, 0, NULL, '0'),
	(2470, '74700320', 'JOSELYN MILAGROS', 'CASTAÑEDA DE LA CRUZ', NULL, NULL, 'F', '2008-02-15', '0', NULL, 'PERÚ', 0, 0, 0, NULL, '0'),
	(2471, '00000329', NULL, NULL, 'DE LA CRUZ OCAS GLORIA JANET', '', 'Mujer', NULL, '0', '044580183', 'PERÚ', 0, 0, 0, NULL, '0'),
	(2472, '60469379', 'GREYSI MARIBEL', 'CASTAÑEDA LITANO', NULL, NULL, 'M', '2007-01-02', '0', NULL, 'PERÚ', 0, 0, 0, NULL, '0'),
	(2473, '80349115', NULL, NULL, 'CASTAÑEDA CERNA JOSE LUIS', '', 'Hombre', NULL, '0', '', 'PERÚ', 0, 0, 0, NULL, '0'),
	(2474, '70951545', 'LEONARDO MOISES', 'CASTAÑEDA SANTA CRUZ', NULL, NULL, 'F', '2007-10-23', '0', NULL, 'PERÚ', 0, 0, 0, NULL, '0'),
	(2475, '19320170', NULL, NULL, 'SANTA CRUZ CABANILLAS MAVILA HERMILA', '', 'Mujer', NULL, '0', '', 'PERÚ', 0, 0, 0, NULL, '0'),
	(2476, '61240149', 'DIANA KATERINE NATALY', 'CENTURION TORRES', NULL, NULL, 'F', '2008-02-25', '0', NULL, 'PERÚ', 0, 0, 0, NULL, '0'),
	(2477, '00000332', NULL, NULL, 'TORRES BUSTAMANTE MARIBEL MAGALI', '', 'Mujer', NULL, '0', '', 'PERÚ', 0, 0, 0, NULL, '0'),
	(2478, '61378460', 'ANGELA LUZMILA', 'CERREPE GAMARRA', NULL, NULL, 'F', '2008-05-25', '0', NULL, 'PERÚ', 0, 0, 0, NULL, '0'),
	(2479, '19211663', NULL, NULL, 'GAMARRA CABANILLAS MARIA ISABEL', '', 'Mujer', NULL, '0', '948974715', 'PERÚ', 0, 0, 0, NULL, '0'),
	(2480, '61130796', 'JOSE ISRRAEL', 'CHAFLOQUE VERA', NULL, NULL, 'F', '2007-09-03', '0', NULL, 'PERÚ', 0, 0, 0, NULL, '0'),
	(2481, '19321158', NULL, NULL, 'VERA SALDAÑA HILDA IRIS', '', 'Mujer', NULL, '0', '', 'PERÚ', 0, 0, 0, NULL, '0'),
	(2482, '61769485', 'CHRISTOPHER JOSUE', 'CHAVEZ MONSEFU', NULL, NULL, 'M', '2007-12-12', '0', NULL, 'PERÚ', 0, 0, 0, NULL, '0'),
	(2483, '19332997', NULL, NULL, 'CHAVEZ CHUGDEN CRISTOBAL', '', 'Hombre', NULL, '0', '', 'PERÚ', 0, 0, 0, NULL, '0'),
	(2484, '62044819', 'JOSSELYN MARLENY', 'CHUNQUI TERRONES', NULL, NULL, 'F', '2007-08-04', '0', NULL, 'PERÚ', 0, 0, 0, NULL, '0'),
	(2485, '41274307', NULL, NULL, 'TERRONES CUBAS VILMA ELIZABETH', '', 'Mujer', NULL, '0', '', 'PERÚ', 0, 0, 0, NULL, '0'),
	(2486, '61240019', 'MARIANO DAVID', 'COLINA PURISACA', NULL, NULL, 'F', '2008-01-23', '0', NULL, 'PERÚ', 0, 0, 0, NULL, '0'),
	(2487, '61130713', 'MARIA ESTEFANY', 'HERNANDEZ HUATAY', NULL, NULL, 'F', '2007-09-02', '0', NULL, 'PERÚ', 0, 0, 0, NULL, '0'),
	(2488, '43566319', NULL, NULL, 'HUATAY CHERO KARINA JANET', '', 'Mujer', NULL, '0', '949687690', 'PERÚ', 0, 0, 0, NULL, '0'),
	(2489, '61240273', 'ARNALDO DANIEL', 'HERNANDEZ MENDOZA', NULL, NULL, 'M', '2008-03-26', '0', NULL, 'PERÚ', 0, 0, 0, NULL, '0'),
	(2490, '00000339', NULL, NULL, 'HERNANDEZ VASQUEZ JAVIER AMADOR', '', 'Hombre', NULL, '0', '', 'PERÚ', 0, 0, 0, NULL, '0'),
	(2491, '61062165', 'MISDRAYM ANAYELI', 'HERNANDEZ SANCHEZ', NULL, NULL, 'F', '2007-05-26', '0', NULL, 'PERÚ', 0, 0, 0, NULL, '0'),
	(2492, '40607535', NULL, NULL, 'SANCHEZ BALCAZAR ROSALINA', '', 'Mujer', NULL, '0', '', 'PERÚ', 0, 0, 0, NULL, '0'),
	(2493, '61130990', 'DALILA MARIVI', 'HUAMAN SALDAÑA', NULL, NULL, 'F', '2007-11-24', '0', NULL, 'PERÚ', 0, 0, 0, NULL, '0'),
	(2494, '42854358', NULL, NULL, 'SALDAÑA SABA ROSA JUANA', '', 'Mujer', NULL, '0', '920723378', 'PERÚ', 0, 0, 0, NULL, '0'),
	(2495, '61062042', 'MARIA ESMERALDA', 'HUATAY VARGAS', NULL, NULL, 'M', '2007-04-28', '0', NULL, 'PERÚ', 0, 0, 0, NULL, '0'),
	(2496, '00000342', NULL, NULL, 'HUATAY TUESTA JOSE VIDAURO', '', 'Hombre', NULL, '0', '', 'PERÚ', 0, 0, 0, NULL, '0'),
	(2497, '61240100', 'FRANK EDUARDO', 'IGNACIO LEON', NULL, NULL, 'M', '2008-02-20', '0', NULL, 'PERÚ', 0, 0, 0, NULL, '0'),
	(2498, '00000343', NULL, NULL, 'IGNACIO CABRERA ELARD FRANK', '', 'Hombre', NULL, '0', '', 'PERÚ', 0, 0, 0, NULL, '0'),
	(2499, '61130625', 'LEONARDO ALBERTO', 'MONSEFU GONZALES', NULL, NULL, 'M', '2007-08-07', '0', NULL, 'PERÚ', 0, 0, 0, NULL, '0'),
	(2500, '00000344', NULL, NULL, 'MONSEFU NECIOSUP ALBERTO CRUZ', '', 'Hombre', NULL, '0', '988974299', 'PERÚ', 0, 0, 0, NULL, '0'),
	(2501, '61130599', 'MARIA ISABEL', 'MUJICA MATARA', NULL, NULL, 'M', '2007-07-16', '0', NULL, 'PERÚ', 0, 0, 0, NULL, '0'),
	(2502, '19329966', NULL, NULL, 'MUJICA ZEGARRA JOEL', '', 'Hombre', NULL, '0', '', 'PERÚ', 0, 0, 0, NULL, '0'),
	(2503, '61378354', 'JESUS ADRIAN', 'NORIEGA PARRAMO', NULL, NULL, 'F', '2008-03-27', '0', NULL, 'PERÚ', 0, 0, 0, NULL, '0'),
	(2504, '46278957', NULL, NULL, 'PARRAMO ROMERO IRMA LISBETT', '', 'Mujer', NULL, '0', '', 'PERÚ', 0, 0, 0, NULL, '0'),
	(2505, '61240113', 'EDUARDO VALENTINO', 'NUÑEZ RODRIGUEZ', NULL, NULL, 'M', '2008-02-14', '0', NULL, 'PERÚ', 0, 0, 0, NULL, '0'),
	(2506, '00000347', NULL, NULL, 'NUÑEZ GOMEZ SEGUNDO AMERICO', '', 'Hombre', NULL, '0', '', 'PERÚ', 0, 0, 0, NULL, '0'),
	(2507, '61240147', 'ADHEMIR WOLFANG IBRAHIM', 'ODAR CRESPIN', NULL, NULL, 'M', '2008-02-20', '0', NULL, 'PERÚ', 0, 0, 0, NULL, '0'),
	(2508, '00000348', NULL, NULL, 'ODAR ODAR SERGIO SAMUEL', '', 'Hombre', NULL, '0', '', 'PERÚ', 0, 0, 0, NULL, '0'),
	(2509, '61240131', 'LEISY MERALY', 'OLIVA LORENZO', NULL, NULL, 'F', '2008-02-11', '0', NULL, 'PERÚ', 0, 0, 0, NULL, '0'),
	(2510, '00000349', NULL, NULL, 'LORENZO MEDINA FRANCISCA MILAGROS', '', 'Mujer', NULL, '0', '948674747', 'PERÚ', 0, 0, 0, NULL, '0'),
	(2511, '61130879', 'ADRIANA RUBI', 'PAREDES FLORES', NULL, NULL, 'M', '2007-10-11', '0', NULL, 'PERÚ', 0, 0, 0, NULL, '0'),
	(2512, '00000350', NULL, NULL, 'PAREDES MONCADA JORGE LUIS', '', 'Hombre', NULL, '0', '', 'PERÚ', 0, 0, 0, NULL, '0'),
	(2513, '61130637', 'DINA YERYMAR', 'RODRIGUEZ REYES', NULL, NULL, 'F', '2007-08-10', '0', NULL, 'PERÚ', 0, 0, 0, NULL, '0'),
	(2514, '19320972', NULL, NULL, 'REYES MOSTACERO MARIA YSABEL', '', 'Mujer', NULL, '0', '', 'PERÚ', 0, 0, 0, NULL, '0'),
	(2515, '63008660', 'FLOR MANUELA', 'TACILLO REVILLA', NULL, NULL, 'M', '2007-11-11', '0', NULL, 'PERÚ', 0, 0, 0, NULL, '0'),
	(2516, '19324702', NULL, NULL, 'VILLAR SALDAÑA CELSO ORLANDO', '', 'Hombre', NULL, '0', '', 'PERÚ', 0, 0, 0, NULL, '0'),
	(2517, '61130890', 'ESTEFANNY PAOLA', 'TANTA CHUQUILIN', NULL, NULL, 'M', '2007-10-24', '0', NULL, 'PERÚ', 0, 0, 0, NULL, '0'),
	(2518, '00000353', NULL, NULL, 'TANTA MELENDEZ NOVELES', '', 'Hombre', NULL, '0', '', 'PERÚ', 0, 0, 0, NULL, '0'),
	(2519, '61240040', 'SANTIAGO ALFREDO', 'TEJEDA ESPINOZA', NULL, NULL, 'F', '2008-01-09', '0', NULL, 'PERÚ', 0, 0, 0, NULL, '0'),
	(2520, '46130577', NULL, NULL, 'ESPINOZA SERRANO LEIDA DIANA', '', 'Mujer', NULL, '0', '', 'PERÚ', 0, 0, 0, NULL, '0'),
	(2521, '61240173', 'DEERE JOSUE', 'TEJEDA PEREZ', NULL, NULL, 'M', '2008-01-22', '0', NULL, 'PERÚ', 0, 0, 0, NULL, '0'),
	(2522, '19321890', NULL, NULL, 'TEJEDA CORREA PEDRO ALFREDO', '', 'Hombre', NULL, '0', '', 'PERÚ', 0, 0, 0, NULL, '0'),
	(2523, '61378464', 'OSCAR ALBERTO', 'ARIAS MALCA', NULL, NULL, 'F', '2008-05-23', '0', NULL, 'PERÚ', 0, 0, 0, NULL, '0'),
	(2524, '00000356', NULL, NULL, 'MALCA ALVAREZ MERLY GIOVANNA', '', 'Mujer', NULL, '0', '', 'PERÚ', 0, 0, 0, NULL, '0'),
	(2525, '61130636', 'FERNANDA SAYURY', 'CRUZ BOLAÑOS', NULL, NULL, 'F', '2007-08-02', '0', NULL, 'PERÚ', 0, 0, 0, NULL, '0'),
	(2526, '00000357', NULL, NULL, 'BOLAÑOS BOLAÑOS TEONILA', '', 'Mujer', NULL, '0', '      948176849', 'PERÚ', 0, 0, 0, NULL, '0'),
	(2527, '61239911', 'CRISTHIAN FABRICIO', 'CRUZADO ESPINOZA', NULL, NULL, 'F', '2007-11-15', '0', NULL, 'PERÚ', 0, 0, 0, NULL, '0'),
	(2528, '41341939', NULL, NULL, 'ESPINOZA MEJIA ELENA ISABEL', '', 'Mujer', NULL, '0', '999146105', 'PERÚ', 0, 0, 0, NULL, '0'),
	(2529, '61239984', 'LUIS HUMBERTO', 'CRUZADO ROMERO', NULL, NULL, 'M', '2008-01-18', '0', NULL, 'PERÚ', 0, 0, 0, NULL, '0'),
	(2530, '19321762', NULL, NULL, 'CRUZADO ALVA SALVADOR ENRIQUE', '', 'Hombre', NULL, '0', '', 'PERÚ', 0, 0, 0, NULL, '0'),
	(2531, '61378444', 'FERNANDO ALONSO', 'DELGADO DELGADO', NULL, NULL, 'F', '2008-05-08', '0', NULL, 'PERÚ', 0, 0, 0, NULL, '0'),
	(2532, '47053808', NULL, NULL, 'DELGADO QUISPE GIULIANA POLET', '', 'Mujer', NULL, '0', '', 'PERÚ', 0, 0, 0, NULL, '0'),
	(2533, '61130992', 'ROSSY ADAMARY', 'ESCALANTE DAVILA', NULL, NULL, 'M', '2007-11-30', '0', NULL, 'PERÚ', 0, 0, 0, NULL, '0'),
	(2534, '00000361', NULL, NULL, 'ESCALANTE PISFIL ELVIS  ARMANDO', '', 'Hombre', NULL, '0', '', 'PERÚ', 0, 0, 0, NULL, '0'),
	(2535, '61240021', 'ALISON NICOLE', 'ESCOBAR LEYVA', NULL, NULL, 'M', '2008-01-12', '0', NULL, 'PERÚ', 0, 0, 0, NULL, '0'),
	(2536, '80205206', NULL, NULL, 'ESCOBAR VASQUEZ SIXTO CHANEL', '', 'Hombre', NULL, '0', '', 'PERÚ', 0, 0, 0, NULL, '0'),
	(2537, '60469350', 'CECILIA GRACIELA', 'ESPINOZA MALCA', NULL, NULL, 'F', '2006-12-04', '0', NULL, 'PERÚ', 0, 0, 0, NULL, '0'),
	(2538, '00000363', NULL, NULL, 'MALCA SUAREZ OLIVIA MARILU', '', 'Mujer', NULL, '0', '', 'PERÚ', 0, 0, 0, NULL, '0'),
	(2539, '61378381', 'CHRISTOPHER D\' ALESSANDRO', 'ESTEVES RAMOS', NULL, NULL, 'M', '2008-04-24', '0', NULL, 'PERÚ', 0, 0, 0, NULL, '0'),
	(2540, '43140452', NULL, NULL, 'ESTEVES SALAZAR CARLOS EDUARDO', '', 'Hombre', NULL, '0', '', 'PERÚ', 0, 0, 0, NULL, '0'),
	(2541, '61378383', 'JUDITH DE LOS ANGELES', 'GIL ALMENGOR', NULL, NULL, 'F', '2008-04-25', '0', NULL, 'PERÚ', 0, 0, 0, NULL, '0'),
	(2542, '00000365', NULL, NULL, 'ALMENGOR SILVA ANA HARVIS', '', 'Mujer', NULL, '0', '', 'PERÚ', 0, 0, 0, NULL, '0'),
	(2543, '61240183', 'OLGA BRIGITH', 'GOICOCHEA TOCAS', NULL, NULL, 'F', '2008-01-09', '0', NULL, 'PERÚ', 0, 0, 0, NULL, '0'),
	(2544, '19336653', NULL, NULL, 'TOCAS INFANTES MARGARITA MARIA', '', 'Mujer', NULL, '0', '', 'PERÚ', 0, 0, 0, NULL, '0'),
	(2545, '61239912', 'DULCE MARIA', 'GUERRERO SAMAN', NULL, NULL, 'F', '2007-12-17', '0', NULL, 'PERÚ', 0, 0, 0, NULL, '0'),
	(2546, '41698785', NULL, NULL, 'SAMAN PUSCAN MARIA LUISA', '', 'Mujer', NULL, '0', '', 'PERÚ', 0, 0, 0, NULL, '0'),
	(2547, '61378523', 'CRISTIAN EDUARDO', 'HERNANDEZ AYALA', NULL, NULL, 'F', '2008-06-13', '0', NULL, 'PERÚ', 0, 0, 0, NULL, '0'),
	(2548, '43056451', NULL, NULL, 'AYALA DAVILA ZULEMA', '', 'Mujer', NULL, '0', '', 'PERÚ', 0, 0, 0, NULL, '0'),
	(2549, '62522113', 'LESLY ALEXA', 'LINGAN ALFARO', NULL, NULL, 'M', '2007-11-20', '0', NULL, 'PERÚ', 0, 0, 0, NULL, '0'),
	(2550, '00000370', NULL, NULL, 'LINGAN ROMERO SANTOS HERNAN', '', 'Hombre', NULL, '0', '', 'PERÚ', 0, 0, 0, NULL, '0'),
	(2551, '61129730', 'DIEGO ALEXANDER', 'LINGAN SAENZ', NULL, NULL, 'F', '2007-05-28', '0', NULL, 'PERÚ', 0, 0, 0, NULL, '0'),
	(2552, '16799990', NULL, NULL, 'SAENZ DIAZ HATITA ELISA', '', 'Mujer', NULL, '0', '', 'PERÚ', 0, 0, 0, NULL, '0'),
	(2553, '61240221', 'JHOKSY MARELY', 'PEREZ CHOLAN', NULL, NULL, 'M', '2008-03-05', '0', NULL, 'PERÚ', 0, 0, 0, NULL, '0'),
	(2554, '44758546', NULL, NULL, 'PEREZ SALAZAR DEMOSTENES', '', 'Hombre', NULL, '0', '', 'PERÚ', 0, 0, 0, NULL, '0'),
	(2555, '61239985', 'YONATAN NAUN', 'QUIROZ MENDOZA', NULL, NULL, 'F', '2008-01-03', '0', NULL, 'PERÚ', 0, 0, 0, NULL, '0'),
	(2556, '00000373', NULL, NULL, 'MENDOZA ROMERO NANCY', '', 'Mujer', NULL, '0', '', 'PERÚ', 0, 0, 0, NULL, '0'),
	(2557, '61130692', 'SILVANA AMIRA', 'QUISPE SAAVEDRA', NULL, NULL, 'M', '2007-09-04', '0', NULL, 'PERÚ', 0, 0, 0, NULL, '0'),
	(2558, '00000374', NULL, NULL, 'SILVA ROJAS NICACIO', '', 'Hombre', NULL, '0', '', 'PERÚ', 0, 0, 0, NULL, '0'),
	(2559, '61148009', 'CESAR DEL PIERO', 'RAMOS MALCA', NULL, NULL, 'M', '2007-07-20', '0', NULL, 'PERÚ', 0, 0, 0, NULL, '0'),
	(2560, '00000375', NULL, NULL, 'RAMOS MUÑOZ CESAR AUGUSTO', '', 'Hombre', NULL, '0', '', 'PERÚ', 0, 0, 0, NULL, '0'),
	(2561, '61239910', 'ABNER JOSUE', 'REQUEJO CHUAN', NULL, NULL, 'M', '2007-12-19', '0', NULL, 'PERÚ', 0, 0, 0, NULL, '0'),
	(2562, '40159238', NULL, NULL, 'REQUEJO CHUQUILIN JOSE ALBERTO', '', 'Hombre', NULL, '0', '', 'PERÚ', 0, 0, 0, NULL, '0'),
	(2563, '60492027', 'ALONSO FRANCISCO', 'RODRIGUEZ MUJICA', NULL, NULL, 'F', '2007-03-10', '0', NULL, 'PERÚ', 0, 0, 0, NULL, '0'),
	(2564, '42667351', NULL, NULL, 'MUJICA BARBOZA SHEYLA LILIANA', '', 'Mujer', NULL, '0', '318162', 'PERÚ', 0, 0, 0, NULL, '0'),
	(2565, '62522338', 'XIOMARA ASUMI', 'RUIZ MUJICA', NULL, NULL, 'F', '2007-10-06', '0', NULL, 'PERÚ', 0, 0, 0, NULL, '0'),
	(2566, '47955610', NULL, NULL, 'MUJICA SUAREZ YURICO FLOR', '', 'Mujer', NULL, '0', '975840632', 'PERÚ', 0, 0, 0, NULL, '0'),
	(2567, '61130831', 'PABLO JEAMPIER', 'SAGASTEGUI ROJAS', NULL, NULL, 'F', '2007-10-02', '0', NULL, 'PERÚ', 0, 0, 0, NULL, '0'),
	(2568, '40651833', NULL, NULL, 'ROJAS BARDALES FANNY RAQUEL', '', 'Mujer', NULL, '0', '', 'PERÚ', 0, 0, 0, NULL, '0'),
	(2569, '61378454', 'MARYORI KINGBERLYN', 'SALAZAR PAUCAR', NULL, NULL, 'F', '2008-05-14', '0', NULL, 'PERÚ', 0, 0, 0, NULL, '0'),
	(2570, '00000381', NULL, NULL, 'PAUCAR HERNANDEZ JULISSA', '', 'Mujer', NULL, '0', '', 'PERÚ', 0, 0, 0, NULL, '0'),
	(2571, '61130915', 'JAIR NICOLAS', 'SALDAÑA MONDRAGON', NULL, NULL, 'F', '2007-10-23', '0', NULL, 'PERÚ', 0, 0, 0, NULL, '0'),
	(2572, '41234957', NULL, NULL, 'MONDRAGON SANCHEZ LUCILA YESENIA', '', 'Mujer', NULL, '0', '', 'PERÚ', 0, 0, 0, NULL, '0'),
	(2573, '61239931', 'SEGUNDO HUMBERTO', 'BARDALES VILLALOBOS', NULL, NULL, 'F', '2007-12-29', '0', NULL, 'PERÚ', 0, 0, 0, NULL, '0'),
	(2574, '00000383', NULL, NULL, 'VILLALOBOS SOBERON LUCILA', '', 'Mujer', NULL, '0', '', 'PERÚ', 0, 0, 0, NULL, '0'),
	(2575, '61130848', 'DAMARIS DEL PILAR', 'BAZAN OLIVARES', NULL, NULL, 'F', '2007-10-08', '0', NULL, 'PERÚ', 0, 0, 0, NULL, '0'),
	(2576, '40046045', NULL, NULL, 'OLIVARES MENDOZA SANTA FRANCISCA', '', 'Mujer', NULL, '0', '', 'PERÚ', 0, 0, 0, NULL, '0'),
	(2577, '61130630', 'FATIMA GUADALUPE', 'CASTAÑEDA CIENFUEGOS', NULL, NULL, 'M', '2007-07-29', '0', NULL, 'PERÚ', 0, 0, 0, NULL, '0'),
	(2578, '32782333', NULL, NULL, 'CASTAÑEDA VARGAS HECTOR URBANO', '', 'Hombre', NULL, '0', '', 'PERÚ', 0, 0, 0, NULL, '0'),
	(2579, '61240072', 'DIEGO ELIAS AARON', 'ESPINOZA HERNANDEZ', NULL, NULL, 'M', '2008-01-28', '0', NULL, 'PERÚ', 0, 0, 0, NULL, '0'),
	(2580, '00000386', NULL, NULL, 'ESPINOZA IGNACIO JAIRO ELIAS', '', 'Hombre', NULL, '0', '948172082', 'PERÚ', 0, 0, 0, NULL, '0'),
	(2581, '61378582', 'GIANELLA ALEXANDRA', 'LOBATO GUERRERO', NULL, NULL, 'M', '2008-03-25', '0', NULL, 'PERÚ', 0, 0, 0, NULL, '0'),
	(2582, '00000387', NULL, NULL, 'LOBATO ESPINOZA BENITO HIGINIO', '', 'Hombre', NULL, '0', '', 'PERÚ', 0, 0, 0, NULL, '0'),
	(2583, '60528483', 'MARHYURI LIZETH', 'OLIVERA VILCHEZ', NULL, NULL, 'F', '2007-11-04', '0', NULL, 'PERÚ', 0, 0, 0, NULL, '0'),
	(2584, '42355693', NULL, NULL, 'VILCHEZ GONZALES MAGALI', '', 'Mujer', NULL, '0', '', 'PERÚ', 0, 0, 0, NULL, '0'),
	(2585, '71683661', 'ALMENDRA RÁZIEL', 'PANIURA CASTRO', NULL, NULL, 'F', '2008-06-30', '0', NULL, 'PERÚ', 0, 0, 0, NULL, '0'),
	(2586, '44568721', NULL, NULL, 'CASTRO MORENO CARMEN CRISTINA', '', 'Mujer', NULL, '0', '', 'PERÚ', 0, 0, 0, NULL, '0'),
	(2587, '61240069', 'FABIAN FERNANDO', 'RUIZ URBINA', NULL, NULL, 'M', '2008-02-10', '0', NULL, 'PERÚ', 0, 0, 0, NULL, '0'),
	(2588, '00000390', NULL, NULL, 'RUIZ NUÑEZ FERNANDO VICTOR', '', 'Hombre', NULL, '0', '942891169', 'PERÚ', 0, 0, 0, NULL, '0'),
	(2589, '71189315', 'CARMEN ROSA', 'SALDAÑA VASQUEZ', NULL, NULL, 'M', '2008-03-23', '0', NULL, 'PERÚ', 0, 0, 0, NULL, '0'),
	(2590, '00000391', NULL, NULL, 'SALDAÑA SAAVEDRA JAMES MANFREDI', '', 'Hombre', NULL, '0', '', 'PERÚ', 0, 0, 0, NULL, '0'),
	(2591, '61062026', 'JHON MICHAEL', 'SAMAN GUERRERO', NULL, NULL, 'F', '2007-04-23', '0', NULL, 'PERÚ', 0, 0, 0, NULL, '0'),
	(2592, '44631801', NULL, NULL, 'GUERRERO SALAZAR MARIA CARMEN', '', 'Mujer', NULL, '0', '', 'PERÚ', 0, 0, 0, NULL, '0'),
	(2593, '61240115', 'DAYRA JOHANNA', 'SANCHEZ DE LA CRUZ', NULL, NULL, 'F', '2008-02-10', '0', NULL, 'PERÚ', 0, 0, 0, NULL, '0'),
	(2594, '07621286', NULL, NULL, 'DE LA CRUZ NINAQUISPE AIDA SAVINA', '', 'Mujer', NULL, '0', '', 'PERÚ', 0, 0, 0, NULL, '0'),
	(2595, '61240033', 'DEALEXANDRO DELPIERO', 'SILVA RAMIREZ', NULL, NULL, 'M', '2008-01-23', '0', NULL, 'PERÚ', 0, 0, 0, NULL, '0'),
	(2596, '19325390', NULL, NULL, 'SILVA MONCADA RAFAEL', '', 'Hombre', NULL, '0', '', 'PERÚ', 0, 0, 0, NULL, '0'),
	(2597, '61239983', 'ESTRELLA BRIGHIT', 'TORRES ALVITRES', NULL, NULL, 'M', '2008-01-02', '0', NULL, 'PERÚ', 0, 0, 0, NULL, '0'),
	(2598, '00000395', NULL, NULL, 'TORRES LINGAN TEODORO', '', 'Hombre', NULL, '0', '', 'PERÚ', 0, 0, 0, NULL, '0'),
	(2599, '70696832', 'JIMMY JOEL', 'VARGAS ROQUE', NULL, NULL, 'F', '2007-05-09', '0', NULL, 'PERÚ', 0, 0, 0, NULL, '0'),
	(2600, '00000396', NULL, NULL, 'ROQUE VILCABANA LUPITA  ISABEL', '', 'Mujer', NULL, '0', '', 'PERÚ', 0, 0, 0, NULL, '0'),
	(2601, '61130828', 'FABRICIO JAIR', 'VASQUEZ CHAVARRY', NULL, NULL, 'F', '2007-10-06', '0', NULL, 'PERÚ', 0, 0, 0, NULL, '0'),
	(2602, '00000397', NULL, NULL, 'CHAVARRY POMA MARIA ELIZABETH', '', 'Mujer', NULL, '0', '', 'PERÚ', 0, 0, 0, NULL, '0'),
	(2603, '61239953', 'HERMAN AURELIO', 'VASQUEZ GAMARRA', NULL, NULL, 'F', '2007-12-17', '0', NULL, 'PERÚ', 0, 0, 0, NULL, '0'),
	(2604, '63284484', 'LUIS ARMANDO', 'VASQUEZ JUAPE', NULL, NULL, 'M', '2007-05-16', '0', NULL, 'PERÚ', 0, 0, 0, NULL, '0'),
	(2605, '00000399', NULL, NULL, 'VÁSQUEZ BECERRA JOSÉ CRUZ', '', 'Hombre', NULL, '0', '', 'PERÚ', 0, 0, 0, NULL, '0'),
	(2606, '61240270', 'RYAN ALESSANDRO', 'VASQUEZ QUIROZ', NULL, NULL, 'M', '2008-03-23', '0', NULL, 'PERÚ', 0, 0, 0, NULL, '0'),
	(2607, '00000400', NULL, NULL, 'VASQUEZ ROMERO CESRA OLIVER', '', 'Hombre', NULL, '0', '', 'PERÚ', 0, 0, 0, NULL, '0'),
	(2608, '61130791', 'DAYANA MILAGROS', 'VASQUEZ SILVA', NULL, NULL, 'F', '2007-10-01', '0', NULL, 'PERÚ', 0, 0, 0, NULL, '0'),
	(2609, '00000401', NULL, NULL, 'SILVA CHERRES TERESA SOFÍA', '', 'Mujer', NULL, '0', '', 'PERÚ', 0, 0, 0, NULL, '0'),
	(2610, '61130899', 'VALERIA ANAHI', 'VERASTEGUI CHANCAFE', NULL, NULL, 'M', '2007-10-23', '0', NULL, 'PERÚ', 0, 0, 0, NULL, '0'),
	(2611, '40966778', NULL, NULL, 'VERASTEGUI CRUZADO LUIS SANTIAGO', '', 'Hombre', NULL, '0', '', 'PERÚ', 0, 0, 0, NULL, '0'),
	(2612, '61130980', 'LAURA ALEJANDRA', 'VIGO DIAZ', NULL, NULL, 'M', '2007-11-14', '0', NULL, 'PERÚ', 0, 0, 0, NULL, '0'),
	(2613, '41695921', NULL, NULL, 'VIGO RODRIGUEZ JUAN CARLOS', '', 'Hombre', NULL, '0', '', 'PERÚ', 0, 0, 0, NULL, '0'),
	(2614, '61378421', 'SOLANGE JAMILETH', 'YARLEQUE MONTENEGRO', NULL, NULL, 'M', '2008-05-14', '0', NULL, 'PERÚ', 0, 0, 0, NULL, '0'),
	(2615, '19333808', NULL, NULL, 'YARLEQUE CAMPOVERDE JULIO HENRY', '', 'Hombre', NULL, '0', '948402109', 'PERÚ', 0, 0, 0, NULL, '0'),
	(2616, '61130917', 'JESUS MANUEL', 'YARLEQUE PAOLI', NULL, NULL, 'F', '2007-10-17', '0', NULL, 'PERÚ', 0, 0, 0, NULL, '0'),
	(2617, '00000405', NULL, NULL, 'PAOLI ARANGURI MARIA ELIZABETH', '', 'Mujer', NULL, '0', '', 'PERÚ', 0, 0, 0, NULL, '0'),
	(2618, '61240029', 'DAIRA AYELEN', 'YNOÑAN CABANILLAS', NULL, NULL, 'F', '2008-01-12', '0', NULL, 'PERÚ', 0, 0, 0, NULL, '0'),
	(2619, '71149324', 'LUCERO ARIANA', 'ZEA QUIROZ', NULL, NULL, 'F', '2007-12-28', '0', NULL, 'PERÚ', 0, 0, 0, NULL, '0'),
	(2620, '45366413', NULL, NULL, 'QUIROZ SANCHEZ JEIDY DEL ROCIO', '', 'Mujer', NULL, '0', '998351153 / 947467570', 'PERÚ', 0, 0, 0, NULL, '0'),
	(2621, '60362850', 'YASELI YASMIN', 'ZELADA URIARTE', NULL, NULL, 'M', '2007-12-30', '0', NULL, 'PERÚ', 0, 0, 0, NULL, '0'),
	(2622, '00000408', NULL, NULL, 'ZELADA RAMIREZ GILBERTO', '', 'Hombre', NULL, '0', '', 'PERÚ', 0, 0, 0, NULL, '0'),
	(2623, '60805035', 'CARLOS ISAI', 'ACUÑA TERAN', NULL, NULL, 'F', '2006-09-03', '0', NULL, 'PERÚ', 0, 0, 0, NULL, '0'),
	(2624, '00000409', NULL, NULL, 'TERAN URBINA JENNY CRISTINA', '', 'Mujer', NULL, '0', '', 'PERÚ', 0, 0, 0, NULL, '0'),
	(2625, '61062238', 'HELMER DANIEL', 'AGUILAR URBINA', NULL, NULL, 'M', '2007-06-23', '0', NULL, 'PERÚ', 0, 0, 0, NULL, '0'),
	(2626, '00000410', NULL, NULL, 'AGUILAR MIÑANO HELMER', '', 'Hombre', NULL, '0', '', 'PERÚ', 0, 0, 0, NULL, '0'),
	(2627, '60804933', 'WALTER JESUS', 'ALCANTARA GAMARRA', NULL, NULL, 'F', '2006-08-03', '0', NULL, 'PERÚ', 0, 0, 0, NULL, '0'),
	(2628, '00000411', NULL, NULL, 'GAMARRA BECERRA LUZ ANGÉLICA', '', 'Mujer', NULL, '0', '', 'PERÚ', 0, 0, 0, NULL, '0'),
	(2629, '60804901', 'BRUNO GABRIEL', 'ARRASQUE HERNANDEZ', NULL, NULL, 'F', '2006-08-01', '0', NULL, 'PERÚ', 0, 0, 0, NULL, '0'),
	(2630, '00000412', NULL, NULL, 'HERNANDEZ TEAGUE NANCY ISELA', '', 'Mujer', NULL, '0', '', 'PERÚ', 0, 0, 0, NULL, '0'),
	(2631, '75024781', 'TREYSI MARIBEL', 'ASTO CHACON', NULL, NULL, 'F', '2006-03-23', '0', NULL, 'PERÚ', 0, 0, 0, NULL, '0'),
	(2632, '00000413', NULL, NULL, 'CHACON PAUCAR ELVIA ESPERANZA', '', 'Mujer', NULL, '0', '', 'PERÚ', 0, 0, 0, NULL, '0'),
	(2633, '61130744', 'PATRICK YONEL', 'BARRENECHEA ALVARADO', NULL, NULL, 'F', '2007-06-14', '0', NULL, 'PERÚ', 0, 0, 0, NULL, '0'),
	(2634, '43693693', NULL, NULL, 'ALVARADO CABANILLAS CRISTINA NATALY', '', 'Mujer', NULL, '0', '957599984', 'PERÚ', 0, 0, 0, NULL, '0'),
	(2635, '60805310', 'FLOR DE MARIA', 'BAYLON QUIROZ', NULL, NULL, 'F', '2006-12-01', '0', NULL, 'PERÚ', 0, 0, 0, NULL, '0'),
	(2636, '00000415', NULL, NULL, 'QUIROZ PALACIOS DE BAYLON FLOR DE MARÍA', '', 'Mujer', NULL, '0', '948479116', 'PERÚ', 0, 0, 0, NULL, '0'),
	(2637, '60040567', 'BILLY YASSELL', 'BAZAN BAUTISTA', NULL, NULL, 'F', '2006-10-27', '0', NULL, 'PERÚ', 0, 0, 0, NULL, '0'),
	(2638, '40845255', NULL, NULL, 'ZEVALLOS CHAVEZ VASTI LUZ', 'NINGUNO', 'Mujer', NULL, '0', 'NINGUNO / NINGUNO', 'PERÚ', 0, 0, 0, NULL, '0'),
	(2639, '60469540', 'ANA BELEN', 'BAZAN LEON', NULL, NULL, 'M', '2007-02-07', '0', NULL, 'PERÚ', 0, 0, 0, NULL, '0'),
	(2640, '00000417', NULL, NULL, 'BAZAN VARGAS SEGUNDO RAÚL', '', 'Hombre', NULL, '0', '', 'PERÚ', 0, 0, 0, NULL, '0'),
	(2641, '60805117', 'MARBY EYRING', 'BECERRA CHILON', NULL, NULL, 'F', '2006-09-30', '0', NULL, 'PERÚ', 0, 0, 0, NULL, '0'),
	(2642, '00000418', NULL, NULL, 'CHILÓN IMÁN LAURA ISABEL', '', 'Mujer', NULL, '0', '', 'PERÚ', 0, 0, 0, NULL, '0'),
	(2643, '60805002', 'YANIRA NOEMI', 'BECERRA ROJAS', NULL, NULL, 'F', '2006-08-18', '0', NULL, 'PERÚ', 0, 0, 0, NULL, '0'),
	(2644, '40677894', NULL, NULL, 'ROJAS INFANTE GRIMALDINA', '', 'Mujer', NULL, '0', '', 'PERÚ', 0, 0, 0, NULL, '0'),
	(2645, '60804904', 'EMELY FABIOLA', 'BENAVIDES GRANDEZ', NULL, NULL, 'F', '2006-08-03', '0', NULL, 'PERÚ', 0, 0, 0, NULL, '0'),
	(2646, '00000420', NULL, NULL, 'GRANDEZ GONZALES EMILCE', '', 'Mujer', NULL, '0', '', 'PERÚ', 0, 0, 0, NULL, '0'),
	(2647, '90533667', 'DIANA LILI', 'BRIONES PILCO', NULL, NULL, 'F', '2006-02-13', '0', NULL, 'PERÚ', 0, 0, 0, NULL, '0'),
	(2648, '00000421', NULL, NULL, 'PILCO MONCADA IRMA LILIA', '', 'Mujer', NULL, '0', '', 'PERÚ', 0, 0, 0, NULL, '0'),
	(2649, '60469458', 'ANGELA XIMENA', 'BUENO MEDINA', NULL, NULL, 'M', '2007-01-28', '0', NULL, 'PERÚ', 0, 0, 0, NULL, '0'),
	(2650, '00000422', NULL, NULL, 'BUENO MEDINA ', '', 'Hombre', NULL, '0', '', 'PERÚ', 0, 0, 0, NULL, '0'),
	(2651, '60805317', 'ADRIANA ZHARIT', 'CABANILLAS ZELADA', NULL, NULL, 'M', '2006-08-02', '0', NULL, 'PERÚ', 0, 0, 0, NULL, '0'),
	(2652, '00000423', NULL, NULL, 'CABANILLAS CASTAÑEDA YNGLER LUBER', '', 'Hombre', NULL, '0', '', 'PERÚ', 0, 0, 0, NULL, '0'),
	(2653, '60136467', 'NAOMI DAYANNA', 'CABRERA VALLEJOS', NULL, NULL, 'F', '2006-12-18', '0', NULL, 'PERÚ', 0, 0, 0, NULL, '0'),
	(2654, '00000424', NULL, NULL, 'VALLEJOS CERNA MARIELLA MILAGROS', '', 'Mujer', NULL, '0', '', 'PERÚ', 0, 0, 0, NULL, '0'),
	(2655, '60804927', 'EDELMIRA YAMILET', 'CALLIRGOS MALCA', NULL, NULL, 'F', '2006-08-01', '0', NULL, 'PERÚ', 0, 0, 0, NULL, '0'),
	(2656, '00000425', NULL, NULL, 'MALCA QUIROZ SANTOS  ISABEL', '', 'Mujer', NULL, '0', '999326206', 'PERÚ', 0, 0, 0, NULL, '0'),
	(2657, '60804928', 'ELSA ERENI', 'CALLIRGOS MALCA', NULL, NULL, 'F', '2006-08-01', '0', NULL, 'PERÚ', 0, 0, 0, NULL, '0'),
	(2658, '00000426', NULL, NULL, 'MALCA QUIROZ SANTOS  ISABEL', '', 'Mujer', NULL, '0', '999326206', 'PERÚ', 0, 0, 0, NULL, '0'),
	(2659, '60804940', 'DIANA VICTORIA', 'CANELO MEDINA', NULL, NULL, 'M', '2006-08-23', '0', NULL, 'PERÚ', 0, 0, 0, NULL, '0'),
	(2660, '19320854', NULL, NULL, 'CANELO RIVERA LUIS GUILLERMO', '', 'Hombre', NULL, '0', '943632792', 'PERÚ', 0, 0, 0, NULL, '0'),
	(2661, '60805047', 'MIA ZULESYKA', 'CASTAÑEDA BECERRA', NULL, NULL, 'F', '2006-09-12', '0', NULL, 'PERÚ', 0, 0, 0, NULL, '0'),
	(2662, '00000428', NULL, NULL, 'BECERRA HERNANDEZ SANTA ISABEL', '', 'Mujer', NULL, '0', '', 'PERÚ', 0, 0, 0, NULL, '0'),
	(2663, '60804986', 'JONH JAIRO', 'CASTAÑEDA CORREA', NULL, NULL, 'M', '2006-09-03', '0', NULL, 'PERÚ', 0, 0, 0, NULL, '0'),
	(2664, '00000429', NULL, NULL, 'CASTAÑEDA BECERRA ALVAN  FRANCO', '', 'Hombre', NULL, '0', '', 'PERÚ', 0, 0, 0, NULL, '0'),
	(2665, '61062010', 'WILY RICARDO', 'CASTILLO JURADO', NULL, NULL, 'F', '2007-04-12', '0', NULL, 'PERÚ', 0, 0, 0, NULL, '0'),
	(2666, '00000430', NULL, NULL, 'JURADO PEREZ ELIZABETH ELITA', '', 'Mujer', NULL, '0', '', 'PERÚ', 0, 0, 0, NULL, '0'),
	(2667, '60469407', 'CARLOS JEREMY', 'CASTILLO ZELADA', NULL, NULL, 'F', '2007-01-05', '0', NULL, 'PERÚ', 0, 0, 0, NULL, '0'),
	(2668, '00000431', NULL, NULL, 'ZELADA WAM JESSICA MABEL', '', 'Mujer', NULL, '0', '', 'PERÚ', 0, 0, 0, NULL, '0'),
	(2669, '63319836', 'FERNANDO ALEJANDRO', 'CAVERO QUILLA', NULL, NULL, 'F', '2007-02-07', '0', NULL, 'PERÚ', 0, 0, 0, NULL, '0'),
	(2670, '00000432', NULL, NULL, 'QUILLA BEDREGAL CARMEN RUTH', '', 'Mujer', NULL, '0', '', 'PERÚ', 0, 0, 0, NULL, '0'),
	(2671, '60451640', 'HAYDDE MAGALY MILAGROS', 'CENTURION TORRES', NULL, NULL, 'F', '2006-12-26', '0', NULL, 'PERÚ', 0, 0, 0, NULL, '0'),
	(2672, '00000433', NULL, NULL, 'TORRES BUSTAMANTE MARIBEL MAGALI', '', 'Mujer', NULL, '0', '', 'PERÚ', 0, 0, 0, NULL, '0'),
	(2673, '61062043', 'ESTHER NOEMI', 'CHAVARRIA REYNA', NULL, NULL, 'M', '2007-03-26', '0', NULL, 'PERÚ', 0, 0, 0, NULL, '0'),
	(2674, '00000434', NULL, NULL, 'CHAVARIA LLALLE JOSE MIGUEL', '', 'Hombre', NULL, '0', '', 'PERÚ', 0, 0, 0, NULL, '0'),
	(2675, '61130590', 'EMERSON MATIAS', 'CHAVEZ ALMENGOR', NULL, NULL, 'F', '2007-03-21', '0', NULL, 'PERÚ', 0, 0, 0, NULL, '0'),
	(2676, '00000435', NULL, NULL, 'ALMENGOR SILVA DEYSI LILIANA', '', 'Mujer', NULL, '0', '947968421', 'PERÚ', 0, 0, 0, NULL, '0'),
	(2677, '60491954', 'VALERIA DULCE MARIA', 'CHAVEZ BRICEÑO', NULL, NULL, 'M', '2007-02-07', '0', NULL, 'PERÚ', 0, 0, 0, NULL, '0'),
	(2678, '00000436', NULL, NULL, 'CHAVEZ SUAREZ VICTOR  MANUEL', '', 'Hombre', NULL, '0', '', 'PERÚ', 0, 0, 0, NULL, '0'),
	(2679, '62522314', 'JORGE SEGUNDO', 'CHICOMA PEREZ', NULL, NULL, 'F', '2006-09-27', '0', NULL, 'PERÚ', 0, 0, 0, NULL, '0'),
	(2680, '03872136', NULL, NULL, 'PEREZ DE ARCA JENNYFER SELENE', '', 'Mujer', NULL, '0', '948190987', 'PERÚ', 0, 0, 0, NULL, '0'),
	(2681, '60075168', 'KEREN AMADA', 'CHIROQUE GUERRERO', NULL, NULL, 'M', '2006-06-05', '0', NULL, 'PERÚ', 0, 0, 0, NULL, '0'),
	(2682, '00000438', NULL, NULL, 'CHIROQUE CHIROQUE RONAL', '', 'Hombre', NULL, '0', '', 'PERÚ', 0, 0, 0, NULL, '0'),
	(2683, '60469477', 'GEORGETTE YAMILET', 'CHOLAN ORTIZ', NULL, NULL, 'F', '2007-02-08', '0', NULL, 'PERÚ', 0, 0, 0, NULL, '0'),
	(2684, '19323379', NULL, NULL, 'ORTIZ MACINES DE CHOLAN SONIA VERONICA DEL LUREN', '', 'Mujer', NULL, '0', '563610 / 947825855', 'PERÚ', 0, 0, 0, NULL, '0'),
	(2685, '61062220', 'ANALI MIREYLI', 'COBEÑAS LLIQUE', NULL, NULL, 'F', '2007-06-14', '0', NULL, 'PERÚ', 0, 0, 0, NULL, '0'),
	(2686, '45161102', NULL, NULL, 'LLIQUE ESPINOZA FANNY MARISOL', '', 'Mujer', NULL, '0', '', 'PERÚ', 0, 0, 0, NULL, '0'),
	(2687, '60805341', 'EVELENY CARMEN YULIA', 'CORREA ARANCIBIA', NULL, NULL, 'F', '2006-12-16', '0', NULL, 'PERÚ', 0, 0, 0, NULL, '0'),
	(2688, '19203222', NULL, NULL, 'ARANCIBIA HUAMAN MARITA VICTORIA', '', 'Mujer', NULL, '0', '948837175', 'PERÚ', 0, 0, 0, NULL, '0'),
	(2689, '61130557', 'YOSELYN ELIZABETH', 'DIAZ RUBIO', NULL, NULL, 'M', '2007-07-04', '0', NULL, 'PERÚ', 0, 0, 0, NULL, '0'),
	(2690, '00000442', NULL, NULL, 'DIAZ DELGADO MARCOS JESUS', '', 'Hombre', NULL, '0', '', 'PERÚ', 0, 0, 0, NULL, '0'),
	(2691, '60469546', 'FRANCHESCA ELIZABETH', 'DURAND GUZMAN', NULL, NULL, 'F', '2007-02-06', '0', NULL, 'PERÚ', 0, 0, 0, NULL, '0'),
	(2692, '00000443', NULL, NULL, 'GUZMAN CHIROQUE MARTHA ELIZABETH', '', 'Mujer', NULL, '0', '', 'PERÚ', 0, 0, 0, NULL, '0'),
	(2693, '61062191', 'CRISTHOFER IVAN', 'FERNANDEZ YOVERA', NULL, NULL, 'F', '2007-06-01', '0', NULL, 'PERÚ', 0, 0, 0, NULL, '0'),
	(2694, '00000444', NULL, NULL, 'YOVERA QUIROZ DANITZA SHIRLEY', '', 'Mujer', NULL, '0', '', 'PERÚ', 0, 0, 0, NULL, '0'),
	(2695, '60805057', 'MARIALIZ YSABEL', 'GAVIDIA ZELADA', NULL, NULL, 'F', '2006-09-16', '0', NULL, 'PERÚ', 0, 0, 0, NULL, '0'),
	(2696, '00000445', NULL, NULL, 'ZELADA MENDOZA SARA ELIZABETH', '', 'Mujer', NULL, '0', '504145', 'PERÚ', 0, 0, 0, NULL, '0'),
	(2697, '60805029', 'JAIME ANDRES', 'GONZALES MALCA', NULL, NULL, 'M', '2006-09-09', '0', NULL, 'PERÚ', 0, 0, 0, NULL, '0'),
	(2698, '00000446', NULL, NULL, 'GONZALES GONZALES ', '', 'Hombre', NULL, '0', '', 'PERÚ', 0, 0, 0, NULL, '0'),
	(2699, '60492024', 'KELY THAIT', 'GONZALES VASQUEZ', NULL, NULL, 'M', '2007-03-04', '0', NULL, 'PERÚ', 0, 0, 0, NULL, '0'),
	(2700, '00000447', NULL, NULL, 'GONZALES ZAMORA JOSE RICARDO', '', 'Hombre', NULL, '0', '', 'PERÚ', 0, 0, 0, NULL, '0'),
	(2701, '60804942', 'PETER ALLINSON', 'GONZALEZ CABALLERO', NULL, NULL, 'M', '2006-08-11', '0', NULL, 'PERÚ', 0, 0, 0, NULL, '0'),
	(2702, '00000448', NULL, NULL, 'GONZALEZ PALMA PEDRO MIGUEL', '', 'Hombre', NULL, '0', '', 'PERÚ', 0, 0, 0, NULL, '0'),
	(2703, '61098628', 'PIER FARID', 'GRADOS CHAVEZ', NULL, NULL, 'F', '2007-05-29', '0', NULL, 'PERÚ', 0, 0, 0, NULL, '0'),
	(2704, '00000450', NULL, NULL, 'CHAVEZ CHAVEZ MARIA REINA', '', 'Mujer', NULL, '0', '', 'PERÚ', 0, 0, 0, NULL, '0'),
	(2705, '60805312', 'JUAN AUGUSTO', 'GUANILO RAMOS', NULL, NULL, 'M', '2006-11-26', '0', NULL, 'PERÚ', 0, 0, 0, NULL, '0'),
	(2706, '00000451', NULL, NULL, 'GUANILO U GUN', '', 'Hombre', NULL, '0', '', 'PERÚ', 0, 0, 0, NULL, '0'),
	(2707, '60805328', 'MARIA JOSE', 'GUERRERO SUAREZ', NULL, NULL, 'M', '2006-11-07', '0', NULL, 'PERÚ', 0, 0, 0, NULL, '0'),
	(2708, '19323436', NULL, NULL, 'GUERRERO QUISPE FLAVIO OLIVER', '', 'Hombre', NULL, '0', '', 'PERÚ', 0, 0, 0, NULL, '0'),
	(2709, '62352769', 'MANUEL ALEXANDER', 'GUILLERMO VERA', NULL, NULL, 'F', '2006-07-01', '0', NULL, 'PERÚ', 0, 0, 0, NULL, '0'),
	(2710, '00000453', NULL, NULL, 'VERA ABAD CINTHIA CONSUELO', '', 'Mujer', NULL, '0', '', 'PERÚ', 0, 0, 0, NULL, '0'),
	(2711, '60469408', 'EMANUEL ALESSANDRO', 'HERNANDEZ CACERES', NULL, NULL, 'F', '2006-12-31', '0', NULL, 'PERÚ', 0, 0, 0, NULL, '0'),
	(2712, '42444158', NULL, NULL, 'CACERES AREVALO BERTHA ESMELDA', '', 'Mujer', NULL, '0', '948055885', 'PERÚ', 0, 0, 0, NULL, '0'),
	(2713, '61130676', 'CARLOS EDUARDO', 'HERNANDEZ CASTRO', NULL, NULL, 'M', '2007-07-25', '0', NULL, 'PERÚ', 0, 0, 0, NULL, '0'),
	(2714, '40804420', NULL, NULL, 'HERNANDEZ TERRONES JUAN CARLOS', '', 'Hombre', NULL, '0', '', 'PERÚ', 0, 0, 0, NULL, '0'),
	(2715, '72160943', 'ERIK LEONARDO', 'HERNANDEZ GUANILO', NULL, NULL, 'F', '2006-04-30', '0', NULL, 'PERÚ', 0, 0, 0, NULL, '0'),
	(2716, '00000457', NULL, NULL, 'GUANILO GUANILO SARA', '', 'Mujer', NULL, '0', '', 'PERÚ', 0, 0, 0, NULL, '0'),
	(2717, '60805072', 'ANGIE ISABEL', 'HERNANDEZ VALLEJOS', NULL, NULL, 'F', '2006-10-01', '0', NULL, 'PERÚ', 0, 0, 0, NULL, '0'),
	(2718, '00000458', NULL, NULL, 'VALLEJOS ROJAS LUZ YOLANDA', 'SU CASA', 'Mujer', NULL, '0', '', 'PERÚ', 0, 0, 0, NULL, '0'),
	(2719, '60928462', 'MARIANITA', 'HERNANDEZ VILLOSLADA', NULL, NULL, 'M', '2006-12-07', '0', NULL, 'PERÚ', 0, 0, 0, NULL, '0'),
	(2720, '00000459', NULL, NULL, 'HERNANDEZ ZELADA SANTOS WILDER', '', 'Hombre', NULL, '0', '', 'PERÚ', 0, 0, 0, NULL, '0'),
	(2721, '60804935', 'DAVID ESTUARDO', 'ROJAS ANGULO', NULL, NULL, 'F', '2006-08-26', '0', NULL, 'PERÚ', 0, 0, 0, NULL, '0'),
	(2722, '19327031', NULL, NULL, 'ANGULO ARRASCUE KELLY KARIN', '', 'Mujer', NULL, '0', '949496368', 'PERÚ', 0, 0, 0, NULL, '0'),
	(2723, '60469530', 'MATEO', 'ANTINORI NORIEGA', NULL, NULL, 'F', '2007-02-09', '0', NULL, 'PERÚ', 0, 0, 0, NULL, '0'),
	(2724, '60491988', 'JOSENLY VIVIANA', 'BAZAN ROQUE', NULL, NULL, 'M', '2007-02-28', '0', NULL, 'PERÚ', 0, 0, 0, NULL, '0'),
	(2725, '00000462', NULL, NULL, 'BAZAN COLLAS ONIAS JOSE', '', 'Hombre', NULL, '0', '', 'PERÚ', 0, 0, 0, NULL, '0'),
	(2726, '61062216', 'AMIRA LAURENNI', 'CARRASCO SANCHEZ', NULL, NULL, 'M', '2007-06-12', '0', NULL, 'PERÚ', 0, 0, 0, NULL, '0'),
	(2727, '19196862', NULL, NULL, 'CARRASCO VASQUEZ JOSE GRIMALDO', '', 'Hombre', NULL, '0', '949558571', 'PERÚ', 0, 0, 0, NULL, '0'),
	(2728, '74623885', 'JUANA JULIA', 'CASTAÑEDA LITANO', NULL, NULL, 'M', '2004-02-09', '0', NULL, 'PERÚ', 0, 0, 0, NULL, '0'),
	(2729, '60425370', 'LUIS AUGUSTO', 'CHUQUIMANGO MUÑOZ', NULL, NULL, 'F', '2006-07-23', '0', NULL, 'PERÚ', 0, 0, 0, NULL, '0'),
	(2730, '40478303', NULL, NULL, 'MUÑOZ RAMOS MARIA DEL PILAR', '', 'Mujer', NULL, '0', '947848537', 'PERÚ', 0, 0, 0, NULL, '0'),
	(2731, '60469521', 'ALINA JOLLY', 'FLORES ROQUE', NULL, NULL, 'F', '2007-02-01', '0', NULL, 'PERÚ', 0, 0, 0, NULL, '0'),
	(2732, '00000466', NULL, NULL, 'ROQUE CORREA SHELLY EDITH', '', 'Mujer', NULL, '0', '', 'PERÚ', 0, 0, 0, NULL, '0'),
	(2733, '60805138', 'VICTOR ERICK', 'LABORIANO ALBITRES', NULL, NULL, 'F', '2006-10-14', '0', NULL, 'PERÚ', 0, 0, 0, NULL, '0'),
	(2734, '19336745', NULL, NULL, 'ALBITRES ALVARADO DE LABORIANO CARMEN CECILIA', '', 'Mujer', NULL, '0', '', 'PERÚ', 0, 0, 0, NULL, '0'),
	(2735, '62585070', 'STRELLA KHRYSTALL', 'LAMELA MURGA', NULL, NULL, 'M', '2007-01-24', '0', NULL, 'PERÚ', 0, 0, 0, NULL, '0'),
	(2736, '00000468', NULL, NULL, 'LAMELA ULFE VICTOR MARTIN', '', 'Hombre', NULL, '0', '', 'PERÚ', 0, 0, 0, NULL, '0'),
	(2737, '61478713', 'VICTOR GABRIEL', 'LEYVA TERAN', NULL, NULL, 'M', '2007-04-10', '0', NULL, 'PERÚ', 0, 0, 0, NULL, '0'),
	(2738, '00000469', NULL, NULL, 'LEIVA QUIROZ GABRIEL', '', 'Hombre', NULL, '0', '', 'PERÚ', 0, 0, 0, NULL, '0'),
	(2739, '60805100', 'JHON ELIAS', 'LINGAN FERNANDEZ', NULL, NULL, 'M', '2006-10-08', '0', NULL, 'PERÚ', 0, 0, 0, NULL, '0'),
	(2740, '00000470', NULL, NULL, 'LINGAN ROMERO EMILIANO', '', 'Hombre', NULL, '0', '563322', 'PERÚ', 0, 0, 0, NULL, '0'),
	(2741, '61062033', 'FRANCIS ARIANA', 'LINGAN TELLO', NULL, NULL, 'M', '2007-04-16', '0', NULL, 'PERÚ', 0, 0, 0, NULL, '0'),
	(2742, '00000471', NULL, NULL, 'LINGAN JUAREZ CESAR AUGUSTO', '', 'Hombre', NULL, '0', '', 'PERÚ', 0, 0, 0, NULL, '0'),
	(2743, '60469433', 'ALESSANDRO SEGUNDO', 'LLIQUE CENTURION', NULL, NULL, 'M', '2007-01-25', '0', NULL, 'PERÚ', 0, 0, 0, NULL, '0'),
	(2744, '40263567', NULL, NULL, 'LLIQUE TANTA MAURO DELIRO', '', 'Hombre', NULL, '0', '948137174', 'PERÚ', 0, 0, 0, NULL, '0'),
	(2745, '60805188', 'LEYDI MARDELI', 'LOPEZ DE LA CRUZ', NULL, NULL, 'M', '2006-10-14', '0', NULL, 'PERÚ', 0, 0, 0, NULL, '0'),
	(2746, '00000473', NULL, NULL, 'LOPEZ L L', '', 'Hombre', NULL, '0', '', 'PERÚ', 0, 0, 0, NULL, '0'),
	(2747, '60805280', 'GLORIA LUCERO', 'LOZANO CHAVEZ', NULL, NULL, 'M', '2006-11-23', '0', NULL, 'PERÚ', 0, 0, 0, NULL, '0'),
	(2748, '00000474', NULL, NULL, 'LOZANO HERNANDEZ AGNUS DEL GENARO', '', 'Hombre', NULL, '0', '', 'PERÚ', 0, 0, 0, NULL, '0'),
	(2749, '60805195', 'JOHAN LARRY', 'LOZANO TANTALEAN', NULL, NULL, 'F', '2006-09-20', '0', NULL, 'PERÚ', 0, 0, 0, NULL, '0'),
	(2750, '00000475', NULL, NULL, 'TANTALEAN RUIZ JUANA', '', 'Mujer', NULL, '0', '', 'PERÚ', 0, 0, 0, NULL, '0'),
	(2751, '60469416', 'PAMELA NICOL', 'LOZANO VILCA', NULL, NULL, 'M', '2007-01-05', '0', NULL, 'PERÚ', 0, 0, 0, NULL, '0'),
	(2752, '00000476', NULL, NULL, 'LOZANO MALCA ABANTO HIGINIO', '', 'Hombre', NULL, '0', '563833', 'PERÚ', 0, 0, 0, NULL, '0'),
	(2753, '60425219', 'ROBERTO LEONARDO', 'MACHUCA SERRATE', NULL, NULL, 'F', '2006-05-21', '0', NULL, 'PERÚ', 0, 0, 0, NULL, '0'),
	(2754, '00000477', NULL, NULL, 'SERRATE CUSQUISIVAN MARIA DEL ROSARIO', '', 'Mujer', NULL, '0', '981983788', 'PERÚ', 0, 0, 0, NULL, '0'),
	(2755, '60492083', 'MONICA FRANCHESKA NICOLE', 'MALCA CENTURION', NULL, NULL, 'M', '2007-03-07', '0', NULL, 'PERÚ', 0, 0, 0, NULL, '0'),
	(2756, '45072937', NULL, NULL, 'MALCA REVILLA CESAR ANTONIO', '', 'Hombre', NULL, '0', '', 'PERÚ', 0, 0, 0, NULL, '0'),
	(2757, '60469484', 'PEDRO CESAR', 'MARCHENA HERNANDEZ', NULL, NULL, 'F', '2007-01-24', '0', NULL, 'PERÚ', 0, 0, 0, NULL, '0'),
	(2758, '00000479', NULL, NULL, 'HERNANDEZ MORENO NILA', '', 'Mujer', NULL, '0', '', 'PERÚ', 0, 0, 0, NULL, '0'),
	(2759, '60492003', 'JOB ISRAHIAZ', 'MEDINA CABOS', NULL, NULL, 'F', '2007-01-21', '0', NULL, 'PERÚ', 0, 0, 0, NULL, '0'),
	(2760, '00000480', NULL, NULL, 'CABOS RAFAEL LOIDA EUNICE', '', 'Mujer', NULL, '0', '', 'PERÚ', 0, 0, 0, NULL, '0'),
	(2761, '60492100', 'LUIS JONATAN', 'MEJIA TOCAS', NULL, NULL, 'M', '2007-03-29', '0', NULL, 'PERÚ', 0, 0, 0, NULL, '0'),
	(2762, '00000481', NULL, NULL, 'MEJIA ROJAS LUIS EDUARDO', '', 'Hombre', NULL, '0', '', 'PERÚ', 0, 0, 0, NULL, '0'),
	(2763, '60469395', 'CARLOS LEONEL', 'MENDOZA ALAMO', NULL, NULL, 'F', '2006-12-09', '0', NULL, 'PERÚ', 0, 0, 0, NULL, '0'),
	(2764, '47886271', NULL, NULL, 'ALAMO AUQUI JULISSA TATIANA', '', 'Mujer', NULL, '0', '', 'PERÚ', 0, 0, 0, NULL, '0'),
	(2765, '60491967', 'ANGELY DESIREE', 'MENDOZA CHANCAFE', NULL, NULL, 'F', '2006-12-30', '0', NULL, 'PERÚ', 0, 0, 0, NULL, '0'),
	(2766, '00000483', NULL, NULL, 'CHANCAFE MEJIA BLANCA YASMINE', '', 'Mujer', NULL, '0', '', 'PERÚ', 0, 0, 0, NULL, '0'),
	(2767, '61130673', 'JOSE ESNAYDER', 'MENDOZA CONDOR', NULL, NULL, 'F', '2007-06-24', '0', NULL, 'PERÚ', 0, 0, 0, NULL, '0'),
	(2768, '45871708', NULL, NULL, 'CONDOR QUIROZ CARMEN ROSA', '', 'Mujer', NULL, '0', '', 'PERÚ', 0, 0, 0, NULL, '0'),
	(2769, '61062031', 'JAIME FRANCIS', 'MENDOZA SANTA CRUZ', NULL, NULL, 'M', '2007-04-30', '0', NULL, 'PERÚ', 0, 0, 0, NULL, '0'),
	(2770, '00000485', NULL, NULL, 'MENDOZA HUANGAL JAIME', '', 'Hombre', NULL, '0', '', 'PERÚ', 0, 0, 0, NULL, '0'),
	(2771, '60492087', 'GARY CRISTHOFER', 'MIRANDA CORONADO', NULL, NULL, 'F', '2007-03-12', '0', NULL, 'PERÚ', 0, 0, 0, NULL, '0'),
	(2772, '00000486', NULL, NULL, 'CORONADO URTEAGA MARIA SUSY', '', 'Mujer', NULL, '0', '', 'PERÚ', 0, 0, 0, NULL, '0'),
	(2773, '60804980', 'GUSTAVO RAFAEL', 'MONCADA VERASTEGUI', NULL, NULL, 'M', '2006-08-29', '0', NULL, 'PERÚ', 0, 0, 0, NULL, '0'),
	(2774, '60828425', 'BRENDON ANDRE', 'NEIRA PEÑA', NULL, NULL, 'F', '2006-10-25', '0', NULL, 'PERÚ', 0, 0, 0, NULL, '0'),
	(2775, '00000488', NULL, NULL, 'PEÑA LOPEZ YOLANDA MAGALY', '', 'Mujer', NULL, '0', '', 'PERÚ', 0, 0, 0, NULL, '0'),
	(2776, '60425378', 'SALDIVAR', 'CHALAN BUSTAMANTE', NULL, NULL, 'F', '2006-07-02', '0', NULL, 'PERÚ', 0, 0, 0, NULL, '0'),
	(2777, '00000489', NULL, NULL, 'BUSTAMANTE TERAN TERESA', '', 'Mujer', NULL, '0', '', 'PERÚ', 0, 0, 0, NULL, '0'),
	(2778, '60040287', 'MARLIN ROSSA', 'MONSEFU QUISPE', NULL, NULL, 'F', '2007-01-10', '0', NULL, 'PERÚ', 0, 0, 0, NULL, '0'),
	(2779, '00000490', NULL, NULL, 'QUISPE BECERRA DELIA ROSA', '', 'Mujer', NULL, '0', '980714578', 'PERÚ', 0, 0, 0, NULL, '0'),
	(2780, '60985208', 'CRISTIAN ANDREE', 'PEREZ CABANILLAS', NULL, NULL, 'M', '2007-03-25', '0', NULL, 'PERÚ', 0, 0, 0, NULL, '0'),
	(2781, '00000491', NULL, NULL, 'PEREZ SAAVEDRA MELACIO ELISEO', '', 'Hombre', NULL, '0', '', 'PERÚ', 0, 0, 0, NULL, '0'),
	(2782, '60469394', 'SAIR NEHEMIAS', 'PEREZ LINARES', NULL, NULL, 'F', '2006-12-27', '0', NULL, 'PERÚ', 0, 0, 0, NULL, '0'),
	(2783, '00000492', NULL, NULL, 'LINARES IMÁN FLAVIA ELIZABETH', '', 'Mujer', NULL, '0', '', 'PERÚ', 0, 0, 0, NULL, '0'),
	(2784, '60805261', 'JHAN MARCOS', 'PEREZ MENDOZA', NULL, NULL, 'M', '2006-10-22', '0', NULL, 'PERÚ', 0, 0, 0, NULL, '0'),
	(2785, '00000493', NULL, NULL, 'PEREZ SALAZAR JOSE ALAMIRO', '', 'Hombre', NULL, '0', '948902084', 'PERÚ', 0, 0, 0, NULL, '0'),
	(2786, '60492124', 'NAYDINI ANTONELLA', 'PINEDA VALDEZ', NULL, NULL, 'F', '2007-03-23', '0', NULL, 'PERÚ', 0, 0, 0, NULL, '0'),
	(2787, '43913326', NULL, NULL, 'VALDEZ MONCADA YULI MAGALY', '', 'Mujer', NULL, '0', '', 'PERÚ', 0, 0, 0, NULL, '0'),
	(2788, '71697025', 'ERITHSON  DANIEL', 'PORTILLA MOLINA', NULL, NULL, 'F', '2006-01-22', '0', NULL, 'PERÚ', 0, 0, 0, NULL, '0'),
	(2789, '00000495', NULL, NULL, 'MOLINA GARCIA MARIA ETELVINA', '', 'Mujer', NULL, '0', '504273', 'PERÚ', 0, 0, 0, NULL, '0'),
	(2790, '61130659', 'KEVIN ALEXANDER', 'QUIROZ HERNANDEZ', NULL, NULL, 'F', '2007-07-18', '0', NULL, 'PERÚ', 0, 0, 0, NULL, '0'),
	(2791, '00000496', NULL, NULL, 'HERNANDEZ MEDINA LUZ MILAGROS', '', 'Mujer', NULL, '0', '', 'PERÚ', 0, 0, 0, NULL, '0'),
	(2792, '61062104', 'HARUMI SARAI', 'QUITO DIAZ', NULL, NULL, 'M', '2007-05-03', '0', NULL, 'PERÚ', 0, 0, 0, NULL, '0'),
	(2793, '61378551', 'DANIA ALIZ', 'QUITO MONDRAGON', NULL, NULL, 'F', '2007-01-10', '0', NULL, 'PERÚ', 0, 0, 0, NULL, '0'),
	(2794, '00000498', NULL, NULL, 'MONDRAGÓN HERNÁNDEZ GLORIA CONSUELO', '', 'Mujer', NULL, '0', '563203 / 947411070', 'PERÚ', 0, 0, 0, NULL, '0'),
	(2795, '75055589', 'ALEXSANDRA EVELYN', 'RAMIREZ ESTRADA', NULL, NULL, 'M', '2005-10-27', '0', NULL, 'PERÚ', 0, 0, 0, NULL, '0'),
	(2796, '19331572', NULL, NULL, 'RAMIREZ VERA LEANDRO', '', 'Hombre', NULL, '0', '563242', 'PERÚ', 0, 0, 0, NULL, '0'),
	(2797, '61062274', 'HUGO ALEXANDER', 'RAMIREZ MENDOZA', NULL, NULL, 'M', '2007-07-04', '0', NULL, 'PERÚ', 0, 0, 0, NULL, '0'),
	(2798, '00000500', NULL, NULL, 'RAMIREZ QUISPE JUVENAL', '', 'Hombre', NULL, '0', '', 'PERÚ', 0, 0, 0, NULL, '0'),
	(2799, '61130775', 'YIARA YAHAIRA', 'RAMOS MIRANDA', NULL, NULL, 'F', '2007-08-30', '0', NULL, 'PERÚ', 0, 0, 0, NULL, '0'),
	(2800, '41626869', NULL, NULL, 'MIRANDA VERA SUHEILA UVIANOVA', '', 'Mujer', NULL, '0', '', 'PERÚ', 0, 0, 0, NULL, '0'),
	(2801, '60804902', 'PIER SNAYDER', 'RAMOS SAENZ', NULL, NULL, 'M', '2006-08-13', '0', NULL, 'PERÚ', 0, 0, 0, NULL, '0'),
	(2802, '41468446', NULL, NULL, 'RAMOS GOICOCHEA MARTIN JESUS', '', 'Hombre', NULL, '0', '950810818', 'PERÚ', 0, 0, 0, NULL, '0'),
	(2803, '60804923', 'FRANCO JOSUE', 'REVILLA LLANOS', NULL, NULL, 'F', '2006-08-13', '0', NULL, 'PERÚ', 0, 0, 0, NULL, '0'),
	(2804, '00000503', NULL, NULL, 'LLANOS DEZA LUZ DEL ROSARIO', '', 'Mujer', NULL, '0', '', 'PERÚ', 0, 0, 0, NULL, '0'),
	(2805, '60040574', 'DEYBI ALEXANDER', 'RIOS ZELADA', NULL, NULL, 'F', '2006-12-05', '0', NULL, 'PERÚ', 0, 0, 0, NULL, '0'),
	(2806, '47323453', NULL, NULL, 'ZELADA CELIS VILMA CONSUELO', '', 'Mujer', NULL, '0', '', 'PERÚ', 0, 0, 0, NULL, '0'),
	(2807, '74700322', 'JULIO GRABIEL', 'RIVASPLATA DE LA CRUZ', NULL, NULL, 'F', '2005-06-17', '0', NULL, 'PERÚ', 0, 0, 0, NULL, '0'),
	(2808, '00000505', NULL, NULL, 'DE LA CRUZ OCAS GLORIA JANET', '', 'Mujer', NULL, '0', '044580183', 'PERÚ', 0, 0, 0, NULL, '0'),
	(2809, '75055413', 'ANYELI YAMILE', 'ROJAS PALACIOS', NULL, NULL, 'M', '2006-04-18', '0', NULL, 'PERÚ', 0, 0, 0, NULL, '0'),
	(2810, '80474951', NULL, NULL, 'ROJAS MURRUGARRA JONY', '', 'Hombre', NULL, '0', '', 'PERÚ', 0, 0, 0, NULL, '0'),
	(2811, '60805046', 'JUNIOR ENRIQUE', 'ROMERO CIPA', NULL, NULL, 'F', '2006-09-05', '0', NULL, 'PERÚ', 0, 0, 0, NULL, '0'),
	(2812, '00000507', NULL, NULL, 'CIPA DIAZ YUDY MILAGROS', '', 'Mujer', NULL, '0', '', 'PERÚ', 0, 0, 0, NULL, '0'),
	(2813, '61378363', 'TREYSI ANYELI', 'RUBIO REATEGUI', NULL, NULL, 'M', '2006-09-05', '0', NULL, 'PERÚ', 0, 0, 0, NULL, '0'),
	(2814, '00000508', NULL, NULL, 'RUBIO ZEGARRA DANIEL ALEXANDER', '', 'Hombre', NULL, '0', '', 'PERÚ', 0, 0, 0, NULL, '0'),
	(2815, '61130565', 'BRIGITTE STEFANNY', 'RUIZ CHUSDEN', NULL, NULL, 'M', '2007-07-07', '0', NULL, 'PERÚ', 0, 0, 0, NULL, '0'),
	(2816, '00000509', NULL, NULL, 'RUIZ CACEDA RENATO', '', 'Hombre', NULL, '0', '', 'PERÚ', 0, 0, 0, NULL, '0'),
	(2817, '60804934', 'EDDIE FABIAN', 'RUIZ JULCAMORO', NULL, NULL, 'M', '2006-08-18', '0', NULL, 'PERÚ', 0, 0, 0, NULL, '0'),
	(2818, '19329624', NULL, NULL, 'RUIZ SUAREZ IVAN NOLBERTO', '', 'Hombre', NULL, '0', '', 'PERÚ', 0, 0, 0, NULL, '0'),
	(2819, '61130568', 'DORELY SADIT', 'SAAVEDRA CABANILLAS', NULL, NULL, 'M', '2007-07-19', '0', NULL, 'PERÚ', 0, 0, 0, NULL, '0'),
	(2820, '41629110', NULL, NULL, 'SAAVEDRA SERIN FELIPE JUAN', '', 'Hombre', NULL, '0', '', 'PERÚ', 0, 0, 0, NULL, '0'),
	(2821, '61062198', 'LEYDY', 'SAENZ LLANOS', NULL, NULL, 'F', '2007-06-01', '0', NULL, 'PERÚ', 0, 0, 0, NULL, '0'),
	(2822, '00000512', NULL, NULL, 'LLANOS DEZA ZOILA VIOLETA', '', 'Mujer', NULL, '0', '961040126', 'PERÚ', 0, 0, 0, NULL, '0'),
	(2823, '63331558', 'KIMBERLIN XIOMARA', 'SALAZAR GONZALES', NULL, NULL, 'F', '2006-08-13', '0', NULL, 'PERÚ', 0, 0, 0, NULL, '0'),
	(2824, '45866490', NULL, NULL, 'GONZALES SOLANO ROSA EDITA', '', 'Mujer', NULL, '0', '', 'PERÚ', 0, 0, 0, NULL, '0'),
	(2825, '74984593', 'ERICK PAUL', 'SALAZAR OLANO', NULL, NULL, 'M', '2006-04-15', '0', NULL, 'PERÚ', 0, 0, 0, NULL, '0'),
	(2826, '00000514', NULL, NULL, 'SALAZAR GUTIERREZ SANTIAGO', '', 'Hombre', NULL, '0', '', 'PERÚ', 0, 0, 0, NULL, '0'),
	(2827, '60136508', 'OLENKA CECILIA', 'SANCHEZ PACHECO', NULL, NULL, 'F', '2006-07-07', '0', NULL, 'PERÚ', 0, 0, 0, NULL, '0'),
	(2828, '19224493', NULL, NULL, 'PACHECO VILLAR DE SANCHEZ CELESTE EULALIA', '', 'Mujer', NULL, '0', '973836159', 'PERÚ', 0, 0, 0, NULL, '0'),
	(2829, '70644256', 'DIEGO JESÚS', 'SERRANO DELGADO', NULL, NULL, 'F', '2007-04-14', '0', NULL, 'PERÚ', 0, 0, 0, NULL, '0'),
	(2830, '00000516', NULL, NULL, 'DELGADO VERA ELENA GIOVANNI', '', 'Mujer', NULL, '0', '4033011', 'PERÚ', 0, 0, 0, NULL, '0'),
	(2831, '74984655', 'VIRGINIA ANAHI', 'MEJIA YOVERA', NULL, NULL, 'F', '2006-03-11', '0', NULL, 'PERÚ', 0, 0, 0, NULL, '0'),
	(2832, '40083787', NULL, NULL, 'YOVERA MARTOS PERLA JANET', '', 'Mujer', NULL, '0', '948402183', 'PERÚ', 0, 0, 0, NULL, '0'),
	(2833, '60139919', 'KAREN MAIRITA', 'MONSEFU ALVITEZ', NULL, NULL, 'M', '2006-09-27', '0', NULL, 'PERÚ', 0, 0, 0, NULL, '0'),
	(2834, '00000518', NULL, NULL, 'MONSEFU HERNANDEZ JOSÉ PRIMITIVO', '', 'Hombre', NULL, '0', '', 'PERÚ', 0, 0, 0, NULL, '0'),
	(2835, '61749144', 'MARIALIZ NAHOMI', 'PALACIOS BAZAN', NULL, NULL, 'F', '2006-10-21', '0', NULL, 'PERÚ', 0, 0, 0, NULL, '0'),
	(2836, '00000519', NULL, NULL, 'BAZAN PICHEN ROSA JUANA', '', 'Mujer', NULL, '0', '', 'PERÚ', 0, 0, 0, NULL, '0'),
	(2837, '61130587', 'XIMENA ABIGAIL', 'PALACIOS DELGADO', NULL, NULL, 'M', '2007-07-26', '0', NULL, 'PERÚ', 0, 0, 0, NULL, '0'),
	(2838, '00000520', NULL, NULL, 'PALACIOS GUEVARA DIEGO JHONATAN', '', 'Hombre', NULL, '0', '580091', 'PERÚ', 0, 0, 0, NULL, '0'),
	(2839, '63261292', 'JUAN DE DIOS', 'SANCHEZ LEON', NULL, NULL, 'F', '2007-07-06', '0', NULL, 'PERÚ', 0, 0, 0, NULL, '0'),
	(2840, '00000521', NULL, NULL, 'LEON LEON LUISA PERLA', '', 'Mujer', NULL, '0', '', 'PERÚ', 0, 0, 0, NULL, '0'),
	(2841, '60805086', 'ANABEL MIREYLI', 'TERRONES BAZAN', NULL, NULL, 'F', '2006-09-21', '0', NULL, 'PERÚ', 0, 0, 0, NULL, '0'),
	(2842, '42011764', NULL, NULL, 'BAZAN VERA ANA MABEL', '', 'Mujer', NULL, '0', '', 'PERÚ', 0, 0, 0, NULL, '0'),
	(2843, '60469377', 'VICTOR MANUEL LEANDRO', 'THERAN ARMILLON', NULL, NULL, 'M', '2007-01-01', '0', NULL, 'PERÚ', 0, 0, 0, NULL, '0'),
	(2844, '00000523', NULL, NULL, 'THERAN CABANILLAS VICTOR  AUGUSTO', '', 'Hombre', NULL, '0', '', 'PERÚ', 0, 0, 0, NULL, '0'),
	(2845, '60805197', 'NADINE DEL CIELO', 'TONGOMBOL VASQUEZ', NULL, NULL, 'F', '2006-11-11', '0', NULL, 'PERÚ', 0, 0, 0, NULL, '0'),
	(2846, '44694907', NULL, NULL, 'VASQUEZ VILLOSLADA LADY LILIBEL', '', 'Mujer', NULL, '0', '', 'PERÚ', 0, 0, 0, NULL, '0'),
	(2847, '61130601', 'DANA ALLISON', 'TORRES RODRIGUEZ', NULL, NULL, 'F', '2007-07-19', '0', NULL, 'PERÚ', 0, 0, 0, NULL, '0'),
	(2848, '43771506', NULL, NULL, 'RODRIGUEZ LARA ANA JAEL', '', 'Mujer', NULL, '0', '', 'PERÚ', 0, 0, 0, NULL, '0'),
	(2849, '61252690', 'GIANLUIGUI ESTEFANO', 'URBINA CORDOBA', NULL, NULL, 'F', '2006-08-08', '0', NULL, 'PERÚ', 0, 0, 0, NULL, '0'),
	(2850, '00000526', NULL, NULL, 'CORDOVA  EMILIA DEL VALLE', 'milivcor@hotmail.com', 'Mujer', NULL, '0', '014314778 / 965375775', 'PERÚ', 0, 0, 0, NULL, '0'),
	(2851, '61252689', 'MAYRENA NICOL', 'URBINA CORDOBA', NULL, NULL, 'M', '2006-08-08', '0', NULL, 'PERÚ', 0, 0, 0, NULL, '0'),
	(2852, '00000527', NULL, NULL, 'URBINA MUÑOZ VICTOR JAVIER', 'nreservado@hotmail.com', 'Hombre', NULL, '0', '504257 / 989904047', 'PERÚ', 0, 0, 0, NULL, '0'),
	(2853, '60140800', 'LUSMILA EVELI', 'VALDEZ QUISPE', NULL, NULL, 'M', '2006-05-08', '0', NULL, 'PERÚ', 0, 0, 0, NULL, '0'),
	(2854, '42994046', NULL, NULL, 'VALDEZ TANTA VICTOR MANUEL', '', 'Hombre', NULL, '0', '', 'PERÚ', 0, 0, 0, NULL, '0'),
	(2855, '77223224', 'ERICK RODRIGO', 'VARGAS PEREZ', NULL, NULL, 'F', '2006-10-16', '0', NULL, 'PERÚ', 0, 0, 0, NULL, '0'),
	(2856, '19322293', NULL, NULL, 'PEREZ RAMIREZ AUREA PETRONILA', '', 'Mujer', NULL, '0', '', 'PERÚ', 0, 0, 0, NULL, '0'),
	(2857, '60492019', 'ANA SOFIA', 'VARGAS RAMIREZ', NULL, NULL, 'F', '2007-03-06', '0', NULL, 'PERÚ', 0, 0, 0, NULL, '0'),
	(2858, '60805198', 'FRANK ARTURO', 'VASQUEZ CRUZ', NULL, NULL, 'F', '2006-10-26', '0', NULL, 'PERÚ', 0, 0, 0, NULL, '0'),
	(2859, '00000531', NULL, NULL, 'CRUZ MARIN ARLENE GABRIELA', '', 'Mujer', NULL, '0', '', 'PERÚ', 0, 0, 0, NULL, '0'),
	(2860, '60805284', 'ANABELLA', 'VASQUEZ CUMPA', NULL, NULL, 'M', '2006-11-07', '0', NULL, 'PERÚ', 0, 0, 0, NULL, '0'),
	(2861, '00000532', NULL, NULL, 'VASQUEZ MEDINA JUAN ALBERTO', '', 'Hombre', NULL, '0', '', 'PERÚ', 0, 0, 0, NULL, '0'),
	(2862, '72267042', 'HECTOR', 'VASQUEZ FUENTES', NULL, NULL, 'F', '2006-04-20', '0', NULL, 'PERÚ', 0, 0, 0, NULL, '0'),
	(2863, '80385529', NULL, NULL, 'FUENTES CAMPOS EUSEBIA', '', 'Mujer', NULL, '0', '', 'PERÚ', 0, 0, 0, NULL, '0'),
	(2864, '60425449', 'MARIA TERESA', 'VASQUEZ GALLARDO', NULL, NULL, 'F', '2006-07-18', '0', NULL, 'PERÚ', 0, 0, 0, NULL, '0'),
	(2865, '00000534', NULL, NULL, 'GALLARDO MONCADA GLADYS MARITZA', '', 'Mujer', NULL, '0', '', 'PERÚ', 0, 0, 0, NULL, '0'),
	(2866, '60805044', 'NIMIA CRISTELL', 'VASQUEZ MARTINEZ', NULL, NULL, 'F', '2006-08-30', '0', NULL, 'PERÚ', 0, 0, 0, NULL, '0'),
	(2867, '00000535', NULL, NULL, 'MARTINEZ NUÑEZ NICIDA', '', 'Mujer', NULL, '0', '949582182', 'PERÚ', 0, 0, 0, NULL, '0'),
	(2868, '60469499', 'ESTEFANY MARICIELO', 'VASQUEZ MONCADA', NULL, NULL, 'M', '2007-02-09', '0', NULL, 'PERÚ', 0, 0, 0, NULL, '0'),
	(2869, '00000536', NULL, NULL, 'VASQUEZ PALOMINO VICTOR', '', 'Hombre', NULL, '0', '', 'PERÚ', 0, 0, 0, NULL, '0'),
	(2870, '75344064', 'JHORDAN EDILBERTO', 'VASQUEZ RUIZ', NULL, NULL, 'F', '2005-01-04', '0', NULL, 'PERÚ', 0, 0, 0, NULL, '0'),
	(2871, '00000537', NULL, NULL, 'RUIZ GOMEZ ROSA ANGELMIRA', '', 'Mujer', NULL, '0', '', 'PERÚ', 0, 0, 0, NULL, '0'),
	(2872, '60805043', 'DAYRA SHIOMARA', 'VASQUEZ VILLANUEVA', NULL, NULL, 'M', '2006-09-15', '0', NULL, 'PERÚ', 0, 0, 0, NULL, '0'),
	(2873, '00000538', NULL, NULL, 'VASQUEZ RAMOS ANTERO ESTEBAN', '', 'Hombre', NULL, '0', '', 'PERÚ', 0, 0, 0, NULL, '0'),
	(2874, '61378463', 'JHEYSSON JOSELITO', 'VERA RUIZ', NULL, NULL, 'F', '2006-06-22', '0', NULL, 'PERÚ', 0, 0, 0, NULL, '0'),
	(2875, '00000539', NULL, NULL, 'RUIZ GOMEZ ROSMERY MAGALY', '', 'Mujer', NULL, '0', '', 'PERÚ', 0, 0, 0, NULL, '0'),
	(2876, '60136491', 'JIMM FRANKO', 'VERASTEGUI ORBEGOSO', NULL, NULL, 'F', '2006-06-17', '0', NULL, 'PERÚ', 0, 0, 0, NULL, '0'),
	(2877, '45633033', NULL, NULL, 'ORBEGOSO SANTA MARIA MARIA DEL PILAR', '', 'Mujer', NULL, '0', '', 'PERÚ', 0, 0, 0, NULL, '0'),
	(2878, '60805045', 'ROBERTO CARLOS', 'VIGO CHANCAFE', NULL, NULL, 'F', '2006-09-11', '0', NULL, 'PERÚ', 0, 0, 0, NULL, '0'),
	(2879, '00000541', NULL, NULL, 'CHANCAFE CABANILLAS EVA', '', 'Mujer', NULL, '0', '', 'PERÚ', 0, 0, 0, NULL, '0'),
	(2880, '74628451', 'KLEIDER RONALDIÑO', 'VIGO GALARRETA', NULL, NULL, 'M', '2006-05-15', '0', NULL, 'PERÚ', 0, 0, 0, NULL, '0'),
	(2881, '00000542', NULL, NULL, 'VIGO VIGO ELMO DEMETRIO', '', 'Hombre', NULL, '0', '', 'PERÚ', 0, 0, 0, NULL, '0'),
	(2882, '60491996', 'ILVIO JOSUE', 'VIGO MOLLO', NULL, NULL, 'M', '2007-02-28', '0', NULL, 'PERÚ', 0, 0, 0, NULL, '0'),
	(2883, '00000543', NULL, NULL, 'VIGO RODRIGUEZ ILVIO ADOLFO', '', 'Hombre', NULL, '0', '948652693', 'PERÚ', 0, 0, 0, NULL, '0'),
	(2884, '60139929', 'JHAN JARLIN', 'CERNA CHUGNAS', NULL, NULL, 'M', '2006-11-06', '0', NULL, 'PERÚ', 0, 0, 0, NULL, '0'),
	(2885, '00000544', NULL, NULL, 'CERNA SANCHEZ EDSAR  ALBERTO', '', 'Hombre', NULL, '0', '', 'PERÚ', 0, 0, 0, NULL, '0'),
	(2886, '60469380', 'ESTEFANY NICOL', 'CHACON TORRES', NULL, NULL, 'F', '2006-12-31', '0', NULL, 'PERÚ', 0, 0, 0, NULL, '0'),
	(2887, '42711498', NULL, NULL, 'TORRES CARUAJULCA MARIA NORMITA', '', 'Mujer', NULL, '0', '', 'PERÚ', 0, 0, 0, NULL, '0'),
	(2888, '74958448', 'MELISSA LIZET', 'DIAZ HUANGAL', NULL, NULL, 'M', '2006-02-02', '0', NULL, 'PERÚ', 0, 0, 0, NULL, '0'),
	(2889, '00000546', NULL, NULL, 'DIAZ MENDOZA LUIS  ENRIQUE', '', 'Hombre', NULL, '0', '', 'PERÚ', 0, 0, 0, NULL, '0'),
	(2890, '60805260', 'LUZ LOANA', 'HERRERA CELIS', NULL, NULL, 'M', '2006-11-21', '0', NULL, 'PERÚ', 0, 0, 0, NULL, '0'),
	(2891, '00000547', NULL, NULL, 'HERRERA REYES JOSE ANTONIO', '', 'Hombre', NULL, '0', '', 'PERÚ', 0, 0, 0, NULL, '0'),
	(2892, '60492043', 'MANUEL ALFONSO', 'HORNA MALCA', NULL, NULL, 'F', '2007-03-22', '0', NULL, 'PERÚ', 0, 0, 0, NULL, '0'),
	(2893, '00000548', NULL, NULL, 'MALCA ROMERO ROXANA', '', 'Mujer', NULL, '0', '', 'PERÚ', 0, 0, 0, NULL, '0'),
	(2894, '60469507', 'NAOMI MASIEL', 'HOYOS CERDAN', NULL, NULL, 'F', '2007-10-02', '0', NULL, 'PERÚ', 0, 0, 0, NULL, '0'),
	(2895, '42204903', NULL, NULL, 'CERDAN AHUMADA SUGEY DEL CARMEN', '', 'Mujer', NULL, '0', '', 'PERÚ', 0, 0, 0, NULL, '0'),
	(2896, '60469495', 'EVELYN FIORELA', 'HUAMAN ROMERO', NULL, NULL, 'F', '2007-02-08', '0', NULL, 'PERÚ', 0, 0, 0, NULL, '0'),
	(2897, '00000550', NULL, NULL, 'ROMERO CIENFUEGOS EULALIA', '', 'Mujer', NULL, '0', '', 'PERÚ', 0, 0, 0, NULL, '0'),
	(2898, '60051731', 'JUNIOR ALEJANDRO', 'INFANTES GUILLERMO', NULL, NULL, 'F', '2006-11-11', '0', NULL, 'PERÚ', 0, 0, 0, NULL, '0'),
	(2899, '00000551', NULL, NULL, 'GUILLERMO GONZALES KARY GIOVANA', '', 'Mujer', NULL, '0', '948568848', 'PERÚ', 0, 0, 0, NULL, '0'),
	(2900, '73519848', 'CARMEN KIMENA', 'MACHUCA VASQUEZ', NULL, NULL, 'F', '2004-07-15', '0', NULL, 'PERÚ', 0, 0, 0, NULL, '0'),
	(2901, '00000552', NULL, NULL, 'VASQUEZ MOLINA ROSA LAURA', '', 'Mujer', NULL, '0', '948653412', 'PERÚ', 0, 0, 0, NULL, '0'),
	(2902, '61062179', 'ERICKA DAYMARA', 'MONTENEGRO ACUÑA', NULL, NULL, 'F', '2006-08-30', '0', NULL, 'PERÚ', 0, 0, 0, NULL, '0'),
	(2903, '44438866', NULL, NULL, 'ACUÑA RIOJAS LOURDES DEL PILAR', '', 'Mujer', NULL, '0', '', 'PERÚ', 0, 0, 0, NULL, '0'),
	(2904, '73491422', 'LENIN RODRIGO', 'MORE SOLANO', NULL, NULL, 'M', '2006-04-10', '0', NULL, 'PERÚ', 0, 0, 0, NULL, '0'),
	(2905, '19323832', NULL, NULL, 'MORE INGA JUAN', '', 'Hombre', NULL, '0', '', 'PERÚ', 0, 0, 0, NULL, '0'),
	(2906, '60469355', 'AZUMI YIRETH', 'MUÑOZ CACEDA', NULL, NULL, 'F', '2006-12-18', '0', NULL, 'PERÚ', 0, 0, 0, NULL, '0'),
	(2907, '00000555', NULL, NULL, 'CACEDA ORTIZ JUDITH VANESSA', '', 'Mujer', NULL, '0', '952071266', 'PERÚ', 0, 0, 0, NULL, '0'),
	(2908, '61062254', 'LUIGGI LEONARDO', 'NOVOA SERRANO', NULL, NULL, 'F', '2007-06-21', '0', NULL, 'PERÚ', 0, 0, 0, NULL, '0'),
	(2909, '00000556', NULL, NULL, '  SANDY', '', 'Mujer', NULL, '0', '', 'PERÚ', 0, 0, 0, NULL, '0'),
	(2910, '61062170', 'ROSA ELIZABETH', 'NUÑEZ CASTILLO', NULL, NULL, 'F', '2007-06-06', '0', NULL, 'PERÚ', 0, 0, 0, NULL, '0'),
	(2911, '00000557', NULL, NULL, 'CASTILLO ALCANTARA KATIA VANESSA', '', 'Mujer', NULL, '0', '', 'PERÚ', 0, 0, 0, NULL, '0'),
	(2912, '74958459', 'ANGEL GRABIEL', 'ORDOÑEZ VARGAS', NULL, NULL, 'M', '2006-05-05', '0', NULL, 'PERÚ', 0, 0, 0, NULL, '0'),
	(2913, '42570194', NULL, NULL, 'ORDOÑEZ MAYTA JOSE GRABIEL', '', 'Hombre', NULL, '0', '949512383', 'PERÚ', 0, 0, 0, NULL, '0'),
	(2914, '74929668', 'ESTHEFANY BRIJIME', 'ORRILLO SAMAN', NULL, NULL, 'F', '2005-11-19', '0', NULL, 'PERÚ', 0, 0, 0, NULL, '0'),
	(2915, '41978978', NULL, NULL, 'SAMAN NUÑEZ DEISY GIOVANNA', '', 'Mujer', NULL, '0', '999329632', 'PERÚ', 0, 0, 0, NULL, '0'),
	(2916, '70707188', 'XIOMARA ESTEFANIA', 'PEREZ VARGAS', NULL, NULL, 'F', '2007-05-31', '0', NULL, 'PERÚ', 0, 0, 0, NULL, '0'),
	(2917, '43927588', NULL, NULL, 'VARGAS MIRANDA SARITA DE LOS MILAGROS', '', 'Mujer', NULL, '0', '', 'PERÚ', 0, 0, 0, NULL, '0'),
	(2918, '60805111', 'HORIANA MARICIELO', 'SANCHEZ RUBIO', NULL, NULL, 'M', '2006-09-21', '0', NULL, 'PERÚ', 0, 0, 0, NULL, '0'),
	(2919, '00000561', NULL, NULL, 'SANCHEZ BECERRA ERNESTO', '', 'Hombre', NULL, '0', '', 'PERÚ', 0, 0, 0, NULL, '0'),
	(2920, '60805243', 'ANTHONY SEBASTIAN', 'SANTA CRUZ RIOS', NULL, NULL, 'F', '2006-11-07', '0', NULL, 'PERÚ', 0, 0, 0, NULL, '0'),
	(2921, '19202898', NULL, NULL, 'RIOS CASTILLO LADY MAGALI', '', 'Mujer', NULL, '0', '949568036', 'PERÚ', 0, 0, 0, NULL, '0'),
	(2922, '60805170', 'ANGEL EDUARDO', 'SOSA AGUILAR', NULL, NULL, 'M', '2006-10-30', '0', NULL, 'PERÚ', 0, 0, 0, NULL, '0'),
	(2923, '43072865', NULL, NULL, 'SOSA CHIROQUE ANGEL MANUEL', '', 'Hombre', NULL, '0', '', 'PERÚ', 0, 0, 0, NULL, '0'),
	(2924, '61130600', 'YAMILET YANICE', 'TACILLO CRUZ', NULL, NULL, 'F', '2007-07-17', '0', NULL, 'PERÚ', 0, 0, 0, NULL, '0'),
	(2925, '00000564', NULL, NULL, 'CRUZ MARIN LUCY NANCY', '', 'Mujer', NULL, '0', '966577577', 'PERÚ', 0, 0, 0, NULL, '0'),
	(2926, '60492011', 'ZHAID REINER', 'TAPIA CARRASCAL', NULL, NULL, 'M', '2007-03-13', '0', NULL, 'PERÚ', 0, 0, 0, NULL, '0'),
	(2927, '17441031', NULL, NULL, 'TAPIA BUSTAMANTE MANUEL ENRIQUE', '', 'Hombre', NULL, '0', '', 'PERÚ', 0, 0, 0, NULL, '0'),
	(2928, '60877853', 'MICHAEL ALESSANDRO', 'VILLACORTA CARRANZA', NULL, NULL, 'M', '2006-11-07', '0', NULL, 'PERÚ', 0, 0, 0, NULL, '0'),
	(2929, '00000567', NULL, NULL, 'VILLACORTA CARRANZA JORGE ALEXANDER', '', 'Hombre', NULL, '0', '949705900', 'PERÚ', 0, 0, 0, NULL, '0'),
	(2930, '60262251', 'SULEICA SOFIA', 'ZAMBRANO QUIROZ', NULL, NULL, 'F', '2007-06-02', '0', NULL, 'PERÚ', 0, 0, 0, NULL, '0'),
	(2931, '00000568', NULL, NULL, 'QUIROZ CUBAS AIDE MELADY', '', 'Mujer', NULL, '0', '', 'PERÚ', 0, 0, 0, NULL, '0'),
	(2932, '60804972', 'LUCERO YSABEL', 'ZAVALETA MALCA', NULL, NULL, 'F', '2006-08-10', '0', NULL, 'PERÚ', 0, 0, 0, NULL, '0'),
	(2933, '00000569', NULL, NULL, 'MALCA BANCES DORA YSABEL', '', 'Mujer', NULL, '0', '', 'PERÚ', 0, 0, 0, NULL, '0'),
	(2934, '60805258', 'JOSE ANTONIO', 'ZEGARRA TERAN', NULL, NULL, 'F', '2006-11-18', '0', NULL, 'PERÚ', 0, 0, 0, NULL, '0'),
	(2935, '00000570', NULL, NULL, 'TERAN TERAN MERCEDES', '', 'Mujer', NULL, '0', '', 'PERÚ', 0, 0, 0, NULL, '0'),
	(2936, '60805128', 'JUNIOR JAIR', 'ZELADA VASQUEZ', NULL, NULL, 'M', '2006-10-04', '0', NULL, 'PERÚ', 0, 0, 0, NULL, '0'),
	(2937, '43047355', NULL, NULL, 'ZELADA MENDOZA GENARO', '', 'Hombre', NULL, '0', '', 'PERÚ', 0, 0, 0, NULL, '0'),
	(2938, '61062105', 'DANIELA ALEXANDRA', 'ABANTO LINARES', NULL, NULL, 'M', '2005-01-09', '0', NULL, 'PERÚ', 0, 0, 0, NULL, '0'),
	(2939, '45567933', NULL, NULL, 'ABANTO CABANILLAS VICTOR HUMBERTO', '', 'Hombre', NULL, '0', '984976983', 'PERÚ', 0, 0, 0, NULL, '0'),
	(2940, '60425300', 'ANDERSON ANDRE', 'ALBITRES GUEVARA', NULL, NULL, 'F', '2006-07-01', '0', NULL, 'PERÚ', 0, 0, 0, NULL, '0'),
	(2941, '00000573', NULL, NULL, 'GUEVARA CABANILLAS SANTA LEONOR', '', 'Mujer', NULL, '0', '949645099', 'PERÚ', 0, 0, 0, NULL, '0'),
	(2942, '60784750', 'DAVID ALESSANDRO', 'ARROYO ESPINOZA', NULL, NULL, 'M', '2006-06-13', '0', NULL, 'PERÚ', 0, 0, 0, NULL, '0'),
	(2943, '00000574', NULL, NULL, 'ARROYO ROMERO DAVID MOISES', '', 'Hombre', NULL, '0', '', 'PERÚ', 0, 0, 0, NULL, '0'),
	(2944, '72502923', 'ALEX JUAN', 'AYALA TOCAS', NULL, NULL, 'F', '2005-03-25', '0', NULL, 'PERÚ', 0, 0, 0, NULL, '0'),
	(2945, '16781967', NULL, NULL, 'TOCAS MARRUFO DE AYALA MAGDALENA', '', 'Mujer', NULL, '0', '', 'PERÚ', 0, 0, 0, NULL, '0'),
	(2946, '60425224', 'LEEC ANDERSON', 'BALAREZO ESCALANTE', NULL, NULL, 'F', '2006-05-30', '0', NULL, 'PERÚ', 0, 0, 0, NULL, '0'),
	(2947, '44952313', NULL, NULL, 'ESCALANTE PISFIL ZOILA MARIELLA', '', 'Mujer', NULL, '0', '977938368', 'PERÚ', 0, 0, 0, NULL, '0'),
	(2948, '60425190', 'LUIS MARIO', 'BARRANTES REVILLA', NULL, NULL, 'F', '2006-04-19', '0', NULL, 'PERÚ', 0, 0, 0, NULL, '0'),
	(2949, '00000577', NULL, NULL, 'REVILLA SAMAN SHEILER MARIBEL', '', 'Mujer', NULL, '0', '', 'PERÚ', 0, 0, 0, NULL, '0'),
	(2950, '60804918', 'ANYELA JULIANA', 'BECERRA PAUCAR', NULL, NULL, 'F', '2006-07-29', '0', NULL, 'PERÚ', 0, 0, 0, NULL, '0'),
	(2951, '00000578', NULL, NULL, 'PAUCAR CACEDA ROSA ANITA', '', 'Mujer', NULL, '0', '504409', 'PERÚ', 0, 0, 0, NULL, '0'),
	(2952, '74079513', 'BRYAM ALEXANDER', 'BENITES HUAYLLA', NULL, NULL, 'M', '2006-01-12', '0', NULL, 'PERÚ', 0, 0, 0, NULL, '0'),
	(2953, '00000579', NULL, NULL, 'BENITES NUNURA JUAN ALBERTO', '', 'Hombre', NULL, '0', '947406218', 'PERÚ', 0, 0, 0, NULL, '0'),
	(2954, '74613857', 'RONALD ADRIAN', 'BRIONES CRUZADO', NULL, NULL, 'F', '2005-11-26', '0', NULL, 'PERÚ', 0, 0, 0, NULL, '0'),
	(2955, '41902292', NULL, NULL, 'CRUZADO QUISPE ELSA JANET', '', 'Mujer', NULL, '0', '', 'PERÚ', 0, 0, 0, NULL, '0'),
	(2956, '74696738', 'JEFFERSON RONALDO', 'BUENO ALVA', NULL, NULL, 'M', '2005-08-14', '0', NULL, 'PERÚ', 0, 0, 0, NULL, '0'),
	(2957, '00000581', NULL, NULL, 'BUENO VASQUEZ JUAN FELIPE', '', 'Hombre', NULL, '0', '', 'PERÚ', 0, 0, 0, NULL, '0'),
	(2958, '74390357', 'JUNIOR FAUSTO', 'CABANILLAS ALVAREZ', NULL, NULL, 'F', '2006-01-28', '0', NULL, 'PERÚ', 0, 0, 0, NULL, '0'),
	(2959, '19333240', NULL, NULL, 'ALVAREZ SANTA CRUZ LUZ ELENA', '', 'Mujer', NULL, '0', '', 'PERÚ', 0, 0, 0, NULL, '0'),
	(2960, '60425292', 'LUIS ENRIQUE', 'CABANILLAS ESPINOZA', NULL, NULL, 'F', '2006-06-22', '0', NULL, 'PERÚ', 0, 0, 0, NULL, '0'),
	(2961, '00000583', NULL, NULL, 'ESPINOZA LEYVA DORTI MAGALY', '', 'Mujer', NULL, '0', '', 'PERÚ', 0, 0, 0, NULL, '0'),
	(2962, '60425447', 'JOHAN JEFFERSON', 'CABANILLAS PEREZ', NULL, NULL, 'M', '2006-07-26', '0', NULL, 'PERÚ', 0, 0, 0, NULL, '0'),
	(2963, '19322892', NULL, NULL, 'CABANILLAS JUAREZ HUGO EFRAIN', '', 'Hombre', NULL, '0', '', 'PERÚ', 0, 0, 0, NULL, '0'),
	(2964, '78545995', 'DARIANA YERALDINE', 'CALDERON SANCHEZ', NULL, NULL, 'F', '2006-04-04', '0', NULL, 'PERÚ', 0, 0, 0, NULL, '0'),
	(2965, '43851426', NULL, NULL, 'SANCHEZ MARTINEZ JUANITA ESTHER', '', 'Mujer', NULL, '0', '', 'PERÚ', 0, 0, 0, NULL, '0'),
	(2966, '60425176', 'DANIEL ENRIQUE', 'CAMPOVERDE HUAMAN', NULL, NULL, 'F', '2006-05-14', '0', NULL, 'PERÚ', 0, 0, 0, NULL, '0'),
	(2967, '44262836', NULL, NULL, 'HUAMAN CABANILLAS LEIDI ROXANA', '', 'Mujer', NULL, '0', '', 'PERÚ', 0, 0, 0, NULL, '0'),
	(2968, '60734900', 'ELIX SEBASTIAN', 'CARLOS RANGEL', NULL, NULL, 'M', '2006-05-26', '0', NULL, 'PERÚ', 0, 0, 0, NULL, '0'),
	(2969, '00000587', NULL, NULL, 'CARLOS ABANTO ERICSSON LEMUEL', '', 'Hombre', NULL, '0', '', 'PERÚ', 0, 0, 0, NULL, '0'),
	(2970, '75821156', 'MOISES SEGUNDO ALEJANDRO', 'CASTAÑEDA MESTANZA', NULL, NULL, 'M', '2006-03-13', '0', NULL, 'PERÚ', 0, 0, 0, NULL, '0'),
	(2971, '00000588', NULL, NULL, 'CASTAÑEDA SOLORZANO RAFAEL ALEJANDRO', '', 'Hombre', NULL, '0', '', 'PERÚ', 0, 0, 0, NULL, '0'),
	(2972, '60425221', 'NATALY JERITZA', 'CELIZ VASQUEZ', NULL, NULL, 'M', '2006-05-25', '0', NULL, 'PERÚ', 0, 0, 0, NULL, '0'),
	(2973, '19195379', NULL, NULL, 'CELIZ TERRONES ALBERTO', '', 'Hombre', NULL, '0', '', 'PERÚ', 0, 0, 0, NULL, '0'),
	(2974, '71910299', 'JOSE DANIEL', 'CHAVARRIA PORTALES', NULL, NULL, 'M', '2006-02-16', '0', NULL, 'PERÚ', 0, 0, 0, NULL, '0'),
	(2975, '00000590', NULL, NULL, 'CHAVARRIA BECERRA RONAL DANIEL', '', 'Hombre', NULL, '0', '947838273', 'PERÚ', 0, 0, 0, NULL, '0'),
	(2976, '75050122', 'JACKSON YOSIMAR', 'ESPEJO GUERRERO', NULL, NULL, 'F', '2005-12-16', '0', NULL, 'PERÚ', 0, 0, 0, NULL, '0'),
	(2977, '00000591', NULL, NULL, 'GUERRERO ORDOÑEZ MARIA ISABEL', '', 'Mujer', NULL, '0', '', 'PERÚ', 0, 0, 0, NULL, '0'),
	(2978, '61130593', 'NAOMY JARUMI', 'GAMARRA PAREDES', NULL, NULL, 'M', '2005-10-19', '0', NULL, 'PERÚ', 0, 0, 0, NULL, '0'),
	(2979, '45286812', NULL, NULL, 'GAMARRA CABANILLAS RONALD JAVIER', '', 'Hombre', NULL, '0', '', 'PERÚ', 0, 0, 0, NULL, '0'),
	(2980, '75753609', 'MARCO ANTONIO', 'GUTIERREZ CERNA', NULL, NULL, 'F', '2005-11-06', '0', NULL, 'PERÚ', 0, 0, 0, NULL, '0'),
	(2981, '43369664', NULL, NULL, 'CERNA DE LA CRUZ MARGARITA', '', 'Mujer', NULL, '0', '', 'PERÚ', 0, 0, 0, NULL, '0'),
	(2982, '60492085', 'GABRIEL HEINSE', 'HERNANDEZ SALAZAR', NULL, NULL, 'F', '2006-04-26', '0', NULL, 'PERÚ', 0, 0, 0, NULL, '0'),
	(2983, '45427112', NULL, NULL, 'SALAZAR VENTURA SUSANA', '', 'Mujer', NULL, '0', '', 'PERÚ', 0, 0, 0, NULL, '0'),
	(2984, '60604430', 'LUCY FIORELA', 'MALCA IZQUIERDO', NULL, NULL, 'F', '2005-04-06', '0', NULL, 'PERÚ', 0, 0, 0, NULL, '0'),
	(2985, '00000595', NULL, NULL, 'IZQUIERDO QUIROZ LUCI MARUJA', '', 'Mujer', NULL, '0', '', 'PERÚ', 0, 0, 0, NULL, '0'),
	(2986, '72887797', 'ERICK JOSE', 'MENDOZA RODAS', NULL, NULL, 'F', '2006-05-22', '0', NULL, 'PERÚ', 0, 0, 0, NULL, '0'),
	(2987, '00000596', NULL, NULL, 'RODAS VASQUEZ LUZ MARIBEL', '', 'Mujer', NULL, '0', '', 'PERÚ', 0, 0, 0, NULL, '0'),
	(2988, '71292430', 'CRISTHIAN JARETH', 'MONTEZA DAVALOS', NULL, NULL, 'F', '2005-11-04', '0', NULL, 'PERÚ', 0, 0, 0, NULL, '0'),
	(2989, '19329190', NULL, NULL, 'DAVALOS RODAS DE MONTEZA CECILIA JUDITH', '', 'Mujer', NULL, '0', '', 'PERÚ', 0, 0, 0, NULL, '0'),
	(2990, '72128846', 'JOSUE ALEXANDER', 'PEREZ LLANOS', NULL, NULL, 'F', '2004-11-11', '0', NULL, 'PERÚ', 0, 0, 0, NULL, '0'),
	(2991, '00000598', NULL, NULL, 'LLANOS IGNACIO LUCIOLA', '', 'Mujer', NULL, '0', '', 'PERÚ', 0, 0, 0, NULL, '0'),
	(2992, '75943243', 'IRVING DANIEL', 'ROMERO LLENQUE', NULL, NULL, 'F', '2005-07-18', '0', NULL, 'PERÚ', 0, 0, 0, NULL, '0'),
	(2993, '00000599', NULL, NULL, 'YENQUE CARLOS MARIA DEL PILAR', '', 'Mujer', NULL, '0', '', 'PERÚ', 0, 0, 0, NULL, '0'),
	(2994, '71613085', 'ERICKSON VIERI', 'RONCAL TERAN', NULL, NULL, 'M', '2006-03-14', '0', NULL, 'PERÚ', 0, 0, 0, NULL, '0'),
	(2995, '00000600', NULL, NULL, 'RONCAL RODAS EDINSON SEGUNDO', '', 'Hombre', NULL, '0', '', 'PERÚ', 0, 0, 0, NULL, '0'),
	(2996, '73986029', 'ROBERTO CARLOS', 'SALDAÑA VASQUEZ', NULL, NULL, 'M', '2005-05-28', '0', NULL, 'PERÚ', 0, 0, 0, NULL, '0'),
	(2997, '00000601', NULL, NULL, 'SALDAÑA SAAVEDRA JAMES MANFREDI', '', 'Hombre', NULL, '0', '', 'PERÚ', 0, 0, 0, NULL, '0'),
	(2998, '75024585', 'JENIFER KAROLINA', 'VARGAS RAMIREZ', NULL, NULL, 'M', '2005-09-18', '0', NULL, 'PERÚ', 0, 0, 0, NULL, '0'),
	(2999, '42259245', NULL, NULL, 'VARGAS VALERA JOHNNY MANUEL', '', 'Hombre', NULL, '0', '', 'PERÚ', 0, 0, 0, NULL, '0'),
	(3000, '76655700', 'MARICIELO ABIGAID', 'ALBARRAN CHAVEZ', NULL, NULL, 'F', '2006-04-26', '0', NULL, 'PERÚ', 0, 0, 0, NULL, '0'),
	(3001, '00000603', NULL, NULL, 'CHAVEZ GAMARRA LUZMILA ERESVITA', '', 'Mujer', NULL, '0', '', 'PERÚ', 0, 0, 0, NULL, '0'),
	(3002, '72742843', 'DANIEL OSEAS', 'CABANILLAS CANELO', NULL, NULL, 'F', '2005-12-25', '0', NULL, 'PERÚ', 0, 0, 0, NULL, '0'),
	(3003, '00000604', NULL, NULL, 'CANELO RIVERA LUISA VICTORIA', '', 'Mujer', NULL, '0', '044327541', 'PERÚ', 0, 0, 0, NULL, '0'),
	(3004, '71645506', 'KIARA ANACRISTINA', 'CABRERA PERALTA', NULL, NULL, 'F', '2006-04-03', '0', NULL, 'PERÚ', 0, 0, 0, NULL, '0'),
	(3005, '00000605', NULL, NULL, 'PERALTA CALLE DIANA JANET', '', 'Mujer', NULL, '0', '', 'PERÚ', 0, 0, 0, NULL, '0'),
	(3006, '75005574', 'MAYERLI BRIGHIT', 'CESPEDES QUIROZ', NULL, NULL, 'M', '2006-03-04', '0', NULL, 'PERÚ', 0, 0, 0, NULL, '0'),
	(3007, '00000606', NULL, NULL, 'CESPEDES RODRIGUEZ WALTER OSWALDO', '', 'Hombre', NULL, '0', ' 948874904', 'PERÚ', 0, 0, 0, NULL, '0'),
	(3008, '75025910', 'JOSHUAN GABRIEL', 'CHANCAFE CERNA', NULL, NULL, 'F', '2005-01-08', '0', NULL, 'PERÚ', 0, 0, 0, NULL, '0'),
	(3009, '42363774', NULL, NULL, 'CHANCAFE CERNA DAYSI JHOJANA', '', 'Mujer', NULL, '0', '959996124', 'PERÚ', 0, 0, 0, NULL, '0'),
	(3010, '72637249', 'GIORGINA ADELAYDA', 'CHAQUILA VALERA', NULL, NULL, 'F', '2005-09-28', '0', NULL, 'PERÚ', 0, 0, 0, NULL, '0'),
	(3011, '00000608', NULL, NULL, 'VALERA BRAVO IGNACIA ELVIRA', '', 'Mujer', NULL, '0', '', 'PERÚ', 0, 0, 0, NULL, '0'),
	(3012, '74696639', 'DAYANA MARIBEL', 'CHAVARRY ZELADA', NULL, NULL, 'F', '2005-09-10', '0', NULL, 'PERÚ', 0, 0, 0, NULL, '0'),
	(3013, '00000609', NULL, NULL, 'CHAVARRY PALACIOS MISES AUGUSTO', '', 'Mujer', NULL, '0', '997078354', 'PERÚ', 0, 0, 0, NULL, '0'),
	(3014, '62680252', 'DANIEL OMAR', 'CHAVEZ ROMERO', NULL, NULL, 'F', '2005-11-14', '0', NULL, 'PERÚ', 0, 0, 0, NULL, '0'),
	(3015, '61781731', 'HECTOR SAMUEL', 'CHAVEZ ROMERO', NULL, NULL, 'F', '2004-11-03', '0', NULL, 'PERÚ', 0, 0, 0, NULL, '0'),
	(3016, '63109825', 'CELIA DAYANA', 'CHAVEZ SOLANO', NULL, NULL, 'F', '2005-01-19', '0', NULL, 'PERÚ', 0, 0, 0, NULL, '0'),
	(3017, '00000612', NULL, NULL, 'DIAZ GUEVARA LEYLA FANNY', '', 'Mujer', NULL, '0', '795562', 'PERÚ', 0, 0, 0, NULL, '0'),
	(3018, '76410540', 'ORFELINDA YANINA', 'CHUQUILIN MELO', NULL, NULL, 'F', '2006-01-30', '0', NULL, 'PERÚ', 0, 0, 0, NULL, '0'),
	(3019, '44946351', NULL, NULL, 'MELO MORI KARINA', '', 'Mujer', NULL, '0', '', 'PERÚ', 0, 0, 0, NULL, '0'),
	(3020, '75055372', 'ALONDRA NICOLE', 'CLAVIJO MALCA', NULL, NULL, 'F', '2006-01-02', '0', NULL, 'PERÚ', 0, 0, 0, NULL, '0'),
	(3021, '00000614', NULL, NULL, 'MALCA BECERRA FLOR RILMA', '', 'Mujer', NULL, '0', '', 'PERÚ', 0, 0, 0, NULL, '0'),
	(3022, '63008668', 'EYTAN JHAREN', 'COBBA POMA', NULL, NULL, 'M', '2005-10-23', '0', NULL, 'PERÚ', 0, 0, 0, NULL, '0'),
	(3023, '00000615', NULL, NULL, 'COBBA COBBA JORGE', '', 'Hombre', NULL, '0', '', 'PERÚ', 0, 0, 0, NULL, '0'),
	(3024, '73779076', 'INGRID LINA', 'CRISTOBAL REAÑO', NULL, NULL, 'M', '2006-04-19', '0', NULL, 'PERÚ', 0, 0, 0, NULL, '0'),
	(3025, '42529947', NULL, NULL, 'CRISTOBAL QUISPE ROLY RAUL', '', 'Hombre', NULL, '0', '', 'PERÚ', 0, 0, 0, NULL, '0'),
	(3026, '75106473', 'JULISSA PAOLA', 'CRUZADO DE LA CRUZ', '', NULL, 'F', '2005-09-17', '0', NULL, 'PERÚ', 0, 0, 0, NULL, '0'),
	(3027, '00000617', NULL, NULL, 'DE LA CRUZ BECERRA FLOR ESPERANZA', '', 'Mujer', NULL, '0', '949926098', 'PERÚ', 0, 0, 0, NULL, '0'),
	(3028, '74697328', 'PAOLA MARIFER', 'CRUZADO ORTIZ', NULL, NULL, 'F', '2006-01-18', '0', NULL, 'PERÚ', 0, 0, 0, NULL, '0'),
	(3029, '45680351', NULL, NULL, 'ORTIZ ROMERO CINTHYA LISBETH', '', 'Mujer', NULL, '0', '', 'PERÚ', 0, 0, 0, NULL, '0'),
	(3030, '75885501', 'TREISY YASMIN', 'CRUZADO TANTAJULCA', NULL, NULL, 'F', '2006-04-25', '0', NULL, 'PERÚ', 0, 0, 0, NULL, '0'),
	(3031, '00000619', NULL, NULL, 'TANTAJULCA CABANILLAS LUZ ELIZABETH', '', 'Mujer', NULL, '0', '', 'PERÚ', 0, 0, 0, NULL, '0'),
	(3032, '73513877', 'YAMILIN NICOL', 'CUBAS CARLOS', NULL, NULL, 'M', '2006-03-31', '0', NULL, 'PERÚ', 0, 0, 0, NULL, '0'),
	(3033, '80204740', NULL, NULL, 'CUBAS SANCHEZ OSCAR MANUEL', '', 'Hombre', NULL, '0', '', 'PERÚ', 0, 0, 0, NULL, '0'),
	(3034, '74696761', 'YOSTIN ALBERTO', 'CUEVA CADENILLAS', NULL, NULL, 'M', '2006-02-18', '0', NULL, 'PERÚ', 0, 0, 0, NULL, '0'),
	(3035, '19211783', NULL, NULL, 'CUEVA TELLO LUIS ALBERTO', '', 'Hombre', NULL, '0', '', 'PERÚ', 0, 0, 0, NULL, '0'),
	(3036, '60425285', 'VICTOR ORLANDO', 'DAVILA RODAS', NULL, NULL, 'M', '2006-06-10', '0', NULL, 'PERÚ', 0, 0, 0, NULL, '0'),
	(3037, '19330003', NULL, NULL, 'DAVILA GONZALES JOSE ANTONIO', '', 'Hombre', NULL, '0', '', 'PERÚ', 0, 0, 0, NULL, '0'),
	(3038, '62352780', 'DANIELA ANJELINA', 'DE LA CRUZ CASTILLO', NULL, NULL, 'M', '2006-07-30', '0', NULL, 'PERÚ', 0, 0, 0, NULL, '0'),
	(3039, '41274295', NULL, NULL, 'DE LA CRUZ YOPLAC JORGE EDUARDO', '', 'Hombre', NULL, '0', '', 'PERÚ', 0, 0, 0, NULL, '0'),
	(3040, '60890079', 'CESAR HITOSHI', 'DE LA CRUZ SUAREZ', NULL, NULL, 'F', '2006-02-01', '0', NULL, 'PERÚ', 0, 0, 0, NULL, '0'),
	(3041, '00000624', NULL, NULL, 'SUAREZ MONCADA DE DE LA CRUZ SILVIA ROXANA', '', 'Mujer', NULL, '0', '044561354', 'PERÚ', 0, 0, 0, NULL, '0'),
	(3042, '77383559', 'ANA BELEN', 'DEZA SANCHEZ', NULL, NULL, 'F', '2005-09-05', '0', NULL, 'PERÚ', 0, 0, 0, NULL, '0'),
	(3043, '00000625', NULL, NULL, 'SANCHEZ ROJAS ROSA ELVIRA', '', 'Mujer', NULL, '0', '948911334', 'PERÚ', 0, 0, 0, NULL, '0'),
	(3044, '61240075', 'BRISA MIRELLA', 'DIAZ CRUZADO', NULL, NULL, 'F', '2005-04-20', '0', NULL, 'PERÚ', 0, 0, 0, NULL, '0'),
	(3045, '10525034', NULL, NULL, 'ARONI RODRIGUEZ ANTONIA NATALIA', '', 'Mujer', NULL, '0', '', 'PERÚ', 0, 0, 0, NULL, '0'),
	(3046, '72736343', 'LUCILA BELEN', 'DIAZ HERNANDEZ', NULL, NULL, 'M', '2006-05-21', '0', NULL, 'PERÚ', 0, 0, 0, NULL, '0'),
	(3047, '75940492', 'JHON ALEXANDER', 'DIAZ VERGARA', NULL, NULL, 'M', '2005-10-12', '0', NULL, 'PERÚ', 0, 0, 0, NULL, '0'),
	(3048, '00000628', NULL, NULL, 'DIAZ ACUÑA WILMER', '', 'Hombre', NULL, '0', '', 'PERÚ', 0, 0, 0, NULL, '0'),
	(3049, '60425284', 'ANTHONY JOSE', 'FLORES CORDOVA', NULL, NULL, 'F', '2006-06-25', '0', NULL, 'PERÚ', 0, 0, 0, NULL, '0'),
	(3050, '40096366', NULL, NULL, 'CORDOVA ADRIANZEN CLARA LUZ', '', 'Mujer', NULL, '0', '', 'PERÚ', 0, 0, 0, NULL, '0'),
	(3051, '74696650', 'MANUEL STIWAR', 'FLORES DIAZ', NULL, NULL, 'M', '2005-11-24', '0', NULL, 'PERÚ', 0, 0, 0, NULL, '0'),
	(3052, '00000630', NULL, NULL, 'FLORES GUZMAN MANUEL ENRIQUE', '', 'Hombre', NULL, '0', '580284', 'PERÚ', 0, 0, 0, NULL, '0'),
	(3053, '74614404', 'MARIA LIZ', 'GALLARDO VALLEJOS', NULL, NULL, 'F', '2005-12-15', '0', NULL, 'PERÚ', 0, 0, 0, NULL, '0'),
	(3054, '00000631', NULL, NULL, 'VALLEJOS SOBERON ESTHER', '', 'Mujer', NULL, '0', '', 'PERÚ', 0, 0, 0, NULL, '0'),
	(3055, '71315312', 'DAIRA GIANIRA', 'GALVEZ HERNANDEZ', NULL, NULL, 'M', '2006-04-10', '0', NULL, 'PERÚ', 0, 0, 0, NULL, '0'),
	(3056, '00000632', NULL, NULL, 'GALVEZ MENDOZA HARRY GERSON', '', 'Hombre', NULL, '0', '', 'PERÚ', 0, 0, 0, NULL, '0'),
	(3057, '75024703', 'JHOMAIRA MAITEE', 'GAMARRA QUIROZ', NULL, NULL, 'F', '2005-11-23', '0', NULL, 'PERÚ', 0, 0, 0, NULL, '0'),
	(3058, '00000633', NULL, NULL, 'QUIROZ CASTRO ELVIA', '', 'Mujer', NULL, '0', '', 'PERÚ', 0, 0, 0, NULL, '0'),
	(3059, '74615350', 'JORGE JEANPIER', 'CASTAÑEDA JULCA', NULL, NULL, 'F', '2005-12-27', '0', NULL, 'PERÚ', 0, 0, 0, NULL, '0'),
	(3060, '00000634', NULL, NULL, 'JULCA QUISPE ARLITA DIOMAR', '', 'Mujer', NULL, '0', '', 'PERÚ', 0, 0, 0, NULL, '0'),
	(3061, '80957226', 'MARIA CRISTINA', 'CASTRO LEZAMA', NULL, NULL, 'F', '2005-12-22', '0', NULL, 'PERÚ', 0, 0, 0, NULL, '0'),
	(3062, '43234591', NULL, NULL, 'LEZAMA FLORES YESSICA MARIELLA', '', 'Mujer', NULL, '0', '', 'PERÚ', 0, 0, 0, NULL, '0'),
	(3063, '74623879', 'RUT ELIZABET', 'CHUQUILIN DIAZ', NULL, NULL, 'F', '2006-02-23', '0', NULL, 'PERÚ', 0, 0, 0, NULL, '0'),
	(3064, '00000636', NULL, NULL, 'DIAZ VASQUEZ MARIBEL', '', 'Mujer', NULL, '0', '', 'PERÚ', 0, 0, 0, NULL, '0'),
	(3065, '74623326', 'DAYANA NICOLE', 'CHUQUILIN GINEZ', NULL, NULL, 'M', '2005-12-17', '0', NULL, 'PERÚ', 0, 0, 0, NULL, '0'),
	(3066, '00000637', NULL, NULL, 'CHUQUILIN CHUQUILIN CESAR', '', 'Hombre', NULL, '0', '', 'PERÚ', 0, 0, 0, NULL, '0'),
	(3067, '00000639', NULL, NULL, 'SUAREZ CALDERON JESSICA LISET', '', 'Mujer', NULL, '0', '', 'PERÚ', 0, 0, 0, NULL, '0'),
	(3068, '00000640', NULL, NULL, 'GAMARRA GAMARRA PIERO', '', 'Hombre', NULL, '0', '', 'PERÚ', 0, 0, 0, NULL, '0'),
	(3069, '00000641', NULL, NULL, 'COTRINA CASTRO LIDIA ISABEL', '', 'Mujer', NULL, '0', '', 'PERÚ', 0, 0, 0, NULL, '0'),
	(3070, '00000642', NULL, NULL, 'HERNANDEZ VASQUEZ SEGUNDO ALEJANDRO', '', 'Hombre', NULL, '0', '', 'PERÚ', 0, 0, 0, NULL, '0'),
	(3071, '00000644', NULL, NULL, 'HERNANDEZ CASTAÑEDA JUAN CÉSAR', '', 'Hombre', NULL, '0', '', 'PERÚ', 0, 0, 0, NULL, '0'),
	(3072, '00000645', NULL, NULL, 'LINGAN ROMERO EMILIANO', '', 'Hombre', NULL, '0', '563322', 'PERÚ', 0, 0, 0, NULL, '0'),
	(3073, '00000647', NULL, NULL, 'MARRERO VARGAS ROBERTH RICHARD', '', 'Hombre', NULL, '0', '', 'PERÚ', 0, 0, 0, NULL, '0'),
	(3074, '00000648', NULL, NULL, 'MAYTA ANAYA CARLOS ALBERTO', '', 'Hombre', NULL, '0', '', 'PERÚ', 0, 0, 0, NULL, '0'),
	(3075, '00000649', NULL, NULL, 'PISFIL AZABACHE SONIA MARYBEL', '', 'Mujer', NULL, '0', '', 'PERÚ', 0, 0, 0, NULL, '0'),
	(3076, '00000651', NULL, NULL, 'MENDOZA ROMERO ANGELMIRO', '', 'Hombre', NULL, '0', '949928155', 'PERÚ', 0, 0, 0, NULL, '0'),
	(3077, '00000652', NULL, NULL, 'RODAS BARDALES EYLEN', '', 'Mujer', NULL, '0', '', 'PERÚ', 0, 0, 0, NULL, '0'),
	(3078, '00000655', NULL, NULL, 'MATARA SALAZAR MARIA YOLANDA', '', 'Mujer', NULL, '0', '', 'PERÚ', 0, 0, 0, NULL, '0'),
	(3079, '00000656', NULL, NULL, 'NINAPAYTA MARTINEZ IRENE LUZ', '', 'Mujer', NULL, '0', '', 'PERÚ', 0, 0, 0, NULL, '0'),
	(3080, '00000658', NULL, NULL, 'OLIVA MURILLO EDUARDO SALVADOR', '', 'Hombre', NULL, '0', '', 'PERÚ', 0, 0, 0, NULL, '0'),
	(3081, '00000659', NULL, NULL, 'PAUCAR ABANTO VICTOR GONZALO', '', 'Hombre', NULL, '0', '948943887', 'PERÚ', 0, 0, 0, NULL, '0'),
	(3082, '00000661', NULL, NULL, 'RAMIREZ APOLITANO JORGE LUIS', '', 'Hombre', NULL, '0', '', 'PERÚ', 0, 0, 0, NULL, '0'),
	(3083, '00000662', NULL, NULL, 'SALDAÑA ALFARO MARCO ANTONIO', '', 'Hombre', NULL, '0', '', 'PERÚ', 0, 0, 0, NULL, '0'),
	(3084, '00000664', NULL, NULL, 'VENTURA LEON ROSA SOLEDAD', '', 'Mujer', NULL, '0', '', 'PERÚ', 0, 0, 0, NULL, '0'),
	(3085, '00000665', NULL, NULL, 'ALEMAN CELIZ EXAR ORLANDO', '', 'Hombre', NULL, '0', '', 'PERÚ', 0, 0, 0, NULL, '0'),
	(3086, '00000666', NULL, NULL, 'BAZAN FERNANDEZ GILBERTO VALDEMAR', '', 'Hombre', NULL, '0', '999381060', 'PERÚ', 0, 0, 0, NULL, '0'),
	(3087, '00000667', NULL, NULL, 'CAMPOVERDE CHUAN JOSE HUGO', '', 'Hombre', NULL, '0', '562390', 'PERÚ', 0, 0, 0, NULL, '0'),
	(3088, '00000668', NULL, NULL, 'COBBA QUIROZ JUIBER OLMEDO', '', 'Hombre', NULL, '0', '', 'PERÚ', 0, 0, 0, NULL, '0'),
	(3089, '00000669', NULL, NULL, 'GALVEZ ALVARADO LEYDI MAGALI', '', 'Mujer', NULL, '0', '504499', 'PERÚ', 0, 0, 0, NULL, '0'),
	(3090, '00000671', NULL, NULL, 'HERNANDEZ HERNANDEZ ALINDOR', '', 'Hombre', NULL, '0', '', 'PERÚ', 0, 0, 0, NULL, '0'),
	(3091, '00000672', NULL, NULL, 'LLAMOCTANTA RAMIREZ CARLOS ALBERTO', '', 'Hombre', NULL, '0', '562842', 'PERÚ', 0, 0, 0, NULL, '0'),
	(3092, '00000673', NULL, NULL, 'QUIROZ MENDOZA SANTOS FERNADO', '', 'Hombre', NULL, '0', '044504439', 'PERÚ', 0, 0, 0, NULL, '0'),
	(3093, '00000674', NULL, NULL, 'MENDOZA ESPINOZA ZULEMA', '', 'Mujer', NULL, '0', '', 'PERÚ', 0, 0, 0, NULL, '0'),
	(3094, '00000676', NULL, NULL, 'ROMERO CIENFUEGOS ALMAGRO', '', 'Hombre', NULL, '0', '971371590', 'PERÚ', 0, 0, 0, NULL, '0'),
	(3095, '00000677', NULL, NULL, 'NINAQUISPE BECERRA ALICE', '', 'Mujer', NULL, '0', '949792303', 'PERÚ', 0, 0, 0, NULL, '0'),
	(3096, '00000678', NULL, NULL, 'SANTILLAN SANTILLAN ELESA', '', 'Mujer', NULL, '0', '', 'PERÚ', 0, 0, 0, NULL, '0'),
	(3097, '00000680', NULL, NULL, 'LINGAN VASQUEZ LILI CONSUELO', '', 'Mujer', NULL, '0', '317910', 'PERÚ', 0, 0, 0, NULL, '0'),
	(3098, '00000681', NULL, NULL, 'SANCHEZ MENDOZA REYNALDO MARTIN', '', 'Hombre', NULL, '0', '', 'PERÚ', 0, 0, 0, NULL, '0'),
	(3099, '00000682', NULL, NULL, 'VENTURA PRADO WINDY KAROL', '', 'Mujer', NULL, '0', '948883532', 'PERÚ', 0, 0, 0, NULL, '0'),
	(3100, '00000683', NULL, NULL, 'SERRANO RAMIREZ ELVIS  JESUS', '', 'Hombre', NULL, '0', '', 'PERÚ', 0, 0, 0, NULL, '0'),
	(3101, '00000689', NULL, NULL, 'TASILLA HUATAY ROSAS', '', 'Hombre', NULL, '0', '947853341', 'PERÚ', 0, 0, 0, NULL, '0'),
	(3102, '00000690', NULL, NULL, 'TELLO QUILICHE SANTOS', '', 'Hombre', NULL, '0', '', 'PERÚ', 0, 0, 0, NULL, '0'),
	(3103, '00000691', NULL, NULL, 'TERRONES QUIROZ LUIS ALBERTO', '', 'Hombre', NULL, '0', '', 'PERÚ', 0, 0, 0, NULL, '0'),
	(3104, '00000692', NULL, NULL, 'ORTIZ PERALTA FLOR YANET', '', 'Mujer', NULL, '0', '', 'PERÚ', 0, 0, 0, NULL, '0'),
	(3105, '00000693', NULL, NULL, 'VARGAS VALERA FELIX HERNAN', '', 'Hombre', NULL, '0', '976520274', 'PERÚ', 0, 0, 0, NULL, '0'),
	(3106, '00000696', NULL, NULL, 'AVILA ORTIZ MARÍA', '', 'Mujer', NULL, '0', '', 'PERÚ', 0, 0, 0, NULL, '0'),
	(3107, '00000698', NULL, NULL, 'ALTAMIRANO JARA OMAR', '', 'Hombre', NULL, '0', '', 'PERÚ', 0, 0, 0, NULL, '0'),
	(3108, '00000699', NULL, NULL, 'CHAVEZ GONZALEZ CINTHIA ARACELY', '', 'Mujer', NULL, '0', '', 'PERÚ', 0, 0, 0, NULL, '0'),
	(3109, '00000700', NULL, NULL, 'VASQUEZ GUERRERO MARÍA LEONELA', '', 'Mujer', NULL, '0', '', 'PERÚ', 0, 0, 0, NULL, '0'),
	(3110, '00000702', NULL, NULL, 'BECERRA SAMAN LUCY ARACELI', '', 'Mujer', NULL, '0', '', 'PERÚ', 0, 0, 0, NULL, '0'),
	(3111, '00000703', NULL, NULL, 'PRADO GONZALES SILVIA ELIZABETH', '', 'Mujer', NULL, '0', '504411', 'PERÚ', 0, 0, 0, NULL, '0'),
	(3112, '00000705', NULL, NULL, 'ROMERO VILLALOBOS JHOVANA ESPERANZA', '', 'Mujer', NULL, '0', '947551966', 'PERÚ', 0, 0, 0, NULL, '0'),
	(3113, '00000706', NULL, NULL, 'CAMPOS MARRUFO LEONOR', '', 'Mujer', NULL, '0', '', 'PERÚ', 0, 0, 0, NULL, '0'),
	(3114, '00000707', NULL, NULL, 'CELIS CHÁVEZ MARIBEL', '', 'Mujer', NULL, '0', '', 'PERÚ', 0, 0, 0, NULL, '0'),
	(3115, '00000708', NULL, NULL, 'MENDOZA MENDOZA ALMILCAR', '', 'Hombre', NULL, '0', '', 'PERÚ', 0, 0, 0, NULL, '0'),
	(3116, '00000710', NULL, NULL, 'ORTIGAS MENDOZA EDITH MARY', '', 'Mujer', NULL, '0', '', 'PERÚ', 0, 0, 0, NULL, '0'),
	(3117, '00000711', NULL, NULL, 'NECIOSUP FARRO ISABEL', '', 'Mujer', NULL, '0', '', 'PERÚ', 0, 0, 0, NULL, '0'),
	(3118, '00000712', NULL, NULL, 'QUIROZ QUIROZ LEON', '', 'Hombre', NULL, '0', '', 'PERÚ', 0, 0, 0, NULL, '0'),
	(3119, '00000713', NULL, NULL, 'RODRIGUEZ SANDOVAL DANLY DAMCO', '', 'Hombre', NULL, '0', '921169017 / 971201316', 'PERÚ', 0, 0, 0, NULL, '0'),
	(3120, '00000714', NULL, NULL, 'RUIZ CRUZADO JOSE GRIMALDO', '', 'Hombre', NULL, '0', '', 'PERÚ', 0, 0, 0, NULL, '0'),
	(3121, '00000716', NULL, NULL, 'FLORES ZELADA DEYSI ELIZABETH', '', 'Mujer', NULL, '0', '', 'PERÚ', 0, 0, 0, NULL, '0'),
	(3122, '00000718', NULL, NULL, 'TANTALEAN TANTALEAN GENO', '', 'Hombre', NULL, '0', '', 'PERÚ', 0, 0, 0, NULL, '0'),
	(3123, '00000720', NULL, NULL, 'VARGAS CABANILLAS DONALDO', '', 'Hombre', NULL, '0', '', 'PERÚ', 0, 0, 0, NULL, '0'),
	(3124, '00000723', NULL, NULL, 'VERA MALCA YOSHUAAR JULIO', '', 'Hombre', NULL, '0', '', 'PERÚ', 0, 0, 0, NULL, '0'),
	(3125, '00000724', NULL, NULL, 'VERASTEGUI TORRES EDGAR ALBERTO', '', 'Hombre', NULL, '0', '', 'PERÚ', 0, 0, 0, NULL, '0'),
	(3126, '00000726', NULL, NULL, 'VILLOSLADA CABANILLAS SALOMON', '', 'Hombre', NULL, '0', '947019837', 'PERÚ', 0, 0, 0, NULL, '0'),
	(3127, '00000727', NULL, NULL, 'ESPINOZA MORALES JUANA ESPERANZA', '', 'Mujer', NULL, '0', '949909781', 'PERÚ', 0, 0, 0, NULL, '0'),
	(3128, '40277534', 'FLOR ESPERANZA', 'DE LA CRUZ BECERRA', NULL, NULL, 'F', '1979-09-09', 'S', NULL, 'PERÚ', 13, 115, 1154, NULL, '0');

-- Volcando estructura para tabla db_academico.personal_academico
CREATE TABLE IF NOT EXISTS `personal_academico` (
  `pa_id` int(11) NOT NULL AUTO_INCREMENT,
  `per_id` int(11) DEFAULT NULL,
  `pa_turno` varchar(255) DEFAULT NULL,
  `pa_condicion_laboral` varchar(255) DEFAULT NULL,
  `niv_id` int(11) DEFAULT NULL,
  `pa_especialidad` varchar(255) DEFAULT NULL,
  `rol_id` int(11) DEFAULT NULL,
  `pa_is_tutor` char(1) DEFAULT '0' COMMENT '1: Si es tutor; 2: No es tutor',
  `is_deleted` char(1) DEFAULT '0' COMMENT '1: Eliminado; 0:No Eliminado',
  PRIMARY KEY (`pa_id`),
  KEY `personal_academico_ibfk_1` (`per_id`),
  KEY `FK_personal_academico_nivel` (`niv_id`),
  KEY `FK_personal_academico_roles` (`rol_id`),
  CONSTRAINT `FK_personal_academico_nivel` FOREIGN KEY (`niv_id`) REFERENCES `nivel` (`niv_id`) ON DELETE CASCADE ON UPDATE CASCADE,
  CONSTRAINT `FK_personal_academico_persona` FOREIGN KEY (`per_id`) REFERENCES `persona` (`per_id`) ON DELETE CASCADE ON UPDATE CASCADE,
  CONSTRAINT `FK_personal_academico_roles` FOREIGN KEY (`rol_id`) REFERENCES `roles` (`rol_id`) ON DELETE CASCADE ON UPDATE CASCADE
) ENGINE=InnoDB AUTO_INCREMENT=49 DEFAULT CHARSET=latin1;

-- Volcando datos para la tabla db_academico.personal_academico: ~42 rows (aproximadamente)
INSERT INTO `personal_academico` (`pa_id`, `per_id`, `pa_turno`, `pa_condicion_laboral`, `niv_id`, `pa_especialidad`, `rol_id`, `pa_is_tutor`, `is_deleted`) VALUES
	(2, 3, 'Tarde', 'Encargada', 2, 'Matemática', 2, '2', '0'),
	(3, 4, 'Tarde', 'Designado', 2, 'Educación Física', 4, '2', '0'),
	(4, 5, 'Tarde', 'Nombrado', 2, 'Lengua y Literatura', 6, '2', '0'),
	(5, 6, 'Tarde', 'Encargado ', 2, 'Matemática', 5, '1', '0'),
	(6, 7, 'Tarde', 'Nombrado', 2, 'Ciencias Sociales', 7, '1', '0'),
	(7, 8, 'Tarde', 'Nombrada', 2, 'Lengua y Literatura', 7, '2', '0'),
	(8, 9, 'Tarde', 'Nombrado', 2, 'Filosofía y Ciencia Sociales', 7, '2', '0'),
	(9, 10, 'Tarde', 'Nombrada', 2, 'Matemática', 7, '2', '0'),
	(10, 11, 'Tarde', 'Nombrada', 2, 'Química Biológica, Ciencia y Tecnología ', 7, '2', '0'),
	(11, 12, 'Tarde', 'Nombrada', 2, 'Ciencias Sociales', 7, '2', '0'),
	(12, 13, 'Tarde', 'Nombrada', 2, 'Matemática', 7, '2', '0'),
	(13, 14, 'Tarde', 'Nombrada', 2, 'Matemática', 7, '1', '0'),
	(14, 15, 'Tarde', 'Nombrada', 2, 'Matemática', 7, '2', '0'),
	(15, 16, 'Tarde', 'Nombrada', 2, 'Física Matemática', 7, '2', '0'),
	(16, 17, 'Tarde', 'Nombrado', 2, 'Ciencia Química y Biología', 7, '1', '0'),
	(17, 18, 'Tarde', 'Nombrado', 2, 'CC.NN.(Biología y Química', 7, '2', '0'),
	(18, 19, 'Tarde', 'Nombrada', 2, 'Ciencias Sociales ', 7, '2', '0'),
	(19, 20, 'Tarde', 'Nombrada', 2, 'Filosofía y CC.SS', 7, '2', '0'),
	(20, 21, 'Tarde', 'Nombrada', 2, 'Filosofía y Religión', 7, '1', '0'),
	(21, 22, 'Tarde', 'Nombrado', 2, 'Educación Física', 7, '2', '0'),
	(22, 23, 'Tarde', 'Nombrada', 2, 'Lengua y Literatura', 7, '2', '0'),
	(23, 24, 'Tarde', 'Nombrada', 2, 'Historia y Geografía', 7, '1', '0'),
	(24, 25, 'Tarde', 'Nombrado', 2, 'Contabilidad', 7, '2', '0'),
	(25, 26, 'Tarde', 'Nombrado', 2, 'Educación Artística-Artes Plásticas', 7, '1', '0'),
	(26, 27, 'Tarde', 'Nombrada', 2, 'Comunicación', 7, '2', '0'),
	(27, 28, 'Tarde', 'Nombrada', 2, 'Historia y Geografía', 7, '1', '0'),
	(28, 29, 'Tarde', 'Nombrada', 2, 'Educación Física', 7, '1', '0'),
	(29, 30, 'Tarde', 'Nombrado', 2, 'Comunicación', 7, '2', '0'),
	(30, 31, 'Tarde', 'Nombrado', 2, 'Filosofía Psicología y CC:SS', 7, '1', '0'),
	(31, 32, 'Tarde', 'Nombrada', 2, 'Lengua y Literatura', 7, '2', '0'),
	(32, 33, 'Tarde', 'Nombrado', 2, 'Lenguaje y Literatura', 7, '2', '0'),
	(33, 34, 'Tarde', 'Contratada', 2, 'Técnico Comp. e informática', 7, '1', '0'),
	(34, 35, 'Tarde', 'Contratada', 2, 'Ciencias Humanas y Religiosas', 7, '2', '0'),
	(35, 36, 'Tarde', 'Contratada', 2, 'Lengua y literatura', 7, '2', '0'),
	(36, 37, 'Tarde', 'Contratada', 2, 'Matemática', 7, '2', '0'),
	(37, 38, 'Tarde', 'Contratada', 2, 'Ciencia y tecnologia', 7, '2', '0'),
	(38, 39, 'Tarde', 'Contratada', 2, 'Musica', 7, '2', '0'),
	(39, 40, 'Tarde', 'Docente', 2, 'Biologia', 7, '2', '0'),
	(40, 41, 'Tarde', 'Contratada', 2, 'Lengua y Literatuta ', 7, '2', '0'),
	(41, 42, 'Tarde', 'Nombrada', 2, 'Ninguna', 8, '2', '0'),
	(42, 43, 'Tarde', 'Nombrado', 2, 'Bachiller Educación Física', 8, '2', '0'),
	(43, 44, 'Tarde', 'Nombrado', 2, 'Técnico en Comp. E Informática', 8, '2', '0'),
	(44, 45, 'Tarde', 'Nombrada', 2, 'Secretaria Ejecutiva', 10, '2', '0'),
	(45, 46, 'Tarde', 'Nombrado', 2, 'Ninguna', 9, '2', '0'),
	(46, 47, 'Tarde', 'Nombrado', 2, 'Ninguna', 11, '2', '0'),
	(47, 48, 'Tarde', 'Nombrado', 2, 'Ingeniero Agrónomo', 11, '2', '0'),
	(48, 49, 'Tarde', 'Nombrado', 2, 'Ninguna', 12, '2', '0');

-- Volcando estructura para tabla db_academico.roles
CREATE TABLE IF NOT EXISTS `roles` (
  `rol_id` int(11) NOT NULL AUTO_INCREMENT,
  `rol_descripcion` varchar(255) DEFAULT NULL,
  `rol_estado` char(1) DEFAULT '0' COMMENT '1: Habilitado; 0:Deshabilitado',
  `is_deleted` char(1) DEFAULT '0' COMMENT '1: Eliminado; 0:No Eliminado',
  PRIMARY KEY (`rol_id`)
) ENGINE=InnoDB AUTO_INCREMENT=15 DEFAULT CHARSET=latin1;

-- Volcando datos para la tabla db_academico.roles: ~12 rows (aproximadamente)
INSERT INTO `roles` (`rol_id`, `rol_descripcion`, `rol_estado`, `is_deleted`) VALUES
	(1, 'Administrador', '1', '0'),
	(2, 'Director', '1', '0'),
	(3, 'Sub Director Primaria', '1', '0'),
	(4, 'Sub Director Secundaria', '1', '0'),
	(5, 'Coordinador TOE', '1', '0'),
	(6, 'Coordinador AIP', '1', '0'),
	(7, 'Docente', '1', '0'),
	(8, 'Auxiliar', '1', '0'),
	(9, 'Auxiliar Laboratorio', '1', '0'),
	(10, 'Secretaria', '1', '0'),
	(11, 'Personal Servicio', '1', '0'),
	(12, 'Guardian', '1', '0'),
	(13, 'asasas', '0', '1'),
	(14, 'Personal de Servicio', '1', '1');

-- Volcando estructura para tabla db_academico.seccion
CREATE TABLE IF NOT EXISTS `seccion` (
  `sec_id` int(11) NOT NULL AUTO_INCREMENT,
  `sec_descripcion` char(18) DEFAULT NULL,
  `sec_tutor` int(11) DEFAULT NULL,
  `sec_aula` int(11) DEFAULT NULL,
  `gra_id` int(11) DEFAULT NULL,
  `sec_periodo` int(11) DEFAULT NULL,
  `sec_vacantes` int(11) DEFAULT NULL,
  `sec_is_delete` char(1) DEFAULT '0' COMMENT '1: Eliminado; 0:No Eliminado',
  PRIMARY KEY (`sec_id`),
  KEY `FK_seccion_grado` (`gra_id`),
  KEY `FK_seccion_persona` (`sec_tutor`),
  KEY `FK_seccion_aula` (`sec_aula`),
  KEY `FK_seccion_periodo` (`sec_periodo`),
  CONSTRAINT `FK_seccion_aula` FOREIGN KEY (`sec_aula`) REFERENCES `aula` (`ala_id`) ON DELETE CASCADE ON UPDATE CASCADE,
  CONSTRAINT `FK_seccion_grado` FOREIGN KEY (`gra_id`) REFERENCES `grado` (`gra_id`) ON DELETE CASCADE ON UPDATE CASCADE,
  CONSTRAINT `FK_seccion_periodo` FOREIGN KEY (`sec_periodo`) REFERENCES `periodo` (`per_id`) ON DELETE CASCADE ON UPDATE CASCADE
) ENGINE=InnoDB AUTO_INCREMENT=50 DEFAULT CHARSET=latin1;

-- Volcando datos para la tabla db_academico.seccion: ~25 rows (aproximadamente)
INSERT INTO `seccion` (`sec_id`, `sec_descripcion`, `sec_tutor`, `sec_aula`, `gra_id`, `sec_periodo`, `sec_vacantes`, `sec_is_delete`) VALUES
	(25, 'A', 0, 12, 23, 2, 3, '0'),
	(26, 'B', 0, 13, 23, 2, 4, '0'),
	(27, 'C', 0, 14, 23, 2, 4, '0'),
	(28, 'D', 0, 15, 23, 2, 4, '0'),
	(29, 'E', 0, 16, 23, 2, 3, '0'),
	(30, 'A', 0, 7, 22, 2, 10, '0'),
	(31, 'B', 0, 8, 22, 2, 10, '0'),
	(32, 'C', 0, 9, 22, 2, 7, '0'),
	(33, 'D', 0, 10, 22, 2, 7, '0'),
	(34, 'E', 0, 11, 22, 2, 8, '0'),
	(35, 'F', 0, 21, 22, 2, 8, '0'),
	(36, 'A', 0, 32, 21, 2, 7, '0'),
	(37, 'B', 0, 33, 21, 2, 7, '0'),
	(38, 'C', 0, 34, 21, 2, 7, '0'),
	(39, 'D', 0, 29, 21, 2, 10, '0'),
	(40, 'E', 0, 30, 21, 2, 9, '0'),
	(41, 'A', 0, 26, 20, 2, 6, '0'),
	(42, 'B', 0, 27, 20, 2, 6, '0'),
	(43, 'C', 0, 28, 20, 2, 7, '0'),
	(44, 'D', 0, 31, 20, 2, 5, '0'),
	(45, 'A', 0, 4, 19, 2, 6, '0'),
	(46, 'B', 0, 5, 19, 2, 8, '0'),
	(47, 'C', 0, 6, 19, 2, 7, '0'),
	(48, 'D', 0, 19, 19, 2, 6, '0'),
	(49, 'E', 0, 22, 19, 2, 7, '0');

-- Volcando estructura para tabla db_academico.tipo_periodo
CREATE TABLE IF NOT EXISTS `tipo_periodo` (
  `tp_id` int(11) NOT NULL AUTO_INCREMENT,
  `tp_tipo` varchar(255) DEFAULT NULL,
  PRIMARY KEY (`tp_id`)
) ENGINE=InnoDB AUTO_INCREMENT=5 DEFAULT CHARSET=latin1;

-- Volcando datos para la tabla db_academico.tipo_periodo: ~4 rows (aproximadamente)
INSERT INTO `tipo_periodo` (`tp_id`, `tp_tipo`) VALUES
	(1, 'Registro de Notas Anuales'),
	(2, 'Registro de Notas Bimestrales'),
	(3, 'Registro de Notas Trimestrales'),
	(4, 'Registro de Notas Semestrales');

-- Volcando estructura para tabla db_academico.ubdepartamento
CREATE TABLE IF NOT EXISTS `ubdepartamento` (
  `idDepa` int(5) NOT NULL DEFAULT '0',
  `departamento` varchar(50) DEFAULT NULL,
  PRIMARY KEY (`idDepa`)
) ENGINE=MyISAM DEFAULT CHARSET=utf8;

-- Volcando datos para la tabla db_academico.ubdepartamento: 25 rows
/*!40000 ALTER TABLE `ubdepartamento` DISABLE KEYS */;
INSERT INTO `ubdepartamento` (`idDepa`, `departamento`) VALUES
	(1, 'AMAZONAS'),
	(2, 'ANCASH'),
	(3, 'APURIMAC'),
	(4, 'AREQUIPA'),
	(5, 'AYACUCHO'),
	(6, 'CAJAMARCA'),
	(7, 'CALLAO'),
	(8, 'CUSCO'),
	(9, 'HUANCAVELICA'),
	(10, 'HUANUCO'),
	(11, 'ICA'),
	(12, 'JUNIN'),
	(13, 'LA LIBERTAD'),
	(14, 'LAMBAYEQUE'),
	(15, 'LIMA'),
	(16, 'LORETO'),
	(17, 'MADRE DE DIOS'),
	(18, 'MOQUEGUA'),
	(19, 'PASCO'),
	(20, 'PIURA'),
	(21, 'PUNO'),
	(22, 'SAN MARTIN'),
	(23, 'TACNA'),
	(24, 'TUMBES'),
	(25, 'UCAYALI');
/*!40000 ALTER TABLE `ubdepartamento` ENABLE KEYS */;

-- Volcando estructura para tabla db_academico.ubdistrito
CREATE TABLE IF NOT EXISTS `ubdistrito` (
  `idDist` int(5) NOT NULL DEFAULT '0',
  `distrito` varchar(50) DEFAULT NULL,
  `idProv` int(5) DEFAULT NULL,
  PRIMARY KEY (`idDist`)
) ENGINE=MyISAM DEFAULT CHARSET=utf8;

-- Volcando datos para la tabla db_academico.ubdistrito: 1,831 rows
/*!40000 ALTER TABLE `ubdistrito` DISABLE KEYS */;
INSERT INTO `ubdistrito` (`idDist`, `distrito`, `idProv`) VALUES
	(1, 'CHACHAPOYAS', 1),
	(2, 'ASUNCION', 1),
	(3, 'BALSAS', 1),
	(4, 'CHETO', 1),
	(5, 'CHILIQUIN', 1),
	(6, 'CHUQUIBAMBA', 1),
	(7, 'GRANADA', 1),
	(8, 'HUANCAS', 1),
	(9, 'LA JALCA', 1),
	(10, 'LEIMEBAMBA', 1),
	(11, 'LEVANTO', 1),
	(12, 'MAGDALENA', 1),
	(13, 'MARISCAL CASTILLA', 1),
	(14, 'MOLINOPAMPA', 1),
	(15, 'MONTEVIDEO', 1),
	(16, 'OLLEROS', 1),
	(17, 'QUINJALCA', 1),
	(18, 'SAN FRANCISCO DE DAGUAS', 1),
	(19, 'SAN ISIDRO DE MAINO', 1),
	(20, 'SOLOCO', 1),
	(21, 'SONCHE', 1),
	(22, 'LA PECA', 2),
	(23, 'ARAMANGO', 2),
	(24, 'COPALLIN', 2),
	(25, 'EL PARCO', 2),
	(26, 'IMAZA', 2),
	(27, 'JUMBILLA', 3),
	(28, 'CHISQUILLA', 3),
	(29, 'CHURUJA', 3),
	(30, 'COROSHA', 3),
	(31, 'CUISPES', 3),
	(32, 'FLORIDA', 3),
	(33, 'JAZAN', 3),
	(34, 'RECTA', 3),
	(35, 'SAN CARLOS', 3),
	(36, 'SHIPASBAMBA', 3),
	(37, 'VALERA', 3),
	(38, 'YAMBRASBAMBA', 3),
	(39, 'NIEVA', 4),
	(40, 'EL CENEPA', 4),
	(41, 'RIO SANTIAGO', 4),
	(42, 'LAMUD', 5),
	(43, 'CAMPORREDONDO', 5),
	(44, 'COCABAMBA', 5),
	(45, 'COLCAMAR', 5),
	(46, 'CONILA', 5),
	(47, 'INGUILPATA', 5),
	(48, 'LONGUITA', 5),
	(49, 'LONYA CHICO', 5),
	(50, 'LUYA', 5),
	(51, 'LUYA VIEJO', 5),
	(52, 'MARIA', 5),
	(53, 'OCALLI', 5),
	(54, 'OCUMAL', 5),
	(55, 'PISUQUIA', 5),
	(56, 'PROVIDENCIA', 5),
	(57, 'SAN CRISTOBAL', 5),
	(58, 'SAN FRANCISCO DEL YESO', 5),
	(59, 'SAN JERONIMO', 5),
	(60, 'SAN JUAN DE LOPECANCHA', 5),
	(61, 'SANTA CATALINA', 5),
	(62, 'SANTO TOMAS', 5),
	(63, 'TINGO', 5),
	(64, 'TRITA', 5),
	(65, 'SAN NICOLAS', 6),
	(66, 'CHIRIMOTO', 6),
	(67, 'COCHAMAL', 6),
	(68, 'HUAMBO', 6),
	(69, 'LIMABAMBA', 6),
	(70, 'LONGAR', 6),
	(71, 'MARISCAL BENAVIDES', 6),
	(72, 'MILPUC', 6),
	(73, 'OMIA', 6),
	(74, 'SANTA ROSA', 6),
	(75, 'TOTORA', 6),
	(76, 'VISTA ALEGRE', 6),
	(77, 'BAGUA GRANDE', 7),
	(78, 'CAJARURO', 7),
	(79, 'CUMBA', 7),
	(80, 'EL MILAGRO', 7),
	(81, 'JAMALCA', 7),
	(82, 'LONYA GRANDE', 7),
	(83, 'YAMON', 7),
	(84, 'HUARAZ', 8),
	(85, 'COCHABAMBA', 8),
	(86, 'COLCABAMBA', 8),
	(87, 'HUANCHAY', 8),
	(88, 'INDEPENDENCIA', 8),
	(89, 'JANGAS', 8),
	(90, 'LA LIBERTAD', 8),
	(91, 'OLLEROS', 8),
	(92, 'PAMPAS', 8),
	(93, 'PARIACOTO', 8),
	(94, 'PIRA', 8),
	(95, 'TARICA', 8),
	(96, 'AIJA', 9),
	(97, 'CORIS', 9),
	(98, 'HUACLLAN', 9),
	(99, 'LA MERCED', 9),
	(100, 'SUCCHA', 9),
	(101, 'LLAMELLIN', 10),
	(102, 'ACZO', 10),
	(103, 'CHACCHO', 10),
	(104, 'CHINGAS', 10),
	(105, 'MIRGAS', 10),
	(106, 'SAN JUAN DE RONTOY', 10),
	(107, 'CHACAS', 11),
	(108, 'ACOCHACA', 11),
	(109, 'CHIQUIAN', 12),
	(110, 'ABELARDO PARDO LEZAMETA', 12),
	(111, 'ANTONIO RAYMONDI', 12),
	(112, 'AQUIA', 12),
	(113, 'CAJACAY', 12),
	(114, 'CANIS', 12),
	(115, 'COLQUIOC', 12),
	(116, 'HUALLANCA', 12),
	(117, 'HUASTA', 12),
	(118, 'HUAYLLACAYAN', 12),
	(119, 'LA PRIMAVERA', 12),
	(120, 'MANGAS', 12),
	(121, 'PACLLON', 12),
	(122, 'SAN MIGUEL DE CORPANQUI', 12),
	(123, 'TICLLOS', 12),
	(124, 'CARHUAZ', 13),
	(125, 'ACOPAMPA', 13),
	(126, 'AMASHCA', 13),
	(127, 'ANTA', 13),
	(128, 'ATAQUERO', 13),
	(129, 'MARCARA', 13),
	(130, 'PARIAHUANCA', 13),
	(131, 'SAN MIGUEL DE ACO', 13),
	(132, 'SHILLA', 13),
	(133, 'TINCO', 13),
	(134, 'YUNGAR', 13),
	(135, 'SAN LUIS', 14),
	(136, 'SAN NICOLAS', 14),
	(137, 'YAUYA', 14),
	(138, 'CASMA', 15),
	(139, 'BUENA VISTA ALTA', 15),
	(140, 'COMANDANTE NOEL', 15),
	(141, 'YAUTAN', 15),
	(142, 'CORONGO', 16),
	(143, 'ACO', 16),
	(144, 'BAMBAS', 16),
	(145, 'CUSCA', 16),
	(146, 'LA PAMPA', 16),
	(147, 'YANAC', 16),
	(148, 'YUPAN', 16),
	(149, 'HUARI', 17),
	(150, 'ANRA', 17),
	(151, 'CAJAY', 17),
	(152, 'CHAVIN DE HUANTAR', 17),
	(153, 'HUACACHI', 17),
	(154, 'HUACCHIS', 17),
	(155, 'HUACHIS', 17),
	(156, 'HUANTAR', 17),
	(157, 'MASIN', 17),
	(158, 'PAUCAS', 17),
	(159, 'PONTO', 17),
	(160, 'RAHUAPAMPA', 17),
	(161, 'RAPAYAN', 17),
	(162, 'SAN MARCOS', 17),
	(163, 'SAN PEDRO DE CHANA', 17),
	(164, 'UCO', 17),
	(165, 'HUARMEY', 18),
	(166, 'COCHAPETI', 18),
	(167, 'CULEBRAS', 18),
	(168, 'HUAYAN', 18),
	(169, 'MALVAS', 18),
	(170, 'CARAZ', 26),
	(171, 'HUALLANCA', 26),
	(172, 'HUATA', 26),
	(173, 'HUAYLAS', 26),
	(174, 'MATO', 26),
	(175, 'PAMPAROMAS', 26),
	(176, 'PUEBLO LIBRE', 26),
	(177, 'SANTA CRUZ', 26),
	(178, 'SANTO TORIBIO', 26),
	(179, 'YURACMARCA', 26),
	(180, 'PISCOBAMBA', 27),
	(181, 'CASCA', 27),
	(182, 'ELEAZAR GUZMAN BARRON', 27),
	(183, 'FIDEL OLIVAS ESCUDERO', 27),
	(184, 'LLAMA', 27),
	(185, 'LLUMPA', 27),
	(186, 'LUCMA', 27),
	(187, 'MUSGA', 27),
	(188, 'OCROS', 21),
	(189, 'ACAS', 21),
	(190, 'CAJAMARQUILLA', 21),
	(191, 'CARHUAPAMPA', 21),
	(192, 'COCHAS', 21),
	(193, 'CONGAS', 21),
	(194, 'LLIPA', 21),
	(195, 'SAN CRISTOBAL DE RAJAN', 21),
	(196, 'SAN PEDRO', 21),
	(197, 'SANTIAGO DE CHILCAS', 21),
	(198, 'CABANA', 22),
	(199, 'BOLOGNESI', 22),
	(200, 'CONCHUCOS', 22),
	(201, 'HUACASCHUQUE', 22),
	(202, 'HUANDOVAL', 22),
	(203, 'LACABAMBA', 22),
	(204, 'LLAPO', 22),
	(205, 'PALLASCA', 22),
	(206, 'PAMPAS', 22),
	(207, 'SANTA ROSA', 22),
	(208, 'TAUCA', 22),
	(209, 'POMABAMBA', 23),
	(210, 'HUAYLLAN', 23),
	(211, 'PAROBAMBA', 23),
	(212, 'QUINUABAMBA', 23),
	(213, 'RECUAY', 24),
	(214, 'CATAC', 24),
	(215, 'COTAPARACO', 24),
	(216, 'HUAYLLAPAMPA', 24),
	(217, 'LLACLLIN', 24),
	(218, 'MARCA', 24),
	(219, 'PAMPAS CHICO', 24),
	(220, 'PARARIN', 24),
	(221, 'TAPACOCHA', 24),
	(222, 'TICAPAMPA', 24),
	(223, 'CHIMBOTE', 25),
	(224, 'CACERES DEL PERU', 25),
	(225, 'COISHCO', 25),
	(226, 'MACATE', 25),
	(227, 'MORO', 25),
	(228, 'NEPE&Ntilde;A', 25),
	(229, 'SAMANCO', 25),
	(230, 'SANTA', 25),
	(231, 'NUEVO CHIMBOTE', 25),
	(232, 'SIHUAS', 26),
	(233, 'ACOBAMBA', 26),
	(234, 'ALFONSO UGARTE', 26),
	(235, 'CASHAPAMPA', 26),
	(236, 'CHINGALPO', 26),
	(237, 'HUAYLLABAMBA', 26),
	(238, 'QUICHES', 26),
	(239, 'RAGASH', 26),
	(240, 'SAN JUAN', 26),
	(241, 'SICSIBAMBA', 26),
	(242, 'YUNGAY', 27),
	(243, 'CASCAPARA', 27),
	(244, 'MANCOS', 27),
	(245, 'MATACOTO', 27),
	(246, 'QUILLO', 27),
	(247, 'RANRAHIRCA', 27),
	(248, 'SHUPLUY', 27),
	(249, 'YANAMA', 27),
	(250, 'ABANCAY', 28),
	(251, 'CHACOCHE', 28),
	(252, 'CIRCA', 28),
	(253, 'CURAHUASI', 28),
	(254, 'HUANIPACA', 28),
	(255, 'LAMBRAMA', 28),
	(256, 'PICHIRHUA', 28),
	(257, 'SAN PEDRO DE CACHORA', 28),
	(258, 'TAMBURCO', 28),
	(259, 'ANDAHUAYLAS', 29),
	(260, 'ANDARAPA', 29),
	(261, 'CHIARA', 29),
	(262, 'HUANCARAMA', 29),
	(263, 'HUANCARAY', 29),
	(264, 'HUAYANA', 29),
	(265, 'KISHUARA', 29),
	(266, 'PACOBAMBA', 29),
	(267, 'PACUCHA', 29),
	(268, 'PAMPACHIRI', 29),
	(269, 'POMACOCHA', 29),
	(270, 'SAN ANTONIO DE CACHI', 29),
	(271, 'SAN JERONIMO', 29),
	(272, 'SAN MIGUEL DE CHACCRAMPA', 29),
	(273, 'SANTA MARIA DE CHICMO', 29),
	(274, 'TALAVERA', 29),
	(275, 'TUMAY HUARACA', 29),
	(276, 'TURPO', 29),
	(277, 'KAQUIABAMBA', 29),
	(278, 'ANTABAMBA', 30),
	(279, 'EL ORO', 30),
	(280, 'HUAQUIRCA', 30),
	(281, 'JUAN ESPINOZA MEDRANO', 30),
	(282, 'OROPESA', 30),
	(283, 'PACHACONAS', 30),
	(284, 'SABAINO', 30),
	(285, 'CHALHUANCA', 31),
	(286, 'CAPAYA', 31),
	(287, 'CARAYBAMBA', 31),
	(288, 'CHAPIMARCA', 31),
	(289, 'COLCABAMBA', 31),
	(290, 'COTARUSE', 31),
	(291, 'HUAYLLO', 31),
	(292, 'JUSTO APU SAHUARAURA', 31),
	(293, 'LUCRE', 31),
	(294, 'POCOHUANCA', 31),
	(295, 'SAN JUAN DE CHAC&Ntilde;A', 31),
	(296, 'SA&Ntilde;AYCA', 31),
	(297, 'SORAYA', 31),
	(298, 'TAPAIRIHUA', 31),
	(299, 'TINTAY', 31),
	(300, 'TORAYA', 31),
	(301, 'YANACA', 31),
	(302, 'TAMBOBAMBA', 32),
	(303, 'COTABAMBAS', 32),
	(304, 'COYLLURQUI', 32),
	(305, 'HAQUIRA', 32),
	(306, 'MARA', 32),
	(307, 'CHALLHUAHUACHO', 32),
	(308, 'CHINCHEROS', 33),
	(309, 'ANCO-HUALLO', 33),
	(310, 'COCHARCAS', 33),
	(311, 'HUACCANA', 33),
	(312, 'OCOBAMBA', 33),
	(313, 'ONGOY', 33),
	(314, 'URANMARCA', 33),
	(315, 'RANRACANCHA', 33),
	(316, 'CHUQUIBAMBILLA', 34),
	(317, 'CURPAHUASI', 34),
	(318, 'GAMARRA', 34),
	(319, 'HUAYLLATI', 34),
	(320, 'MAMARA', 34),
	(321, 'MICAELA BASTIDAS', 34),
	(322, 'PATAYPAMPA', 34),
	(323, 'PROGRESO', 34),
	(324, 'SAN ANTONIO', 34),
	(325, 'SANTA ROSA', 34),
	(326, 'TURPAY', 34),
	(327, 'VILCABAMBA', 34),
	(328, 'VIRUNDO', 34),
	(329, 'CURASCO', 34),
	(330, 'AREQUIPA', 35),
	(331, 'ALTO SELVA ALEGRE', 35),
	(332, 'CAYMA', 35),
	(333, 'CERRO COLORADO', 35),
	(334, 'CHARACATO', 35),
	(335, 'CHIGUATA', 35),
	(336, 'JACOBO HUNTER', 35),
	(337, 'LA JOYA', 35),
	(338, 'MARIANO MELGAR', 35),
	(339, 'MIRAFLORES', 35),
	(340, 'MOLLEBAYA', 35),
	(341, 'PAUCARPATA', 35),
	(342, 'POCSI', 35),
	(343, 'POLOBAYA', 35),
	(344, 'QUEQUE&Ntilde;A', 35),
	(345, 'SABANDIA', 35),
	(346, 'SACHACA', 35),
	(347, 'SAN JUAN DE SIGUAS', 35),
	(348, 'SAN JUAN DE TARUCANI', 35),
	(349, 'SANTA ISABEL DE SIGUAS', 35),
	(350, 'SANTA RITA DE SIGUAS', 35),
	(351, 'SOCABAYA', 35),
	(352, 'TIABAYA', 35),
	(353, 'UCHUMAYO', 35),
	(354, 'VITOR', 35),
	(355, 'YANAHUARA', 35),
	(356, 'YARABAMBA', 35),
	(357, 'YURA', 35),
	(358, 'JOSE LUIS BUSTAMANTE Y RIVERO', 35),
	(359, 'CAMANA', 36),
	(360, 'JOSE MARIA QUIMPER', 36),
	(361, 'MARIANO NICOLAS VALCARCEL', 36),
	(362, 'MARISCAL CACERES', 36),
	(363, 'NICOLAS DE PIEROLA', 36),
	(364, 'OCO&Ntilde;A', 36),
	(365, 'QUILCA', 36),
	(366, 'SAMUEL PASTOR', 36),
	(367, 'CARAVELI', 37),
	(368, 'ACARI', 37),
	(369, 'ATICO', 37),
	(370, 'ATIQUIPA', 37),
	(371, 'BELLA UNION', 37),
	(372, 'CAHUACHO', 37),
	(373, 'CHALA', 37),
	(374, 'CHAPARRA', 37),
	(375, 'HUANUHUANU', 37),
	(376, 'JAQUI', 37),
	(377, 'LOMAS', 37),
	(378, 'QUICACHA', 37),
	(379, 'YAUCA', 37),
	(380, 'APLAO', 38),
	(381, 'ANDAGUA', 38),
	(382, 'AYO', 38),
	(383, 'CHACHAS', 38),
	(384, 'CHILCAYMARCA', 38),
	(385, 'CHOCO', 38),
	(386, 'HUANCARQUI', 38),
	(387, 'MACHAGUAY', 38),
	(388, 'ORCOPAMPA', 38),
	(389, 'PAMPACOLCA', 38),
	(390, 'TIPAN', 38),
	(391, 'U&Ntilde;ON', 38),
	(392, 'URACA', 38),
	(393, 'VIRACO', 38),
	(394, 'CHIVAY', 39),
	(395, 'ACHOMA', 39),
	(396, 'CABANACONDE', 39),
	(397, 'CALLALLI', 39),
	(398, 'CAYLLOMA', 39),
	(399, 'COPORAQUE', 39),
	(400, 'HUAMBO', 39),
	(401, 'HUANCA', 39),
	(402, 'ICHUPAMPA', 39),
	(403, 'LARI', 39),
	(404, 'LLUTA', 39),
	(405, 'MACA', 39),
	(406, 'MADRIGAL', 39),
	(407, 'SAN ANTONIO DE CHUCA', 39),
	(408, 'SIBAYO', 39),
	(409, 'TAPAY', 39),
	(410, 'TISCO', 39),
	(411, 'TUTI', 39),
	(412, 'YANQUE', 39),
	(413, 'MAJES', 39),
	(414, 'CHUQUIBAMBA', 40),
	(415, 'ANDARAY', 40),
	(416, 'CAYARANI', 40),
	(417, 'CHICHAS', 40),
	(418, 'IRAY', 40),
	(419, 'RIO GRANDE', 40),
	(420, 'SALAMANCA', 40),
	(421, 'YANAQUIHUA', 40),
	(422, 'MOLLENDO', 41),
	(423, 'COCACHACRA', 41),
	(424, 'DEAN VALDIVIA', 41),
	(425, 'ISLAY', 41),
	(426, 'MEJIA', 41),
	(427, 'PUNTA DE BOMBON', 41),
	(428, 'COTAHUASI', 42),
	(429, 'ALCA', 42),
	(430, 'CHARCANA', 42),
	(431, 'HUAYNACOTAS', 42),
	(432, 'PAMPAMARCA', 42),
	(433, 'PUYCA', 42),
	(434, 'QUECHUALLA', 42),
	(435, 'SAYLA', 42),
	(436, 'TAURIA', 42),
	(437, 'TOMEPAMPA', 42),
	(438, 'TORO', 42),
	(439, 'AYACUCHO', 43),
	(440, 'ACOCRO', 43),
	(441, 'ACOS VINCHOS', 43),
	(442, 'CARMEN ALTO', 43),
	(443, 'CHIARA', 43),
	(444, 'OCROS', 43),
	(445, 'PACAYCASA', 43),
	(446, 'QUINUA', 43),
	(447, 'SAN JOSE DE TICLLAS', 43),
	(448, 'SAN JUAN BAUTISTA', 43),
	(449, 'SANTIAGO DE PISCHA', 43),
	(450, 'SOCOS', 43),
	(451, 'TAMBILLO', 43),
	(452, 'VINCHOS', 43),
	(453, 'JESUS NAZARENO', 43),
	(454, 'CANGALLO', 44),
	(455, 'CHUSCHI', 44),
	(456, 'LOS MOROCHUCOS', 44),
	(457, 'MARIA PARADO DE BELLIDO', 44),
	(458, 'PARAS', 44),
	(459, 'TOTOS', 44),
	(460, 'SANCOS', 45),
	(461, 'CARAPO', 45),
	(462, 'SACSAMARCA', 45),
	(463, 'SANTIAGO DE LUCANAMARCA', 45),
	(464, 'HUANTA', 46),
	(465, 'AYAHUANCO', 46),
	(466, 'HUAMANGUILLA', 46),
	(467, 'IGUAIN', 46),
	(468, 'LURICOCHA', 46),
	(469, 'SANTILLANA', 46),
	(470, 'SIVIA', 46),
	(471, 'LLOCHEGUA', 46),
	(472, 'SAN MIGUEL', 47),
	(473, 'ANCO', 47),
	(474, 'AYNA', 47),
	(475, 'CHILCAS', 47),
	(476, 'CHUNGUI', 47),
	(477, 'LUIS CARRANZA', 47),
	(478, 'SANTA ROSA', 47),
	(479, 'TAMBO', 47),
	(480, 'PUQUIO', 48),
	(481, 'AUCARA', 48),
	(482, 'CABANA', 48),
	(483, 'CARMEN SALCEDO', 48),
	(484, 'CHAVI&Ntilde;A', 48),
	(485, 'CHIPAO', 48),
	(486, 'HUAC-HUAS', 48),
	(487, 'LARAMATE', 48),
	(488, 'LEONCIO PRADO', 48),
	(489, 'LLAUTA', 48),
	(490, 'LUCANAS', 48),
	(491, 'OCA&Ntilde;A', 48),
	(492, 'OTOCA', 48),
	(493, 'SAISA', 48),
	(494, 'SAN CRISTOBAL', 48),
	(495, 'SAN JUAN', 48),
	(496, 'SAN PEDRO', 48),
	(497, 'SAN PEDRO DE PALCO', 48),
	(498, 'SANCOS', 48),
	(499, 'SANTA ANA DE HUAYCAHUACHO', 48),
	(500, 'SANTA LUCIA', 48),
	(501, 'CORACORA', 49),
	(502, 'CHUMPI', 49),
	(503, 'CORONEL CASTA&Ntilde;EDA', 49),
	(504, 'PACAPAUSA', 49),
	(505, 'PULLO', 49),
	(506, 'PUYUSCA', 49),
	(507, 'SAN FRANCISCO DE RAVACAYCO', 49),
	(508, 'UPAHUACHO', 49),
	(509, 'PAUSA', 50),
	(510, 'COLTA', 50),
	(511, 'CORCULLA', 50),
	(512, 'LAMPA', 50),
	(513, 'MARCABAMBA', 50),
	(514, 'OYOLO', 50),
	(515, 'PARARCA', 50),
	(516, 'SAN JAVIER DE ALPABAMBA', 50),
	(517, 'SAN JOSE DE USHUA', 50),
	(518, 'SARA SARA', 50),
	(519, 'QUEROBAMBA', 51),
	(520, 'BELEN', 51),
	(521, 'CHALCOS', 51),
	(522, 'CHILCAYOC', 51),
	(523, 'HUACA&Ntilde;A', 51),
	(524, 'MORCOLLA', 51),
	(525, 'PAICO', 51),
	(526, 'SAN PEDRO DE LARCAY', 51),
	(527, 'SAN SALVADOR DE QUIJE', 51),
	(528, 'SANTIAGO DE PAUCARAY', 51),
	(529, 'SORAS', 51),
	(530, 'HUANCAPI', 52),
	(531, 'ALCAMENCA', 52),
	(532, 'APONGO', 52),
	(533, 'ASQUIPATA', 52),
	(534, 'CANARIA', 52),
	(535, 'CAYARA', 52),
	(536, 'COLCA', 52),
	(537, 'HUAMANQUIQUIA', 52),
	(538, 'HUANCARAYLLA', 52),
	(539, 'HUAYA', 52),
	(540, 'SARHUA', 52),
	(541, 'VILCANCHOS', 52),
	(542, 'VILCAS HUAMAN', 53),
	(543, 'ACCOMARCA', 53),
	(544, 'CARHUANCA', 53),
	(545, 'CONCEPCION', 53),
	(546, 'HUAMBALPA', 53),
	(547, 'INDEPENDENCIA', 53),
	(548, 'SAURAMA', 53),
	(549, 'VISCHONGO', 53),
	(550, 'CAJAMARCA', 54),
	(551, 'CAJAMARCA', 54),
	(552, 'ASUNCION', 54),
	(553, 'CHETILLA', 54),
	(554, 'COSPAN', 54),
	(555, 'ENCA&Ntilde;ADA', 54),
	(556, 'JESUS', 54),
	(557, 'LLACANORA', 54),
	(558, 'LOS BA&Ntilde;OS DEL INCA', 54),
	(559, 'MAGDALENA', 54),
	(560, 'MATARA', 54),
	(561, 'NAMORA', 54),
	(562, 'SAN JUAN', 54),
	(563, 'CAJABAMBA', 55),
	(564, 'CACHACHI', 55),
	(565, 'CONDEBAMBA', 55),
	(566, 'SITACOCHA', 55),
	(567, 'CELENDIN', 56),
	(568, 'CHUMUCH', 56),
	(569, 'CORTEGANA', 56),
	(570, 'HUASMIN', 56),
	(571, 'JORGE CHAVEZ', 56),
	(572, 'JOSE GALVEZ', 56),
	(573, 'MIGUEL IGLESIAS', 56),
	(574, 'OXAMARCA', 56),
	(575, 'SOROCHUCO', 56),
	(576, 'SUCRE', 56),
	(577, 'UTCO', 56),
	(578, 'LA LIBERTAD DE PALLAN', 56),
	(579, 'CHOTA', 57),
	(580, 'ANGUIA', 57),
	(581, 'CHADIN', 57),
	(582, 'CHIGUIRIP', 57),
	(583, 'CHIMBAN', 57),
	(584, 'CHOROPAMPA', 57),
	(585, 'COCHABAMBA', 57),
	(586, 'CONCHAN', 57),
	(587, 'HUAMBOS', 57),
	(588, 'LAJAS', 57),
	(589, 'LLAMA', 57),
	(590, 'MIRACOSTA', 57),
	(591, 'PACCHA', 57),
	(592, 'PION', 57),
	(593, 'QUEROCOTO', 57),
	(594, 'SAN JUAN DE LICUPIS', 57),
	(595, 'TACABAMBA', 57),
	(596, 'TOCMOCHE', 57),
	(597, 'CHALAMARCA', 57),
	(598, 'CONTUMAZA', 58),
	(599, 'CHILETE', 58),
	(600, 'CUPISNIQUE', 58),
	(601, 'GUZMANGO', 58),
	(602, 'SAN BENITO', 58),
	(603, 'SANTA CRUZ DE TOLED', 58),
	(604, 'TANTARICA', 58),
	(605, 'YONAN', 58),
	(606, 'CUTERVO', 59),
	(607, 'CALLAYUC', 59),
	(608, 'CHOROS', 59),
	(609, 'CUJILLO', 59),
	(610, 'LA RAMADA', 59),
	(611, 'PIMPINGOS', 59),
	(612, 'QUEROCOTILLO', 59),
	(613, 'SAN ANDRES DE CUTERVO', 59),
	(614, 'SAN JUAN DE CUTERVO', 59),
	(615, 'SAN LUIS DE LUCMA', 59),
	(616, 'SANTA CRUZ', 59),
	(617, 'SANTO DOMINGO DE LA CAPILLA', 59),
	(618, 'SANTO TOMAS', 59),
	(619, 'SOCOTA', 59),
	(620, 'TORIBIO CASANOVA', 59),
	(621, 'BAMBAMARCA', 60),
	(622, 'CHUGUR', 60),
	(623, 'HUALGAYOC', 60),
	(624, 'JAEN', 61),
	(625, 'BELLAVISTA', 61),
	(626, 'CHONTALI', 61),
	(627, 'COLASAY', 61),
	(628, 'HUABAL', 61),
	(629, 'LAS PIRIAS', 61),
	(630, 'POMAHUACA', 61),
	(631, 'PUCARA', 61),
	(632, 'SALLIQUE', 61),
	(633, 'SAN FELIPE', 61),
	(634, 'SAN JOSE DEL ALTO', 61),
	(635, 'SANTA ROSA', 61),
	(636, 'SAN IGNACIO', 62),
	(637, 'CHIRINOS', 62),
	(638, 'HUARANGO', 62),
	(639, 'LA COIPA', 62),
	(640, 'NAMBALLE', 62),
	(641, 'SAN JOSE DE LOURDES', 62),
	(642, 'TABACONAS', 62),
	(643, 'PEDRO GALVEZ', 63),
	(644, 'CHANCAY', 63),
	(645, 'EDUARDO VILLANUEVA', 63),
	(646, 'GREGORIO PITA', 63),
	(647, 'ICHOCAN', 63),
	(648, 'JOSE MANUEL QUIROZ', 63),
	(649, 'JOSE SABOGAL', 63),
	(650, 'SAN MIGUEL', 64),
	(651, 'SAN MIGUEL', 64),
	(652, 'BOLIVAR', 64),
	(653, 'CALQUIS', 64),
	(654, 'CATILLUC', 64),
	(655, 'EL PRADO', 64),
	(656, 'LA FLORIDA', 64),
	(657, 'LLAPA', 64),
	(658, 'NANCHOC', 64),
	(659, 'NIEPOS', 64),
	(660, 'SAN GREGORIO', 64),
	(661, 'SAN SILVESTRE DE COCHAN', 64),
	(662, 'TONGOD', 64),
	(663, 'UNION AGUA BLANCA', 64),
	(664, 'SAN PABLO', 65),
	(665, 'SAN BERNARDINO', 65),
	(666, 'SAN LUIS', 65),
	(667, 'TUMBADEN', 65),
	(668, 'SANTA CRUZ', 66),
	(669, 'ANDABAMBA', 66),
	(670, 'CATACHE', 66),
	(671, 'CHANCAYBA&Ntilde;OS', 66),
	(672, 'LA ESPERANZA', 66),
	(673, 'NINABAMBA', 66),
	(674, 'PULAN', 66),
	(675, 'SAUCEPAMPA', 66),
	(676, 'SEXI', 66),
	(677, 'UTICYACU', 66),
	(678, 'YAUYUCAN', 66),
	(679, 'CALLAO', 67),
	(680, 'BELLAVISTA', 67),
	(681, 'CARMEN DE LA LEGUA REYNOSO', 67),
	(682, 'LA PERLA', 67),
	(683, 'LA PUNTA', 67),
	(684, 'VENTANILLA', 67),
	(685, 'CUSCO', 67),
	(686, 'CCORCA', 67),
	(687, 'POROY', 67),
	(688, 'SAN JERONIMO', 67),
	(689, 'SAN SEBASTIAN', 67),
	(690, 'SANTIAGO', 67),
	(691, 'SAYLLA', 67),
	(692, 'WANCHAQ', 67),
	(693, 'ACOMAYO', 68),
	(694, 'ACOPIA', 68),
	(695, 'ACOS', 68),
	(696, 'MOSOC LLACTA', 68),
	(697, 'POMACANCHI', 68),
	(698, 'RONDOCAN', 68),
	(699, 'SANGARARA', 68),
	(700, 'ANTA', 69),
	(701, 'ANCAHUASI', 69),
	(702, 'CACHIMAYO', 69),
	(703, 'CHINCHAYPUJIO', 69),
	(704, 'HUAROCONDO', 69),
	(705, 'LIMATAMBO', 69),
	(706, 'MOLLEPATA', 69),
	(707, 'PUCYURA', 69),
	(708, 'ZURITE', 69),
	(709, 'CALCA', 70),
	(710, 'COYA', 70),
	(711, 'LAMAY', 70),
	(712, 'LARES', 70),
	(713, 'PISAC', 70),
	(714, 'SAN SALVADOR', 70),
	(715, 'TARAY', 70),
	(716, 'YANATILE', 70),
	(717, 'YANAOCA', 71),
	(718, 'CHECCA', 71),
	(719, 'KUNTURKANKI', 71),
	(720, 'LANGUI', 71),
	(721, 'LAYO', 71),
	(722, 'PAMPAMARCA', 71),
	(723, 'QUEHUE', 71),
	(724, 'TUPAC AMARU', 71),
	(725, 'SICUANI', 72),
	(726, 'CHECACUPE', 72),
	(727, 'COMBAPATA', 72),
	(728, 'MARANGANI', 72),
	(729, 'PITUMARCA', 72),
	(730, 'SAN PABLO', 72),
	(731, 'SAN PEDRO', 72),
	(732, 'TINTA', 72),
	(733, 'SANTO TOMAS', 73),
	(734, 'CAPACMARCA', 73),
	(735, 'CHAMACA', 73),
	(736, 'COLQUEMARCA', 73),
	(737, 'LIVITACA', 73),
	(738, 'LLUSCO', 73),
	(739, 'QUI&Ntilde;OTA', 73),
	(740, 'VELILLE', 73),
	(741, 'ESPINAR', 74),
	(742, 'CONDOROMA', 74),
	(743, 'COPORAQUE', 74),
	(744, 'OCORURO', 74),
	(745, 'PALLPATA', 74),
	(746, 'PICHIGUA', 74),
	(747, 'SUYCKUTAMBO', 74),
	(748, 'ALTO PICHIGUA', 74),
	(749, 'SANTA ANA', 75),
	(750, 'ECHARATE', 75),
	(751, 'HUAYOPATA', 75),
	(752, 'MARANURA', 75),
	(753, 'OCOBAMBA', 75),
	(754, 'QUELLOUNO', 75),
	(755, 'KIMBIRI', 75),
	(756, 'SANTA TERESA', 75),
	(757, 'VILCABAMBA', 75),
	(758, 'PICHARI', 75),
	(759, 'PARURO', 76),
	(760, 'ACCHA', 76),
	(761, 'CCAPI', 76),
	(762, 'COLCHA', 76),
	(763, 'HUANOQUITE', 76),
	(764, 'OMACHA', 76),
	(765, 'PACCARITAMBO', 76),
	(766, 'PILLPINTO', 76),
	(767, 'YAURISQUE', 76),
	(768, 'PAUCARTAMBO', 77),
	(769, 'CAICAY', 77),
	(770, 'CHALLABAMBA', 77),
	(771, 'COLQUEPATA', 77),
	(772, 'HUANCARANI', 77),
	(773, 'KOS&Ntilde;IPATA', 77),
	(774, 'URCOS', 78),
	(775, 'ANDAHUAYLILLAS', 78),
	(776, 'CAMANTI', 78),
	(777, 'CCARHUAYO', 78),
	(778, 'CCATCA', 78),
	(779, 'CUSIPATA', 78),
	(780, 'HUARO', 78),
	(781, 'LUCRE', 78),
	(782, 'MARCAPATA', 78),
	(783, 'OCONGATE', 78),
	(784, 'OROPESA', 78),
	(785, 'QUIQUIJANA', 78),
	(786, 'URUBAMBA', 79),
	(787, 'CHINCHERO', 79),
	(788, 'HUAYLLABAMBA', 79),
	(789, 'MACHUPICCHU', 79),
	(790, 'MARAS', 79),
	(791, 'OLLANTAYTAMBO', 79),
	(792, 'YUCAY', 79),
	(793, 'HUANCAVELICA', 80),
	(794, 'ACOBAMBILLA', 80),
	(795, 'ACORIA', 80),
	(796, 'CONAYCA', 80),
	(797, 'CUENCA', 80),
	(798, 'HUACHOCOLPA', 80),
	(799, 'HUAYLLAHUARA', 80),
	(800, 'IZCUCHACA', 80),
	(801, 'LARIA', 80),
	(802, 'MANTA', 80),
	(803, 'MARISCAL CACERES', 80),
	(804, 'MOYA', 80),
	(805, 'NUEVO OCCORO', 80),
	(806, 'PALCA', 80),
	(807, 'PILCHACA', 80),
	(808, 'VILCA', 80),
	(809, 'YAULI', 80),
	(810, 'ASCENSION', 80),
	(811, 'HUANDO', 80),
	(812, 'ACOBAMBA', 81),
	(813, 'ANDABAMBA', 81),
	(814, 'ANTA', 81),
	(815, 'CAJA', 81),
	(816, 'MARCAS', 81),
	(817, 'PAUCARA', 81),
	(818, 'POMACOCHA', 81),
	(819, 'ROSARIO', 81),
	(820, 'LIRCAY', 82),
	(821, 'ANCHONGA', 82),
	(822, 'CALLANMARCA', 82),
	(823, 'CCOCHACCASA', 82),
	(824, 'CHINCHO', 82),
	(825, 'CONGALLA', 82),
	(826, 'HUANCA-HUANCA', 82),
	(827, 'HUAYLLAY GRANDE', 82),
	(828, 'JULCAMARCA', 82),
	(829, 'SAN ANTONIO DE ANTAPARCO', 82),
	(830, 'SANTO TOMAS DE PATA', 82),
	(831, 'SECCLLA', 82),
	(832, 'CASTROVIRREYNA', 83),
	(833, 'ARMA', 83),
	(834, 'AURAHUA', 83),
	(835, 'CAPILLAS', 83),
	(836, 'CHUPAMARCA', 83),
	(837, 'COCAS', 83),
	(838, 'HUACHOS', 83),
	(839, 'HUAMATAMBO', 83),
	(840, 'MOLLEPAMPA', 83),
	(841, 'SAN JUAN', 83),
	(842, 'SANTA ANA', 83),
	(843, 'TANTARA', 83),
	(844, 'TICRAPO', 83),
	(845, 'CHURCAMPA', 84),
	(846, 'ANCO', 84),
	(847, 'CHINCHIHUASI', 84),
	(848, 'EL CARMEN', 84),
	(849, 'LA MERCED', 84),
	(850, 'LOCROJA', 84),
	(851, 'PAUCARBAMBA', 84),
	(852, 'SAN MIGUEL DE MAYOCC', 84),
	(853, 'SAN PEDRO DE CORIS', 84),
	(854, 'PACHAMARCA', 84),
	(855, 'HUAYTARA', 85),
	(856, 'AYAVI', 85),
	(857, 'CORDOVA', 85),
	(858, 'HUAYACUNDO ARMA', 85),
	(859, 'LARAMARCA', 85),
	(860, 'OCOYO', 85),
	(861, 'PILPICHACA', 85),
	(862, 'QUERCO', 85),
	(863, 'QUITO-ARMA', 85),
	(864, 'SAN ANTONIO DE CUSICANCHA', 85),
	(865, 'SAN FRANCISCO DE SANGAYAICO', 85),
	(866, 'SAN ISIDRO', 85),
	(867, 'SANTIAGO DE CHOCORVOS', 85),
	(868, 'SANTIAGO DE QUIRAHUARA', 85),
	(869, 'SANTO DOMINGO DE CAPILLAS', 85),
	(870, 'TAMBO', 85),
	(871, 'PAMPAS', 86),
	(872, 'ACOSTAMBO', 86),
	(873, 'ACRAQUIA', 86),
	(874, 'AHUAYCHA', 86),
	(875, 'COLCABAMBA', 86),
	(876, 'DANIEL HERNANDEZ', 86),
	(877, 'HUACHOCOLPA', 86),
	(878, 'HUARIBAMBA', 86),
	(879, '&Ntilde;AHUIMPUQUIO', 86),
	(880, 'PAZOS', 86),
	(881, 'QUISHUAR', 86),
	(882, 'SALCABAMBA', 86),
	(883, 'SALCAHUASI', 86),
	(884, 'SAN MARCOS DE ROCCHAC', 86),
	(885, 'SURCUBAMBA', 86),
	(886, 'TINTAY PUNCU', 86),
	(887, 'HUANUCO', 87),
	(888, 'AMARILIS', 87),
	(889, 'CHINCHAO', 87),
	(890, 'CHURUBAMBA', 87),
	(891, 'MARGOS', 87),
	(892, 'QUISQUI', 87),
	(893, 'SAN FRANCISCO DE CAYRAN', 87),
	(894, 'SAN PEDRO DE CHAULAN', 87),
	(895, 'SANTA MARIA DEL VALLE', 87),
	(896, 'YARUMAYO', 87),
	(897, 'PILLCO MARCA', 87),
	(898, 'AMBO', 88),
	(899, 'CAYNA', 88),
	(900, 'COLPAS', 88),
	(901, 'CONCHAMARCA', 88),
	(902, 'HUACAR', 88),
	(903, 'SAN FRANCISCO', 88),
	(904, 'SAN RAFAEL', 88),
	(905, 'TOMAY KICHWA', 88),
	(906, 'LA UNION', 89),
	(907, 'CHUQUIS', 89),
	(908, 'MARIAS', 89),
	(909, 'PACHAS', 89),
	(910, 'QUIVILLA', 89),
	(911, 'RIPAN', 89),
	(912, 'SHUNQUI', 89),
	(913, 'SILLAPATA', 89),
	(914, 'YANAS', 89),
	(915, 'HUACAYBAMBA', 90),
	(916, 'CANCHABAMBA', 90),
	(917, 'COCHABAMBA', 90),
	(918, 'PINRA', 90),
	(919, 'LLATA', 91),
	(920, 'ARANCAY', 91),
	(921, 'CHAVIN DE PARIARCA', 91),
	(922, 'JACAS GRANDE', 91),
	(923, 'JIRCAN', 91),
	(924, 'MIRAFLORES', 91),
	(925, 'MONZON', 91),
	(926, 'PUNCHAO', 91),
	(927, 'PU&Ntilde;OS', 91),
	(928, 'SINGA', 91),
	(929, 'TANTAMAYO', 91),
	(930, 'RUPA-RUPA', 92),
	(931, 'DANIEL ALOMIA ROBLES', 92),
	(932, 'HERMILIO VALDIZAN', 92),
	(933, 'JOSE CRESPO Y CASTILLO', 92),
	(934, 'LUYANDO', 92),
	(935, 'MARIANO DAMASO BERAUN', 92),
	(936, 'HUACRACHUCO', 93),
	(937, 'CHOLON', 93),
	(938, 'SAN BUENAVENTURA', 93),
	(939, 'PANAO', 94),
	(940, 'CHAGLLA', 94),
	(941, 'MOLINO', 94),
	(942, 'UMARI', 94),
	(943, 'PUERTO INCA', 95),
	(944, 'CODO DEL POZUZO', 95),
	(945, 'HONORIA', 95),
	(946, 'TOURNAVISTA', 95),
	(947, 'YUYAPICHIS', 95),
	(948, 'JESUS', 96),
	(949, 'BA&Ntilde;OS', 96),
	(950, 'JIVIA', 96),
	(951, 'QUEROPALCA', 96),
	(952, 'RONDOS', 96),
	(953, 'SAN FRANCISCO DE ASIS', 96),
	(954, 'SAN MIGUEL DE CAURI', 96),
	(955, 'CHAVINILLO', 97),
	(956, 'CAHUAC', 97),
	(957, 'CHACABAMBA', 97),
	(958, 'APARICIO POMARES', 97),
	(959, 'JACAS CHICO', 97),
	(960, 'OBAS', 97),
	(961, 'PAMPAMARCA', 97),
	(962, 'CHORAS', 97),
	(963, 'ICA', 98),
	(964, 'LA TINGUI&Ntilde;A', 98),
	(965, 'LOS AQUIJES', 98),
	(966, 'OCUCAJE', 98),
	(967, 'PACHACUTEC', 98),
	(968, 'PARCONA', 98),
	(969, 'PUEBLO NUEVO', 98),
	(970, 'SALAS', 98),
	(971, 'SAN JOSE DE LOS MOLINOS', 98),
	(972, 'SAN JUAN BAUTISTA', 98),
	(973, 'SANTIAGO', 98),
	(974, 'SUBTANJALLA', 98),
	(975, 'TATE', 98),
	(976, 'YAUCA DEL ROSARIO', 98),
	(977, 'CHINCHA ALTA', 99),
	(978, 'ALTO LARAN', 99),
	(979, 'CHAVIN', 99),
	(980, 'CHINCHA BAJA', 99),
	(981, 'EL CARMEN', 99),
	(982, 'GROCIO PRADO', 99),
	(983, 'PUEBLO NUEVO', 99),
	(984, 'SAN JUAN DE YANAC', 99),
	(985, 'SAN PEDRO DE HUACARPANA', 99),
	(986, 'SUNAMPE', 99),
	(987, 'TAMBO DE MORA', 99),
	(988, 'NAZCA', 100),
	(989, 'CHANGUILLO', 100),
	(990, 'EL INGENIO', 100),
	(991, 'MARCONA', 100),
	(992, 'VISTA ALEGRE', 100),
	(993, 'PALPA', 101),
	(994, 'LLIPATA', 101),
	(995, 'RIO GRANDE', 101),
	(996, 'SANTA CRUZ', 101),
	(997, 'TIBILLO', 101),
	(998, 'PISCO', 102),
	(999, 'HUANCANO', 102),
	(1000, 'HUMAY', 102),
	(1001, 'INDEPENDENCIA', 102),
	(1002, 'PARACAS', 102),
	(1003, 'SAN ANDRES', 102),
	(1004, 'SAN CLEMENTE', 102),
	(1005, 'TUPAC AMARU INCA', 102),
	(1006, 'HUANCAYO', 103),
	(1007, 'CARHUACALLANGA', 103),
	(1008, 'CHACAPAMPA', 103),
	(1009, 'CHICCHE', 103),
	(1010, 'CHILCA', 103),
	(1011, 'CHONGOS ALTO', 103),
	(1012, 'CHUPURO', 103),
	(1013, 'COLCA', 103),
	(1014, 'CULLHUAS', 103),
	(1015, 'EL TAMBO', 103),
	(1016, 'HUACRAPUQUIO', 103),
	(1017, 'HUALHUAS', 103),
	(1018, 'HUANCAN', 103),
	(1019, 'HUASICANCHA', 103),
	(1020, 'HUAYUCACHI', 103),
	(1021, 'INGENIO', 103),
	(1022, 'PARIAHUANCA', 103),
	(1023, 'PILCOMAYO', 103),
	(1024, 'PUCARA', 103),
	(1025, 'QUICHUAY', 103),
	(1026, 'QUILCAS', 103),
	(1027, 'SAN AGUSTIN', 103),
	(1028, 'SAN JERONIMO DE TUNAN', 103),
	(1029, 'SA&Ntilde;O', 103),
	(1030, 'SAPALLANGA', 103),
	(1031, 'SICAYA', 103),
	(1032, 'SANTO DOMINGO DE ACOBAMBA', 103),
	(1033, 'VIQUES', 103),
	(1034, 'CONCEPCION', 104),
	(1035, 'ACO', 104),
	(1036, 'ANDAMARCA', 104),
	(1037, 'CHAMBARA', 104),
	(1038, 'COCHAS', 104),
	(1039, 'COMAS', 104),
	(1040, 'HEROINAS TOLEDO', 104),
	(1041, 'MANZANARES', 104),
	(1042, 'MARISCAL CASTILLA', 104),
	(1043, 'MATAHUASI', 104),
	(1044, 'MITO', 104),
	(1045, 'NUEVE DE JULIO', 104),
	(1046, 'ORCOTUNA', 104),
	(1047, 'SAN JOSE DE QUERO', 104),
	(1048, 'SANTA ROSA DE OCOPA', 104),
	(1049, 'CHANCHAMAYO', 105),
	(1050, 'PERENE', 105),
	(1051, 'PICHANAQUI', 105),
	(1052, 'SAN LUIS DE SHUARO', 105),
	(1053, 'SAN RAMON', 105),
	(1054, 'VITOC', 105),
	(1055, 'JAUJA', 106),
	(1056, 'ACOLLA', 106),
	(1057, 'APATA', 106),
	(1058, 'ATAURA', 106),
	(1059, 'CANCHAYLLO', 106),
	(1060, 'CURICACA', 106),
	(1061, 'EL MANTARO', 106),
	(1062, 'HUAMALI', 106),
	(1063, 'HUARIPAMPA', 106),
	(1064, 'HUERTAS', 106),
	(1065, 'JANJAILLO', 106),
	(1066, 'JULCAN', 106),
	(1067, 'LEONOR ORDO&Ntilde;EZ', 106),
	(1068, 'LLOCLLAPAMPA', 106),
	(1069, 'MARCO', 106),
	(1070, 'MASMA', 106),
	(1071, 'MASMA CHICCHE', 106),
	(1072, 'MOLINOS', 106),
	(1073, 'MONOBAMBA', 106),
	(1074, 'MUQUI', 106),
	(1075, 'MUQUIYAUYO', 106),
	(1076, 'PACA', 106),
	(1077, 'PACCHA', 106),
	(1078, 'PANCAN', 106),
	(1079, 'PARCO', 106),
	(1080, 'POMACANCHA', 106),
	(1081, 'RICRAN', 106),
	(1082, 'SAN LORENZO', 106),
	(1083, 'SAN PEDRO DE CHUNAN', 106),
	(1084, 'SAUSA', 106),
	(1085, 'SINCOS', 106),
	(1086, 'TUNAN MARCA', 106),
	(1087, 'YAULI', 106),
	(1088, 'YAUYOS', 106),
	(1089, 'JUNIN', 107),
	(1090, 'CARHUAMAYO', 107),
	(1091, 'ONDORES', 107),
	(1092, 'ULCUMAYO', 107),
	(1093, 'SATIPO', 108),
	(1094, 'COVIRIALI', 108),
	(1095, 'LLAYLLA', 108),
	(1096, 'MAZAMARI', 108),
	(1097, 'PAMPA HERMOSA', 108),
	(1098, 'PANGOA', 108),
	(1099, 'RIO NEGRO', 108),
	(1100, 'RIO TAMBO', 108),
	(1101, 'TARMA', 109),
	(1102, 'ACOBAMBA', 109),
	(1103, 'HUARICOLCA', 109),
	(1104, 'HUASAHUASI', 109),
	(1105, 'LA UNION', 109),
	(1106, 'PALCA', 109),
	(1107, 'PALCAMAYO', 109),
	(1108, 'SAN PEDRO DE CAJAS', 109),
	(1109, 'TAPO', 109),
	(1110, 'LA OROYA', 110),
	(1111, 'CHACAPALPA', 110),
	(1112, 'HUAY-HUAY', 110),
	(1113, 'MARCAPOMACOCHA', 110),
	(1114, 'MOROCOCHA', 110),
	(1115, 'PACCHA', 110),
	(1116, 'SANTA BARBARA DE CARHUACAYAN', 110),
	(1117, 'SANTA ROSA DE SACCO', 110),
	(1118, 'SUITUCANCHA', 110),
	(1119, 'YAULI', 110),
	(1120, 'CHUPACA', 111),
	(1121, 'AHUAC', 111),
	(1122, 'CHONGOS BAJO', 111),
	(1123, 'HUACHAC', 111),
	(1124, 'HUAMANCACA CHICO', 111),
	(1125, 'SAN JUAN DE ISCOS', 111),
	(1126, 'SAN JUAN DE JARPA', 111),
	(1127, 'TRES DE DICIEMBRE', 111),
	(1128, 'YANACANCHA', 111),
	(1129, 'TRUJILLO', 112),
	(1130, 'EL PORVENIR', 112),
	(1131, 'FLORENCIA DE MORA', 112),
	(1132, 'HUANCHACO', 112),
	(1133, 'LA ESPERANZA', 112),
	(1134, 'LAREDO', 112),
	(1135, 'MOCHE', 112),
	(1136, 'POROTO', 112),
	(1137, 'SALAVERRY', 112),
	(1138, 'SIMBAL', 112),
	(1139, 'VICTOR LARCO HERRERA', 112),
	(1140, 'ASCOPE', 113),
	(1141, 'CHICAMA', 113),
	(1142, 'CHOCOPE', 113),
	(1143, 'MAGDALENA DE CAO', 113),
	(1144, 'PAIJAN', 113),
	(1145, 'RAZURI', 113),
	(1146, 'SANTIAGO DE CAO', 113),
	(1147, 'CASA GRANDE', 113),
	(1148, 'BOLIVAR', 114),
	(1149, 'BAMBAMARCA', 114),
	(1150, 'CONDORMARCA', 114),
	(1151, 'LONGOTEA', 114),
	(1152, 'UCHUMARCA', 114),
	(1153, 'UCUNCHA', 114),
	(1154, 'CHEPEN', 115),
	(1155, 'PACANGA', 115),
	(1156, 'PUEBLO NUEVO', 115),
	(1157, 'JULCAN', 116),
	(1158, 'CALAMARCA', 116),
	(1159, 'CARABAMBA', 116),
	(1160, 'HUASO', 116),
	(1161, 'OTUZCO', 117),
	(1162, 'AGALLPAMPA', 117),
	(1163, 'CHARAT', 117),
	(1164, 'HUARANCHAL', 117),
	(1165, 'LA CUESTA', 117),
	(1166, 'MACHE', 117),
	(1167, 'PARANDAY', 117),
	(1168, 'SALPO', 117),
	(1169, 'SINSICAP', 117),
	(1170, 'USQUIL', 117),
	(1171, 'SAN PEDRO DE LLOC', 118),
	(1172, 'GUADALUPE', 118),
	(1173, 'JEQUETEPEQUE', 118),
	(1174, 'PACASMAYO', 118),
	(1175, 'SAN JOSE', 118),
	(1176, 'TAYABAMBA', 119),
	(1177, 'BULDIBUYO', 119),
	(1178, 'CHILLIA', 119),
	(1179, 'HUANCASPATA', 119),
	(1180, 'HUAYLILLAS', 119),
	(1181, 'HUAYO', 119),
	(1182, 'ONGON', 119),
	(1183, 'PARCOY', 119),
	(1184, 'PATAZ', 119),
	(1185, 'PIAS', 119),
	(1186, 'SANTIAGO DE CHALLAS', 119),
	(1187, 'TAURIJA', 119),
	(1188, 'URPAY', 119),
	(1189, 'HUAMACHUCO', 120),
	(1190, 'CHUGAY', 120),
	(1191, 'COCHORCO', 120),
	(1192, 'CURGOS', 120),
	(1193, 'MARCABAL', 120),
	(1194, 'SANAGORAN', 120),
	(1195, 'SARIN', 120),
	(1196, 'SARTIMBAMBA', 120),
	(1197, 'SANTIAGO DE CHUCO', 121),
	(1198, 'ANGASMARCA', 121),
	(1199, 'CACHICADAN', 121),
	(1200, 'MOLLEBAMBA', 121),
	(1201, 'MOLLEPATA', 121),
	(1202, 'QUIRUVILCA', 121),
	(1203, 'SANTA CRUZ DE CHUCA', 121),
	(1204, 'SITABAMBA', 121),
	(1205, 'GRAN CHIMU', 122),
	(1206, 'CASCAS', 122),
	(1207, 'LUCMA', 122),
	(1208, 'MARMOT', 122),
	(1209, 'SAYAPULLO', 122),
	(1210, 'VIRU', 123),
	(1211, 'CHAO', 123),
	(1212, 'GUADALUPITO', 123),
	(1213, 'CHICLAYO', 124),
	(1214, 'CHONGOYAPE', 124),
	(1215, 'ETEN', 124),
	(1216, 'ETEN PUERTO', 124),
	(1217, 'JOSE LEONARDO ORTIZ', 124),
	(1218, 'LA VICTORIA', 124),
	(1219, 'LAGUNAS', 124),
	(1220, 'MONSEFU', 124),
	(1221, 'NUEVA ARICA', 124),
	(1222, 'OYOTUN', 124),
	(1223, 'PICSI', 124),
	(1224, 'PIMENTEL', 124),
	(1225, 'REQUE', 124),
	(1226, 'SANTA ROSA', 124),
	(1227, 'SA&Ntilde;A', 124),
	(1228, 'CAYALTI', 124),
	(1229, 'PATAPO', 124),
	(1230, 'POMALCA', 124),
	(1231, 'PUCALA', 124),
	(1232, 'TUMAN', 124),
	(1233, 'FERRE&Ntilde;AFE', 125),
	(1234, 'CA&Ntilde;ARIS', 125),
	(1235, 'INCAHUASI', 125),
	(1236, 'MANUEL ANTONIO MESONES MURO', 125),
	(1237, 'PITIPO', 125),
	(1238, 'PUEBLO NUEVO', 125),
	(1239, 'LAMBAYEQUE', 126),
	(1240, 'CHOCHOPE', 126),
	(1241, 'ILLIMO', 126),
	(1242, 'JAYANCA', 126),
	(1243, 'MOCHUMI', 126),
	(1244, 'MORROPE', 126),
	(1245, 'MOTUPE', 126),
	(1246, 'OLMOS', 126),
	(1247, 'PACORA', 126),
	(1248, 'SALAS', 126),
	(1249, 'SAN JOSE', 126),
	(1250, 'TUCUME', 126),
	(1251, 'LIMA', 127),
	(1252, 'ANCON', 127),
	(1253, 'ATE', 127),
	(1254, 'BARRANCO', 127),
	(1255, 'BRE&Ntilde;A', 127),
	(1256, 'CARABAYLLO', 127),
	(1257, 'CHACLACAYO', 127),
	(1258, 'CHORRILLOS', 127),
	(1259, 'CIENEGUILLA', 127),
	(1260, 'COMAS', 127),
	(1261, 'EL AGUSTINO', 127),
	(1262, 'INDEPENDENCIA', 127),
	(1263, 'JESUS MARIA', 127),
	(1264, 'LA MOLINA', 127),
	(1265, 'LA VICTORIA', 127),
	(1266, 'LINCE', 127),
	(1267, 'LOS OLIVOS', 127),
	(1268, 'LURIGANCHO', 127),
	(1269, 'LURIN', 127),
	(1270, 'MAGDALENA DEL MAR', 127),
	(1271, 'MAGDALENA VIEJA', 127),
	(1272, 'MIRAFLORES', 127),
	(1273, 'PACHACAMAC', 127),
	(1274, 'PUCUSANA', 127),
	(1275, 'PUENTE PIEDRA', 127),
	(1276, 'PUNTA HERMOSA', 127),
	(1277, 'PUNTA NEGRA', 127),
	(1278, 'RIMAC', 127),
	(1279, 'SAN BARTOLO', 127),
	(1280, 'SAN BORJA', 127),
	(1281, 'SAN ISIDRO', 127),
	(1282, 'SAN JUAN DE LURIGANCHO', 127),
	(1283, 'SAN JUAN DE MIRAFLORES', 127),
	(1284, 'SAN LUIS', 127),
	(1285, 'SAN MARTIN DE PORRES', 127),
	(1286, 'SAN MIGUEL', 127),
	(1287, 'SANTA ANITA', 127),
	(1288, 'SANTA MARIA DEL MAR', 127),
	(1289, 'SANTA ROSA', 127),
	(1290, 'SANTIAGO DE SURCO', 127),
	(1291, 'SURQUILLO', 127),
	(1292, 'VILLA EL SALVADOR', 127),
	(1293, 'VILLA MARIA DEL TRIUNFO', 127),
	(1294, 'BARRANCA', 128),
	(1295, 'PARAMONGA', 128),
	(1296, 'PATIVILCA', 128),
	(1297, 'SUPE', 128),
	(1298, 'SUPE PUERTO', 128),
	(1299, 'CAJATAMBO', 129),
	(1300, 'COPA', 129),
	(1301, 'GORGOR', 129),
	(1302, 'HUANCAPON', 129),
	(1303, 'MANAS', 129),
	(1304, 'CANTA', 130),
	(1305, 'ARAHUAY', 130),
	(1306, 'HUAMANTANGA', 130),
	(1307, 'HUAROS', 130),
	(1308, 'LACHAQUI', 130),
	(1309, 'SAN BUENAVENTURA', 130),
	(1310, 'SANTA ROSA DE QUIVES', 130),
	(1311, 'SAN VICENTE DE CA&Ntilde;ETE', 131),
	(1312, 'ASIA', 131),
	(1313, 'CALANGO', 131),
	(1314, 'CERRO AZUL', 131),
	(1315, 'CHILCA', 131),
	(1316, 'COAYLLO', 131),
	(1317, 'IMPERIAL', 131),
	(1318, 'LUNAHUANA', 131),
	(1319, 'MALA', 131),
	(1320, 'NUEVO IMPERIAL', 131),
	(1321, 'PACARAN', 131),
	(1322, 'QUILMANA', 131),
	(1323, 'SAN ANTONIO', 131),
	(1324, 'SAN LUIS', 131),
	(1325, 'SANTA CRUZ DE FLORES', 131),
	(1326, 'ZU&Ntilde;IGA', 131),
	(1327, 'HUARAL', 132),
	(1328, 'ATAVILLOS ALTO', 132),
	(1329, 'ATAVILLOS BAJO', 132),
	(1330, 'AUCALLAMA', 132),
	(1331, 'CHANCAY', 132),
	(1332, 'IHUARI', 132),
	(1333, 'LAMPIAN', 132),
	(1334, 'PACARAOS', 132),
	(1335, 'SAN MIGUEL DE ACOS', 132),
	(1336, 'SANTA CRUZ DE ANDAMARCA', 132),
	(1337, 'SUMBILCA', 132),
	(1338, 'VEINTISIETE DE NOVIEMBRE', 132),
	(1339, 'MATUCANA', 133),
	(1340, 'ANTIOQUIA', 133),
	(1341, 'CALLAHUANCA', 133),
	(1342, 'CARAMPOMA', 133),
	(1343, 'CHICLA', 133),
	(1344, 'CUENCA', 133),
	(1345, 'HUACHUPAMPA', 133),
	(1346, 'HUANZA', 133),
	(1347, 'HUAROCHIRI', 133),
	(1348, 'LAHUAYTAMBO', 133),
	(1349, 'LANGA', 133),
	(1350, 'LARAOS', 133),
	(1351, 'MARIATANA', 133),
	(1352, 'RICARDO PALMA', 133),
	(1353, 'SAN ANDRES DE TUPICOCHA', 133),
	(1354, 'SAN ANTONIO', 133),
	(1355, 'SAN BARTOLOME', 133),
	(1356, 'SAN DAMIAN', 133),
	(1357, 'SAN JUAN DE IRIS', 133),
	(1358, 'SAN JUAN DE TANTARANCHE', 133),
	(1359, 'SAN LORENZO DE QUINTI', 133),
	(1360, 'SAN MATEO', 133),
	(1361, 'SAN MATEO DE OTAO', 133),
	(1362, 'SAN PEDRO DE CASTA', 133),
	(1363, 'SAN PEDRO DE HUANCAYRE', 133),
	(1364, 'SANGALLAYA', 133),
	(1365, 'SANTA CRUZ DE COCACHACRA', 133),
	(1366, 'SANTA EULALIA', 133),
	(1367, 'SANTIAGO DE ANCHUCAYA', 133),
	(1368, 'SANTIAGO DE TUNA', 133),
	(1369, 'SANTO DOMINGO DE LOS OLLEROS', 133),
	(1370, 'SURCO', 133),
	(1371, 'HUACHO', 134),
	(1372, 'AMBAR', 134),
	(1373, 'CALETA DE CARQUIN', 134),
	(1374, 'CHECRAS', 134),
	(1375, 'HUALMAY', 134),
	(1376, 'HUAURA', 134),
	(1377, 'LEONCIO PRADO', 134),
	(1378, 'PACCHO', 134),
	(1379, 'SANTA LEONOR', 134),
	(1380, 'SANTA MARIA', 134),
	(1381, 'SAYAN', 134),
	(1382, 'VEGUETA', 134),
	(1383, 'OYON', 135),
	(1384, 'ANDAJES', 135),
	(1385, 'CAUJUL', 135),
	(1386, 'COCHAMARCA', 135),
	(1387, 'NAVAN', 135),
	(1388, 'PACHANGARA', 135),
	(1389, 'YAUYOS', 136),
	(1390, 'ALIS', 136),
	(1391, 'AYAUCA', 136),
	(1392, 'AYAVIRI', 136),
	(1393, 'AZANGARO', 136),
	(1394, 'CACRA', 136),
	(1395, 'CARANIA', 136),
	(1396, 'CATAHUASI', 136),
	(1397, 'CHOCOS', 136),
	(1398, 'COCHAS', 136),
	(1399, 'COLONIA', 136),
	(1400, 'HONGOS', 136),
	(1401, 'HUAMPARA', 136),
	(1402, 'HUANCAYA', 136),
	(1403, 'HUANGASCAR', 136),
	(1404, 'HUANTAN', 136),
	(1405, 'HUA&Ntilde;EC', 136),
	(1406, 'LARAOS', 136),
	(1407, 'LINCHA', 136),
	(1408, 'MADEAN', 136),
	(1409, 'MIRAFLORES', 136),
	(1410, 'OMAS', 136),
	(1411, 'PUTINZA', 136),
	(1412, 'QUINCHES', 136),
	(1413, 'QUINOCAY', 136),
	(1414, 'SAN JOAQUIN', 136),
	(1415, 'SAN PEDRO DE PILAS', 136),
	(1416, 'TANTA', 136),
	(1417, 'TAURIPAMPA', 136),
	(1418, 'TOMAS', 136),
	(1419, 'TUPE', 136),
	(1420, 'VI&Ntilde;AC', 136),
	(1421, 'VITIS', 136),
	(1422, 'IQUITOS', 137),
	(1423, 'ALTO NANAY', 137),
	(1424, 'FERNANDO LORES', 137),
	(1425, 'INDIANA', 137),
	(1426, 'LAS AMAZONAS', 137),
	(1427, 'MAZAN', 137),
	(1428, 'NAPO', 137),
	(1429, 'PUNCHANA', 137),
	(1430, 'PUTUMAYO', 137),
	(1431, 'TORRES CAUSANA', 137),
	(1432, 'BELEN', 137),
	(1433, 'SAN JUAN BAUTISTA', 137),
	(1434, 'YURIMAGUAS', 138),
	(1435, 'BALSAPUERTO', 138),
	(1436, 'BARRANCA', 138),
	(1437, 'CAHUAPANAS', 138),
	(1438, 'JEBEROS', 138),
	(1439, 'LAGUNAS', 138),
	(1440, 'MANSERICHE', 138),
	(1441, 'MORONA', 138),
	(1442, 'PASTAZA', 138),
	(1443, 'SANTA CRUZ', 138),
	(1444, 'TENIENTE CESAR LOPEZ ROJAS', 138),
	(1445, 'NAUTA', 139),
	(1446, 'PARINARI', 139),
	(1447, 'TIGRE', 139),
	(1448, 'TROMPETEROS', 139),
	(1449, 'URARINAS', 139),
	(1450, 'RAMON CASTILLA', 140),
	(1451, 'PEBAS', 140),
	(1452, 'YAVARI', 140),
	(1453, 'SAN PABLO', 140),
	(1454, 'REQUENA', 141),
	(1455, 'ALTO TAPICHE', 141),
	(1456, 'CAPELO', 141),
	(1457, 'EMILIO SAN MARTIN', 141),
	(1458, 'MAQUIA', 141),
	(1459, 'PUINAHUA', 141),
	(1460, 'SAQUENA', 141),
	(1461, 'SOPLIN', 141),
	(1462, 'TAPICHE', 141),
	(1463, 'JENARO HERRERA', 141),
	(1464, 'YAQUERANA', 141),
	(1465, 'CONTAMANA', 142),
	(1466, 'INAHUAYA', 142),
	(1467, 'PADRE MARQUEZ', 142),
	(1468, 'PAMPA HERMOSA', 142),
	(1469, 'SARAYACU', 142),
	(1470, 'VARGAS GUERRA', 142),
	(1471, 'TAMBOPATA', 143),
	(1472, 'INAMBARI', 143),
	(1473, 'LAS PIEDRAS', 143),
	(1474, 'LABERINTO', 143),
	(1475, 'MANU', 144),
	(1476, 'FITZCARRALD', 144),
	(1477, 'MADRE DE DIOS', 144),
	(1478, 'HUEPETUHE', 144),
	(1479, 'I&Ntilde;APARI', 145),
	(1480, 'IBERIA', 145),
	(1481, 'TAHUAMANU', 145),
	(1482, 'MOQUEGUA', 146),
	(1483, 'CARUMAS', 146),
	(1484, 'CUCHUMBAYA', 146),
	(1485, 'SAMEGUA', 146),
	(1486, 'SAN CRISTOBAL', 146),
	(1487, 'TORATA', 146),
	(1488, 'OMATE', 147),
	(1489, 'CHOJATA', 147),
	(1490, 'COALAQUE', 147),
	(1491, 'ICHU&Ntilde;A', 147),
	(1492, 'LA CAPILLA', 147),
	(1493, 'LLOQUE', 147),
	(1494, 'MATALAQUE', 147),
	(1495, 'PUQUINA', 147),
	(1496, 'QUINISTAQUILLAS', 147),
	(1497, 'UBINAS', 147),
	(1498, 'YUNGA', 147),
	(1499, 'ILO', 148),
	(1500, 'EL ALGARROBAL', 148),
	(1501, 'PACOCHA', 148),
	(1502, 'CHAUPIMARCA', 149),
	(1503, 'HUACHON', 149),
	(1504, 'HUARIACA', 149),
	(1505, 'HUAYLLAY', 149),
	(1506, 'NINACACA', 149),
	(1507, 'PALLANCHACRA', 149),
	(1508, 'PAUCARTAMBO', 149),
	(1509, 'SAN FCO.DE ASIS DE YARUSYACAN', 149),
	(1510, 'SIMON BOLIVAR', 149),
	(1511, 'TICLACAYAN', 149),
	(1512, 'TINYAHUARCO', 149),
	(1513, 'VICCO', 149),
	(1514, 'YANACANCHA', 149),
	(1515, 'YANAHUANCA', 150),
	(1516, 'CHACAYAN', 150),
	(1517, 'GOYLLARISQUIZGA', 150),
	(1518, 'PAUCAR', 150),
	(1519, 'SAN PEDRO DE PILLAO', 150),
	(1520, 'SANTA ANA DE TUSI', 150),
	(1521, 'TAPUC', 150),
	(1522, 'VILCABAMBA', 150),
	(1523, 'OXAPAMPA', 151),
	(1524, 'CHONTABAMBA', 151),
	(1525, 'HUANCABAMBA', 151),
	(1526, 'PALCAZU', 151),
	(1527, 'POZUZO', 151),
	(1528, 'PUERTO BERMUDEZ', 151),
	(1529, 'VILLA RICA', 151),
	(1530, 'PIURA', 152),
	(1531, 'CASTILLA', 152),
	(1532, 'CATACAOS', 152),
	(1533, 'CURA MORI', 152),
	(1534, 'EL TALLAN', 152),
	(1535, 'LA ARENA', 152),
	(1536, 'LA UNION', 152),
	(1537, 'LAS LOMAS', 152),
	(1538, 'TAMBO GRANDE', 152),
	(1539, 'AYABACA', 153),
	(1540, 'FRIAS', 153),
	(1541, 'JILILI', 153),
	(1542, 'LAGUNAS', 153),
	(1543, 'MONTERO', 153),
	(1544, 'PACAIPAMPA', 153),
	(1545, 'PAIMAS', 153),
	(1546, 'SAPILLICA', 153),
	(1547, 'SICCHEZ', 153),
	(1548, 'SUYO', 153),
	(1549, 'HUANCABAMBA', 154),
	(1550, 'CANCHAQUE', 154),
	(1551, 'EL CARMEN DE LA FRONTERA', 154),
	(1552, 'HUARMACA', 154),
	(1553, 'LALAQUIZ', 154),
	(1554, 'SAN MIGUEL DE EL FAIQUE', 154),
	(1555, 'SONDOR', 154),
	(1556, 'SONDORILLO', 154),
	(1557, 'CHULUCANAS', 155),
	(1558, 'BUENOS AIRES', 155),
	(1559, 'CHALACO', 155),
	(1560, 'LA MATANZA', 155),
	(1561, 'MORROPON', 155),
	(1562, 'SALITRAL', 155),
	(1563, 'SAN JUAN DE BIGOTE', 155),
	(1564, 'SANTA CATALINA DE MOSSA', 155),
	(1565, 'SANTO DOMINGO', 155),
	(1566, 'YAMANGO', 155),
	(1567, 'PAITA', 156),
	(1568, 'AMOTAPE', 156),
	(1569, 'ARENAL', 156),
	(1570, 'COLAN', 156),
	(1571, 'LA HUACA', 156),
	(1572, 'TAMARINDO', 156),
	(1573, 'VICHAYAL', 156),
	(1574, 'SULLANA', 157),
	(1575, 'BELLAVISTA', 157),
	(1576, 'IGNACIO ESCUDERO', 157),
	(1577, 'LANCONES', 157),
	(1578, 'MARCAVELICA', 157),
	(1579, 'MIGUEL CHECA', 157),
	(1580, 'QUERECOTILLO', 157),
	(1581, 'SALITRAL', 157),
	(1582, 'PARI&Ntilde;AS', 158),
	(1583, 'EL ALTO', 158),
	(1584, 'LA BREA', 158),
	(1585, 'LOBITOS', 158),
	(1586, 'LOS ORGANOS', 158),
	(1587, 'MANCORA', 158),
	(1588, 'SECHURA', 159),
	(1589, 'BELLAVISTA DE LA UNION', 159),
	(1590, 'BERNAL', 159),
	(1591, 'CRISTO NOS VALGA', 159),
	(1592, 'VICE', 159),
	(1593, 'RINCONADA LLICUAR', 159),
	(1594, 'PUNO', 160),
	(1595, 'ACORA', 160),
	(1596, 'AMANTANI', 160),
	(1597, 'ATUNCOLLA', 160),
	(1598, 'CAPACHICA', 160),
	(1599, 'CHUCUITO', 160),
	(1600, 'COATA', 160),
	(1601, 'HUATA', 160),
	(1602, 'MA&Ntilde;AZO', 160),
	(1603, 'PAUCARCOLLA', 160),
	(1604, 'PICHACANI', 160),
	(1605, 'PLATERIA', 160),
	(1606, 'SAN ANTONIO', 160),
	(1607, 'TIQUILLACA', 160),
	(1608, 'VILQUE', 160),
	(1609, 'AZANGARO', 161),
	(1610, 'ACHAYA', 161),
	(1611, 'ARAPA', 161),
	(1612, 'ASILLO', 161),
	(1613, 'CAMINACA', 161),
	(1614, 'CHUPA', 161),
	(1615, 'JOSE DOMINGO CHOQUEHUANCA', 161),
	(1616, 'MU&Ntilde;ANI', 161),
	(1617, 'POTONI', 161),
	(1618, 'SAMAN', 161),
	(1619, 'SAN ANTON', 161),
	(1620, 'SAN JOSE', 161),
	(1621, 'SAN JUAN DE SALINAS', 161),
	(1622, 'SANTIAGO DE PUPUJA', 161),
	(1623, 'TIRAPATA', 161),
	(1624, 'MACUSANI', 162),
	(1625, 'AJOYANI', 162),
	(1626, 'AYAPATA', 162),
	(1627, 'COASA', 162),
	(1628, 'CORANI', 162),
	(1629, 'CRUCERO', 162),
	(1630, 'ITUATA', 162),
	(1631, 'OLLACHEA', 162),
	(1632, 'SAN GABAN', 162),
	(1633, 'USICAYOS', 162),
	(1634, 'JULI', 163),
	(1635, 'DESAGUADERO', 163),
	(1636, 'HUACULLANI', 163),
	(1637, 'KELLUYO', 163),
	(1638, 'PISACOMA', 163),
	(1639, 'POMATA', 163),
	(1640, 'ZEPITA', 163),
	(1641, 'ILAVE', 164),
	(1642, 'CAPAZO', 164),
	(1643, 'PILCUYO', 164),
	(1644, 'SANTA ROSA', 164),
	(1645, 'CONDURIRI', 164),
	(1646, 'HUANCANE', 165),
	(1647, 'COJATA', 165),
	(1648, 'HUATASANI', 165),
	(1649, 'INCHUPALLA', 165),
	(1650, 'PUSI', 165),
	(1651, 'ROSASPATA', 165),
	(1652, 'TARACO', 165),
	(1653, 'VILQUE CHICO', 165),
	(1654, 'LAMPA', 166),
	(1655, 'CABANILLA', 166),
	(1656, 'CALAPUJA', 166),
	(1657, 'NICASIO', 166),
	(1658, 'OCUVIRI', 166),
	(1659, 'PALCA', 166),
	(1660, 'PARATIA', 166),
	(1661, 'PUCARA', 166),
	(1662, 'SANTA LUCIA', 166),
	(1663, 'VILAVILA', 166),
	(1664, 'AYAVIRI', 167),
	(1665, 'ANTAUTA', 167),
	(1666, 'CUPI', 167),
	(1667, 'LLALLI', 167),
	(1668, 'MACARI', 167),
	(1669, 'NU&Ntilde;OA', 167),
	(1670, 'ORURILLO', 167),
	(1671, 'SANTA ROSA', 167),
	(1672, 'UMACHIRI', 167),
	(1673, 'MOHO', 168),
	(1674, 'CONIMA', 168),
	(1675, 'HUAYRAPATA', 168),
	(1676, 'TILALI', 168),
	(1677, 'PUTINA', 169),
	(1678, 'ANANEA', 169),
	(1679, 'PEDRO VILCA APAZA', 169),
	(1680, 'QUILCAPUNCU', 169),
	(1681, 'SINA', 169),
	(1682, 'JULIACA', 170),
	(1683, 'CABANA', 170),
	(1684, 'CABANILLAS', 170),
	(1685, 'CARACOTO', 170),
	(1686, 'SANDIA', 171),
	(1687, 'CUYOCUYO', 171),
	(1688, 'LIMBANI', 171),
	(1689, 'PATAMBUCO', 171),
	(1690, 'PHARA', 171),
	(1691, 'QUIACA', 171),
	(1692, 'SAN JUAN DEL ORO', 171),
	(1693, 'YANAHUAYA', 171),
	(1694, 'ALTO INAMBARI', 171),
	(1695, 'YUNGUYO', 172),
	(1696, 'ANAPIA', 172),
	(1697, 'COPANI', 172),
	(1698, 'CUTURAPI', 172),
	(1699, 'OLLARAYA', 172),
	(1700, 'TINICACHI', 172),
	(1701, 'UNICACHI', 172),
	(1702, 'MOYOBAMBA', 173),
	(1703, 'CALZADA', 173),
	(1704, 'HABANA', 173),
	(1705, 'JEPELACIO', 173),
	(1706, 'SORITOR', 173),
	(1707, 'YANTALO', 173),
	(1708, 'BELLAVISTA', 174),
	(1709, 'ALTO BIAVO', 174),
	(1710, 'BAJO BIAVO', 174),
	(1711, 'HUALLAGA', 174),
	(1712, 'SAN PABLO', 174),
	(1713, 'SAN RAFAEL', 174),
	(1714, 'SAN JOSE DE SISA', 175),
	(1715, 'AGUA BLANCA', 175),
	(1716, 'SAN MARTIN', 175),
	(1717, 'SANTA ROSA', 175),
	(1718, 'SHATOJA', 175),
	(1719, 'SAPOSOA', 176),
	(1720, 'ALTO SAPOSOA', 176),
	(1721, 'EL ESLABON', 176),
	(1722, 'PISCOYACU', 176),
	(1723, 'SACANCHE', 176),
	(1724, 'TINGO DE SAPOSOA', 176),
	(1725, 'LAMAS', 177),
	(1726, 'ALONSO DE ALVARADO', 177),
	(1727, 'BARRANQUITA', 177),
	(1728, 'CAYNARACHI', 177),
	(1729, 'CU&Ntilde;UMBUQUI', 177),
	(1730, 'PINTO RECODO', 177),
	(1731, 'RUMISAPA', 177),
	(1732, 'SAN ROQUE DE CUMBAZA', 177),
	(1733, 'SHANAO', 177),
	(1734, 'TABALOSOS', 177),
	(1735, 'ZAPATERO', 177),
	(1736, 'JUANJUI', 178),
	(1737, 'CAMPANILLA', 178),
	(1738, 'HUICUNGO', 178),
	(1739, 'PACHIZA', 178),
	(1740, 'PAJARILLO', 178),
	(1741, 'PICOTA', 179),
	(1742, 'BUENOS AIRES', 179),
	(1743, 'CASPISAPA', 179),
	(1744, 'PILLUANA', 179),
	(1745, 'PUCACACA', 179),
	(1746, 'SAN CRISTOBAL', 179),
	(1747, 'SAN HILARION', 179),
	(1748, 'SHAMBOYACU', 179),
	(1749, 'TINGO DE PONASA', 179),
	(1750, 'TRES UNIDOS', 179),
	(1751, 'RIOJA', 180),
	(1752, 'AWAJUN', 180),
	(1753, 'ELIAS SOPLIN VARGAS', 180),
	(1754, 'NUEVA CAJAMARCA', 180),
	(1755, 'PARDO MIGUEL', 180),
	(1756, 'POSIC', 180),
	(1757, 'SAN FERNANDO', 180),
	(1758, 'YORONGOS', 180),
	(1759, 'YURACYACU', 180),
	(1760, 'TARAPOTO', 181),
	(1761, 'ALBERTO LEVEAU', 181),
	(1762, 'CACATACHI', 181),
	(1763, 'CHAZUTA', 181),
	(1764, 'CHIPURANA', 181),
	(1765, 'EL PORVENIR', 181),
	(1766, 'HUIMBAYOC', 181),
	(1767, 'JUAN GUERRA', 181),
	(1768, 'LA BANDA DE SHILCAYO', 181),
	(1769, 'MORALES', 181),
	(1770, 'PAPAPLAYA', 181),
	(1771, 'SAN ANTONIO', 181),
	(1772, 'SAUCE', 181),
	(1773, 'SHAPAJA', 181),
	(1774, 'TOCACHE', 182),
	(1775, 'NUEVO PROGRESO', 182),
	(1776, 'POLVORA', 182),
	(1777, 'SHUNTE', 182),
	(1778, 'UCHIZA', 182),
	(1779, 'TACNA', 183),
	(1780, 'ALTO DE LA ALIANZA', 183),
	(1781, 'CALANA', 183),
	(1782, 'CIUDAD NUEVA', 183),
	(1783, 'INCLAN', 183),
	(1784, 'PACHIA', 183),
	(1785, 'PALCA', 183),
	(1786, 'POCOLLAY', 183),
	(1787, 'SAMA', 183),
	(1788, 'CORONEL GREGORIO ALBARRACIN LANCHIPA', 183),
	(1789, 'CANDARAVE', 184),
	(1790, 'CAIRANI', 184),
	(1791, 'CAMILACA', 184),
	(1792, 'CURIBAYA', 184),
	(1793, 'HUANUARA', 184),
	(1794, 'QUILAHUANI', 184),
	(1795, 'LOCUMBA', 185),
	(1796, 'ILABAYA', 185),
	(1797, 'ITE', 185),
	(1798, 'TARATA', 186),
	(1799, 'CHUCATAMANI', 186),
	(1800, 'ESTIQUE', 186),
	(1801, 'ESTIQUE-PAMPA', 186),
	(1802, 'SITAJARA', 186),
	(1803, 'SUSAPAYA', 186),
	(1804, 'TARUCACHI', 186),
	(1805, 'TICACO', 186),
	(1806, 'TUMBES', 187),
	(1807, 'CORRALES', 187),
	(1808, 'LA CRUZ', 187),
	(1809, 'PAMPAS DE HOSPITAL', 187),
	(1810, 'SAN JACINTO', 187),
	(1811, 'SAN JUAN DE LA VIRGEN', 187),
	(1812, 'ZORRITOS', 188),
	(1813, 'CASITAS', 188),
	(1814, 'ZARUMILLA', 189),
	(1815, 'AGUAS VERDES', 189),
	(1816, 'MATAPALO', 189),
	(1817, 'PAPAYAL', 189),
	(1818, 'CALLERIA', 190),
	(1819, 'CAMPOVERDE', 190),
	(1820, 'IPARIA', 190),
	(1821, 'MASISEA', 190),
	(1822, 'YARINACOCHA', 190),
	(1823, 'NUEVA REQUENA', 190),
	(1824, 'RAYMONDI', 191),
	(1825, 'SEPAHUA', 191),
	(1826, 'TAHUANIA', 191),
	(1827, 'YURUA', 191),
	(1828, 'PADRE ABAD', 192),
	(1829, 'IRAZOLA', 192),
	(1830, 'CURIMANA', 192),
	(1831, 'PURUS', 193);
/*!40000 ALTER TABLE `ubdistrito` ENABLE KEYS */;

-- Volcando estructura para tabla db_academico.ubprovincia
CREATE TABLE IF NOT EXISTS `ubprovincia` (
  `idProv` int(5) NOT NULL DEFAULT '0',
  `provincia` varchar(50) DEFAULT NULL,
  `idDepa` int(5) DEFAULT NULL,
  PRIMARY KEY (`idProv`)
) ENGINE=MyISAM DEFAULT CHARSET=utf8;

-- Volcando datos para la tabla db_academico.ubprovincia: 193 rows
/*!40000 ALTER TABLE `ubprovincia` DISABLE KEYS */;
INSERT INTO `ubprovincia` (`idProv`, `provincia`, `idDepa`) VALUES
	(1, 'CHACHAPOYAS ', 1),
	(2, 'BAGUA', 1),
	(3, 'BONGARA', 1),
	(4, 'CONDORCANQUI', 1),
	(5, 'LUYA', 1),
	(6, 'RODRIGUEZ DE MENDOZA', 1),
	(7, 'UTCUBAMBA', 1),
	(8, 'HUARAZ', 2),
	(9, 'AIJA', 2),
	(10, 'ANTONIO RAYMONDI', 2),
	(11, 'ASUNCION', 2),
	(12, 'BOLOGNESI', 2),
	(13, 'CARHUAZ', 2),
	(14, 'CARLOS FERMIN FITZCARRALD', 2),
	(15, 'CASMA', 2),
	(16, 'CORONGO', 2),
	(17, 'HUARI', 2),
	(18, 'HUARMEY', 2),
	(19, 'HUAYLAS', 2),
	(20, 'MARISCAL LUZURIAGA', 2),
	(21, 'OCROS', 2),
	(22, 'PALLASCA', 2),
	(23, 'POMABAMBA', 2),
	(24, 'RECUAY', 2),
	(25, 'SANTA', 2),
	(26, 'SIHUAS', 2),
	(27, 'YUNGAY', 2),
	(28, 'ABANCAY', 3),
	(29, 'ANDAHUAYLAS', 3),
	(30, 'ANTABAMBA', 3),
	(31, 'AYMARAES', 3),
	(32, 'COTABAMBAS', 3),
	(33, 'CHINCHEROS', 3),
	(34, 'GRAU', 3),
	(35, 'AREQUIPA', 4),
	(36, 'CAMANA', 4),
	(37, 'CARAVELI', 4),
	(38, 'CASTILLA', 4),
	(39, 'CAYLLOMA', 4),
	(40, 'CONDESUYOS', 4),
	(41, 'ISLAY', 4),
	(42, 'LA UNION', 4),
	(43, 'HUAMANGA', 5),
	(44, 'CANGALLO', 5),
	(45, 'HUANCA SANCOS', 5),
	(46, 'HUANTA', 5),
	(47, 'LA MAR', 5),
	(48, 'LUCANAS', 5),
	(49, 'PARINACOCHAS', 5),
	(50, 'PAUCAR DEL SARA SARA', 5),
	(51, 'SUCRE', 5),
	(52, 'VICTOR FAJARDO', 5),
	(53, 'VILCAS HUAMAN', 5),
	(54, 'CAJAMARCA', 6),
	(55, 'CAJABAMBA', 6),
	(56, 'CELENDIN', 6),
	(57, 'CHOTA ', 6),
	(58, 'CONTUMAZA', 6),
	(59, 'CUTERVO', 6),
	(60, 'HUALGAYOC', 6),
	(61, 'JAEN', 6),
	(62, 'SAN IGNACIO', 6),
	(63, 'SAN MARCOS', 6),
	(64, 'SAN PABLO', 6),
	(65, 'SANTA CRUZ', 6),
	(66, 'CALLAO', 7),
	(67, 'CUSCO', 8),
	(68, 'ACOMAYO', 8),
	(69, 'ANTA', 8),
	(70, 'CALCA', 8),
	(71, 'CANAS', 8),
	(72, 'CANCHIS', 8),
	(73, 'CHUMBIVILCAS', 8),
	(74, 'ESPINAR', 8),
	(75, 'LA CONVENCION', 8),
	(76, 'PARURO', 8),
	(77, 'PAUCARTAMBO', 8),
	(78, 'QUISPICANCHI', 8),
	(79, 'URUBAMBA', 8),
	(80, 'HUANCAVELICA', 9),
	(81, 'ACOBAMBA', 9),
	(82, 'ANGARAES', 9),
	(83, 'CASTROVIRREYNA', 9),
	(84, 'CHURCAMPA', 9),
	(85, 'HUAYTARA', 9),
	(86, 'TAYACAJA', 9),
	(87, 'HUANUCO', 10),
	(88, 'AMBO', 10),
	(89, 'DOS DE MAYO', 10),
	(90, 'HUACAYBAMBA', 10),
	(91, 'HUAMALIES', 10),
	(92, 'LEONCIO PRADO', 10),
	(93, 'MARA&Ntilde;ON', 10),
	(94, 'PACHITEA', 10),
	(95, 'PUERTO INCA', 10),
	(96, 'LAURICOCHA', 10),
	(97, 'YAROWILCA', 10),
	(98, 'ICA', 11),
	(99, 'CHINCHA', 11),
	(100, 'NAZCA', 11),
	(101, 'PALPA', 11),
	(102, 'PISCO', 11),
	(103, 'HUANCAYO', 12),
	(104, 'CONCEPCION', 12),
	(105, 'CHANCHAMAYO', 12),
	(106, 'JAUJA', 12),
	(107, 'JUNIN', 12),
	(108, 'SATIPO', 12),
	(109, 'TARMA', 12),
	(110, 'YAULI', 12),
	(111, 'CHUPACA', 12),
	(112, 'TRUJILLO', 13),
	(113, 'ASCOPE', 13),
	(114, 'BOLIVAR', 13),
	(115, 'CHEPEN', 13),
	(116, 'JULCAN', 13),
	(117, 'OTUZCO', 13),
	(118, 'PACASMAYO', 13),
	(119, 'PATAZ', 13),
	(120, 'SANCHEZ CARRION', 13),
	(121, 'SANTIAGO DE CHUCO', 13),
	(122, 'GRAN CHIMU', 13),
	(123, 'VIRU', 13),
	(124, 'CHICLAYO', 14),
	(125, 'FERRE&Ntilde;AFE', 14),
	(126, 'LAMBAYEQUE', 14),
	(127, 'LIMA', 15),
	(128, 'BARRANCA', 15),
	(129, 'CAJATAMBO', 15),
	(130, 'CANTA', 15),
	(131, 'CA&Ntilde;ETE', 15),
	(132, 'HUARAL', 15),
	(133, 'HUAROCHIRI', 15),
	(134, 'HUAURA', 15),
	(135, 'OYON', 15),
	(136, 'YAUYOS', 15),
	(137, 'MAYNAS', 16),
	(138, 'ALTO AMAZONAS', 16),
	(139, 'LORETO', 16),
	(140, 'MARISCAL RAMON CASTILLA', 16),
	(141, 'REQUENA', 16),
	(142, 'UCAYALI', 16),
	(143, 'TAMBOPATA', 17),
	(144, 'MANU', 17),
	(145, 'TAHUAMANU', 17),
	(146, 'MARISCAL NIETO', 18),
	(147, 'GENERAL SANCHEZ CERRO', 18),
	(148, 'ILO', 18),
	(149, 'PASCO', 19),
	(150, 'DANIEL ALCIDES CARRION', 19),
	(151, 'OXAPAMPA', 19),
	(152, 'PIURA', 20),
	(153, 'AYABACA', 20),
	(154, 'HUANCABAMBA', 20),
	(155, 'MORROPON', 20),
	(156, 'PAITA', 20),
	(157, 'SULLANA', 20),
	(158, 'TALARA', 20),
	(159, 'SECHURA', 20),
	(160, 'PUNO', 21),
	(161, 'AZANGARO', 21),
	(162, 'CARABAYA', 21),
	(163, 'CHUCUITO', 21),
	(164, 'EL COLLAO', 21),
	(165, 'HUANCANE', 21),
	(166, 'LAMPA', 21),
	(167, 'MELGAR', 21),
	(168, 'MOHO', 21),
	(169, 'SAN ANTONIO DE PUTINA', 21),
	(170, 'SAN ROMAN', 21),
	(171, 'SANDIA', 21),
	(172, 'YUNGUYO', 21),
	(173, 'MOYOBAMBA', 22),
	(174, 'BELLAVISTA', 22),
	(175, 'EL DORADO', 22),
	(176, 'HUALLAGA', 22),
	(177, 'LAMAS', 22),
	(178, 'MARISCAL CACERES', 22),
	(179, 'PICOTA', 22),
	(180, 'RIOJA', 22),
	(181, 'SAN MARTIN', 22),
	(182, 'TOCACHE', 22),
	(183, 'TACNA', 23),
	(184, 'CANDARAVE', 23),
	(185, 'JORGE BASADRE', 23),
	(186, 'TARATA', 23),
	(187, 'TUMBES', 24),
	(188, 'CONTRALMIRANTE VILLAR', 24),
	(189, 'ZARUMILLA', 24),
	(190, 'CORONEL PORTILLO', 25),
	(191, 'ATALAYA', 25),
	(192, 'PADRE ABAD', 25),
	(193, 'PURUS', 25);
/*!40000 ALTER TABLE `ubprovincia` ENABLE KEYS */;

-- Volcando estructura para tabla db_academico.users
CREATE TABLE IF NOT EXISTS `users` (
  `id` bigint(20) NOT NULL AUTO_INCREMENT,
  `per_id` int(11) DEFAULT NULL,
  `rol_id` int(11) DEFAULT NULL,
  `name` varchar(255) DEFAULT NULL,
  `email` varchar(255) DEFAULT NULL,
  `email_verified_at` timestamp NULL DEFAULT NULL,
  `password` varchar(255) DEFAULT NULL,
  `estado` char(1) DEFAULT '0' COMMENT '1: Habilitado; 0:Deshabilitado',
  `is_deleted` char(1) DEFAULT '0' COMMENT '1: Eliminado; 0:No Eliminado',
  `remenber_token` varchar(100) DEFAULT NULL,
  `created_at` timestamp NULL DEFAULT NULL,
  `updated_at` timestamp NULL DEFAULT NULL,
  PRIMARY KEY (`id`),
  UNIQUE KEY `Índice 4` (`email`),
  KEY `usuarios_ibfk_1` (`per_id`),
  KEY `FK_usuarios_roles` (`rol_id`),
  CONSTRAINT `FK_users_persona` FOREIGN KEY (`per_id`) REFERENCES `persona` (`per_id`) ON DELETE CASCADE ON UPDATE CASCADE,
  CONSTRAINT `FK_usuarios_roles` FOREIGN KEY (`rol_id`) REFERENCES `roles` (`rol_id`) ON DELETE CASCADE ON UPDATE CASCADE
) ENGINE=InnoDB AUTO_INCREMENT=5 DEFAULT CHARSET=latin1;

-- Volcando datos para la tabla db_academico.users: ~2 rows (aproximadamente)
INSERT INTO `users` (`id`, `per_id`, `rol_id`, `name`, `email`, `email_verified_at`, `password`, `estado`, `is_deleted`, `remenber_token`, `created_at`, `updated_at`) VALUES
	(1, NULL, 1, 'Administrador', 'admin@gmail.com', NULL, '$2y$10$lWTVFIj0DfFYKpm9N8g1ieaKFpYXSeMptmcT7JIAghLoy/LXwGItW', '1', '0', NULL, NULL, NULL),
	(3, 2, 2, 'Jhon Cruzado', 'jhonpaulcruzadodelacruz@gmail.com', NULL, '$2y$10$w4C1sQS75RxxGumDR53f8eebgZ1NN9eg77.Mj7PBxX0jn7gQRb63q', '1', '0', NULL, '2022-11-23 05:01:55', '2022-11-23 05:01:55'),
	(4, 2, 3, 'Paul Cruzado', 'jhoncruzadount@gmail.com', NULL, '$2y$10$5FzTDrjaiHZEzISam0BfVuTr8IUqW0L1aqgxAssA2dCOKjER6aQ2u', '1', '1', NULL, '2022-11-23 08:25:09', '2022-11-23 20:25:59');

/*!40103 SET TIME_ZONE=IFNULL(@OLD_TIME_ZONE, 'system') */;
/*!40101 SET SQL_MODE=IFNULL(@OLD_SQL_MODE, '') */;
/*!40014 SET FOREIGN_KEY_CHECKS=IFNULL(@OLD_FOREIGN_KEY_CHECKS, 1) */;
/*!40101 SET CHARACTER_SET_CLIENT=@OLD_CHARACTER_SET_CLIENT */;
/*!40111 SET SQL_NOTES=IFNULL(@OLD_SQL_NOTES, 1) */;
